/* CREATING STUDENTS/TEACHERS-USERS */

insert into Users (User_id, Username, Password, Date_of_birth, Full_name, Creation_date, Email) values (1, 'student', 'student', '2005-01-01', 'Cassandry Rudwell', '2023-04-20', 'crudwell0@seesaa.net');
insert into Users (User_id, Username, Password, Date_of_birth, Full_name, Creation_date, Email) values (2, 'lfreyn1', 'f5GgXhIHSfH7', '2005-01-02', 'Lewiss Freyn', '2021-12-08', 'lfreyn1@wordpress.org');
insert into Users (User_id, Username, Password, Date_of_birth, Full_name, Creation_date, Email) values (3, 'mstilliard2', 'rGJCHZsR', '2005-01-03', 'Monica Stilliard', '2023-03-28', 'mstilliard2@apple.com');
insert into Users (User_id, Username, Password, Date_of_birth, Full_name, Creation_date, Email) values (4, 'lties3', 'BaBmirSDCd', '2005-01-04', 'Lilly Ties', '2021-07-26', 'lties3@oaic.gov.au');
insert into Users (User_id, Username, Password, Date_of_birth, Full_name, Creation_date, Email) values (5, 'aody4', 'FNxdyPGQ', '2005-01-05', 'Audy Ody', '2022-04-11', 'aody4@google.nl');
insert into Users (User_id, Username, Password, Date_of_birth, Full_name, Creation_date, Email) values (6, 'nolczyk5', '29rwwms', '2005-01-06', 'Nessy Olczyk', '2022-09-23', 'nolczyk5@networkadvertising.org');
insert into Users (User_id, Username, Password, Date_of_birth, Full_name, Creation_date, Email) values (7, 'koldroyd6', 'i6szDDL2', '2005-01-07', 'Krystle Oldroyd', '2022-11-28', 'koldroyd6@altervista.org');
insert into Users (User_id, Username, Password, Date_of_birth, Full_name, Creation_date, Email) values (8, 'dparke7', 'tahkAXX', '2005-01-08', 'Dru Parke', '2023-04-02', 'dparke7@free.fr');
insert into Users (User_id, Username, Password, Date_of_birth, Full_name, Creation_date, Email) values (9, 'phearley8', 'onUlOrxlLA', '2005-01-09', 'Patton Hearley', '2022-04-08', 'phearley8@clickbank.net');
insert into Users (User_id, Username, Password, Date_of_birth, Full_name, Creation_date, Email) values (10, 'ssheron9', 'dM7w6VdKG2', '2005-01-10', 'Skippie Sheron', '2022-05-12', 'ssheron9@whitehouse.gov');
insert into Users (User_id, Username, Password, Date_of_birth, Full_name, Creation_date, Email) values (11, 'njewela', 'dwS3QvU', '2005-01-11', 'Nikki Jewel', '2023-04-13', 'njewela@list-manage.com');
insert into Users (User_id, Username, Password, Date_of_birth, Full_name, Creation_date, Email) values (12, 'sbenardb', '8ONX3rzn', '2005-01-12', 'Seline Benard', '2021-10-13', 'sbenardb@parallels.com');
insert into Users (User_id, Username, Password, Date_of_birth, Full_name, Creation_date, Email) values (13, 'lskitralc', 'lxAi5j', '2006-01-01', 'Lanny Skitral', '2021-03-07', 'lskitralc@whitehouse.gov');
insert into Users (User_id, Username, Password, Date_of_birth, Full_name, Creation_date, Email) values (14, 'skettlestingd', 'pGbWOeIoI', '2006-01-02', 'Stormi Kettlesting', '2022-04-10', 'skettlestingd@goo.gl');
insert into Users (User_id, Username, Password, Date_of_birth, Full_name, Creation_date, Email) values (15, 'okyndere', 'ZT8e3Y', '2006-01-03', 'Odele Kynder', '2022-10-31', 'okyndere@amazonaws.com');
insert into Users (User_id, Username, Password, Date_of_birth, Full_name, Creation_date, Email) values (16, 'mkiesself', 'rKkVbk5wUI', '2006-01-04', 'Mirabel Kiessel', '2022-04-04', 'mkiesself@bandcamp.com');
insert into Users (User_id, Username, Password, Date_of_birth, Full_name, Creation_date, Email) values (17, 'akoppeg', 'UfF4SaQUyAFb', '2006-01-05', 'Angelica Koppe', '2022-02-10', 'akoppeg@altervista.org');
insert into Users (User_id, Username, Password, Date_of_birth, Full_name, Creation_date, Email) values (18, 'astonebanksh', '3Okrk8d6Sh88', '2006-01-06', 'Audrie Stonebanks', '2022-04-02', 'astonebanksh@ibm.com');
insert into Users (User_id, Username, Password, Date_of_birth, Full_name, Creation_date, Email) values (19, 'cskucei', 'JN9ygBw67P', '2006-01-07', 'Celine Skuce', '2021-08-13', 'cskucei@google.com.hk');
insert into Users (User_id, Username, Password, Date_of_birth, Full_name, Creation_date, Email) values (20, 'wtatej', 'hPL8OiWc0nCl', '2006-01-08', 'Wiatt Tate', '2023-03-17', 'wtatej@nih.gov');
insert into Users (User_id, Username, Password, Date_of_birth, Full_name, Creation_date, Email) values (21, 'flustyk', 'r7zdJdV2L', '2006-01-09', 'Fonz Lusty', '2021-09-24', 'flustyk@yandex.ru');
insert into Users (User_id, Username, Password, Date_of_birth, Full_name, Creation_date, Email) values (22, 'lverdonl', 'afL1Zor', '2006-01-10', 'Loria Verdon', '2022-11-03', 'lverdonl@cmu.edu');
insert into Users (User_id, Username, Password, Date_of_birth, Full_name, Creation_date, Email) values (23, 'mgallegosm', 'wYBROHbj', '2006-01-11', 'Marty Gallegos', '2021-07-31', 'mgallegosm@google.ru');
insert into Users (User_id, Username, Password, Date_of_birth, Full_name, Creation_date, Email) values (24, 'ipoolyn', 'DejgPUW3VvO', '2006-01-12', 'Isabella Pooly', '2021-08-13', 'ipoolyn@topsy.com');
insert into Users (User_id, Username, Password, Date_of_birth, Full_name, Creation_date, Email) values (25, 'gtordiffeo', 'nmCyySMJSVVf', '2007-01-01', 'Glyn Tordiffe', '2021-06-08', 'gtordiffeo@seesaa.net');
insert into Users (User_id, Username, Password, Date_of_birth, Full_name, Creation_date, Email) values (26, 'scuffleyp', 'nH6t1EMUKh7t', '2007-01-02', 'Silvanus Cuffley', '2021-12-14', 'scuffleyp@multiply.com');
insert into Users (User_id, Username, Password, Date_of_birth, Full_name, Creation_date, Email) values (27, 'opietrzakq', 'AZWl6W003bYQ', '2007-01-03', 'Olenka Pietrzak', '2022-09-19', 'opietrzakq@xing.com');
insert into Users (User_id, Username, Password, Date_of_birth, Full_name, Creation_date, Email) values (28, 'cmaccallumr', '99MOtzPqrSb', '2007-01-04', 'Charles MacCallum', '2022-11-15', 'cmaccallumr@last.fm');
insert into Users (User_id, Username, Password, Date_of_birth, Full_name, Creation_date, Email) values (29, 'clillecraps', 'xRweDtg', '2007-01-05', 'Catlin Lillecrap', '2022-03-14', 'clillecraps@webeden.co.uk');
insert into Users (User_id, Username, Password, Date_of_birth, Full_name, Creation_date, Email) values (30, 'amckayt', 'VmTzLS', '2007-01-06', 'Archibald McKay', '2021-12-06', 'amckayt@state.gov');
insert into Users (User_id, Username, Password, Date_of_birth, Full_name, Creation_date, Email) values (31, 'chazlehurstu', 'SeqF34DQExBb', '2007-01-07', 'Chrisse Hazlehurst', '2021-06-12', 'chazlehurstu@godaddy.com');
insert into Users (User_id, Username, Password, Date_of_birth, Full_name, Creation_date, Email) values (32, 'hconellyv', '5O7EwAT', '2007-01-08', 'Heinrick Conelly', '2021-02-07', 'hconellyv@nytimes.com');
insert into Users (User_id, Username, Password, Date_of_birth, Full_name, Creation_date, Email) values (33, 'aoganw', 'rtQ9rg', '2007-01-09', 'Agnesse Ogan', '2021-04-12', 'aoganw@quantcast.com');
insert into Users (User_id, Username, Password, Date_of_birth, Full_name, Creation_date, Email) values (34, 'clechmerex', 'vdqmlHQ', '2007-01-10', 'Cristiano Lechmere', '2023-02-28', 'clechmerex@amazon.de');
insert into Users (User_id, Username, Password, Date_of_birth, Full_name, Creation_date, Email) values (35, 'kiveaghy', 'ZgpKiO1VesD', '2007-01-11', 'Karlan Iveagh', '2021-09-07', 'kiveaghy@addtoany.com');
insert into Users (User_id, Username, Password, Date_of_birth, Full_name, Creation_date, Email) values (36, 'pkenninghamz', 'wOZlZCpiwl', '2007-01-12', 'Parnell Kenningham', '2021-08-27', 'pkenninghamz@wikispaces.com');
insert into Users (User_id, Username, Password, Date_of_birth, Full_name, Creation_date, Email) values (37, 'astubbes10', 'TBqgqEr', '2008-01-01', 'Amalia Stubbes', '2023-06-03', 'astubbes10@zdnet.com');
insert into Users (User_id, Username, Password, Date_of_birth, Full_name, Creation_date, Email) values (38, 'kgregon11', 'zgmnUJ', '2008-01-02', 'Kimbra Gregon', '2021-06-07', 'kgregon11@weibo.com');
insert into Users (User_id, Username, Password, Date_of_birth, Full_name, Creation_date, Email) values (39, 'akeasy12', 'KAYgUB', '2008-01-03', 'Alicia Keasy', '2022-05-20', 'akeasy12@example.com');
insert into Users (User_id, Username, Password, Date_of_birth, Full_name, Creation_date, Email) values (40, 'gsonier13', 'qxVJPxZ8j', '2008-01-04', 'Granny Sonier', '2022-09-05', 'gsonier13@lulu.com');
insert into Users (User_id, Username, Password, Date_of_birth, Full_name, Creation_date, Email) values (41, 'jcowndley14', 'rjnFwbN4k', '2008-01-05', 'Jarred Cowndley', '2023-04-25', 'jcowndley14@wix.com');
insert into Users (User_id, Username, Password, Date_of_birth, Full_name, Creation_date, Email) values (42, 'tschimaschke15', 'Uj53n0', '2008-01-06', 'Tybalt Schimaschke', '2022-02-02', 'tschimaschke15@g.co');
insert into Users (User_id, Username, Password, Date_of_birth, Full_name, Creation_date, Email) values (43, 'aszymanowicz16', '7AXg258W', '2008-01-07', 'Ashlee Szymanowicz', '2022-12-27', 'aszymanowicz16@hatena.ne.jp');
insert into Users (User_id, Username, Password, Date_of_birth, Full_name, Creation_date, Email) values (44, 'brentilll17', 'ZIXn6MW', '2008-01-08', 'Brigida Rentilll', '2021-05-25', 'brentilll17@wordpress.org');
insert into Users (User_id, Username, Password, Date_of_birth, Full_name, Creation_date, Email) values (45, 'eyushin18', 'HMEI1N', '2008-01-09', 'Erl Yushin', '2022-02-13', 'eyushin18@xrea.com');
insert into Users (User_id, Username, Password, Date_of_birth, Full_name, Creation_date, Email) values (46, 'tlantry19', 'IJfno3GnK0', '2008-01-10', 'Tibold Lantry', '2022-02-27', 'tlantry19@umn.edu');
insert into Users (User_id, Username, Password, Date_of_birth, Full_name, Creation_date, Email) values (47, 'nlorence1a', 't2X0kc', '2005-01-01', 'Nevile Lorence', '2022-01-27', 'nlorence1a@mozilla.org');
insert into Users (User_id, Username, Password, Date_of_birth, Full_name, Creation_date, Email) values (48, 'mlabadini1b', 'Z7VuXXXYVsOu', '2005-01-02', 'Morie Labadini', '2022-02-21', 'mlabadini1b@imdb.com');
insert into Users (User_id, Username, Password, Date_of_birth, Full_name, Creation_date, Email) values (49, 'amonsey1c', 'Ek3puNOstgG0', '2005-01-03', 'Abigale Monsey', '2022-02-26', 'amonsey1c@simplemachines.org');
insert into Users (User_id, Username, Password, Date_of_birth, Full_name, Creation_date, Email) values (50, 'rlever1d', '4ZuWuF', '2005-01-04', 'Rem Lever', '2021-12-28', 'rlever1d@senate.gov');
insert into Users (User_id, Username, Password, Date_of_birth, Full_name, Creation_date, Email) values (51, 'hbartak1e', '6USQtz', '2005-01-05', 'Humfrey Bartak', '2023-06-02', 'hbartak1e@gravatar.com');
insert into Users (User_id, Username, Password, Date_of_birth, Full_name, Creation_date, Email) values (52, 'dbradnam1f', 'M3OB819', '2005-01-06', 'Dallas Bradnam', '2022-03-01', 'dbradnam1f@nymag.com');
insert into Users (User_id, Username, Password, Date_of_birth, Full_name, Creation_date, Email) values (53, 'rfrowen1g', 'tfn8UQrljjeJ', '2005-01-07', 'Ricardo Frowen', '2022-01-06', 'rfrowen1g@123-reg.co.uk');
insert into Users (User_id, Username, Password, Date_of_birth, Full_name, Creation_date, Email) values (54, 'tbriant1h', '9vbjEZ', '2005-01-08', 'Teresa Briant', '2022-08-15', 'tbriant1h@com.com');
insert into Users (User_id, Username, Password, Date_of_birth, Full_name, Creation_date, Email) values (55, 'estodit1i', 't70GT4NN', '2005-01-09', 'Eydie Stodit', '2021-01-06', 'estodit1i@google.co.uk');
insert into Users (User_id, Username, Password, Date_of_birth, Full_name, Creation_date, Email) values (56, 'cbernolet1j', 'DexhZI', '2005-01-10', 'Coleman Bernolet', '2023-04-25', 'cbernolet1j@delicious.com');
insert into Users (User_id, Username, Password, Date_of_birth, Full_name, Creation_date, Email) values (57, 'jwiggam1k', 'Xkt3wcW', '2005-01-11', 'Jeromy Wiggam', '2022-05-31', 'jwiggam1k@dot.gov');
insert into Users (User_id, Username, Password, Date_of_birth, Full_name, Creation_date, Email) values (58, 'htootin1l', 'ugylqX0M', '2005-01-12', 'Hewet Tootin', '2021-04-09', 'htootin1l@reddit.com');
insert into Users (User_id, Username, Password, Date_of_birth, Full_name, Creation_date, Email) values (59, 'tgunbie1m', 'QGsp071e', '2006-01-01', 'Tonya Gunbie', '2021-09-27', 'tgunbie1m@npr.org');
insert into Users (User_id, Username, Password, Date_of_birth, Full_name, Creation_date, Email) values (60, 'cfurse1n', 'nnfnt6QZPgwf', '2006-01-02', 'Cariotta Furse', '2021-09-15', 'cfurse1n@t.co');
insert into Users (User_id, Username, Password, Date_of_birth, Full_name, Creation_date, Email) values (61, 'ghackworth0', 'rSQZ6qz02wYZ', '1958-12-06', 'Gardiner Hackworth', '2021-07-19', 'ghackworth0@yellowpages.com');
insert into Users (User_id, Username, Password, Date_of_birth, Full_name, Creation_date, Email) values (62, 'dmelwall1', 'jxoHLB1h', '1962-11-28', 'Damita Melwall', '2023-04-22', 'dmelwall1@plala.or.jp');
insert into Users (User_id, Username, Password, Date_of_birth, Full_name, Creation_date, Email) values (63, 'ocharles2', 'pgQyT9SvL', '1967-03-15', 'Ora Charles', '2021-08-28', 'ocharles2@aboutads.info');
insert into Users (User_id, Username, Password, Date_of_birth, Full_name, Creation_date, Email) values (64, 'wscolli3', 'ZPJWOs', '1971-02-08', 'Worth Scolli', '2022-10-10', 'wscolli3@reference.com');
insert into Users (User_id, Username, Password, Date_of_birth, Full_name, Creation_date, Email) values (65, 'adiggens4', 'OgMJ14', '1975-12-19', 'Alexis Diggens', '2022-04-09', 'adiggens4@vistaprint.com');
insert into Users (User_id, Username, Password, Date_of_birth, Full_name, Creation_date, Email) values (66, 'avenditto5', '6Sldv8la', '1980-06-05', 'Anica Venditto', '2022-12-29', 'avenditto5@bbb.org');
insert into Users (User_id, Username, Password, Date_of_birth, Full_name, Creation_date, Email) values (67, 'cgillise6', 'fOj6XOWlDoAy', '1984-09-23', 'Care Gillise', '2022-12-29', 'cgillise6@1und1.de');
insert into Users (User_id, Username, Password, Date_of_birth, Full_name, Creation_date, Email) values (68, 'jchallenger7', 'Jyh4u8', '1989-10-02', 'Jacques Challenger', '2023-06-03', 'jchallenger7@theguardian.com');
insert into Users (User_id, Username, Password, Date_of_birth, Full_name, Creation_date, Email) values (69, 'dcackett8', 'h6NKxduE', '1993-06-29', 'Derrick Cackett', '2022-08-27', 'dcackett8@pagesperso-orange.fr');
insert into Users (User_id, Username, Password, Date_of_birth, Full_name, Creation_date, Email) values (70, 'etaile9', 'IUXL4z7DEr', '1997-11-15', 'Eduardo Taile', '2022-01-13', 'etaile9@oaic.gov.au');
insert into Users (User_id, Username, Password, Date_of_birth, Full_name, Creation_date, Email) values (71, 'adaubneya', '0K7P0RIf', '2000-02-04', 'Antonia Daubney', '2021-10-15', 'adaubneya@va.gov');
insert into Users (User_id, Username, Password, Date_of_birth, Full_name, Creation_date, Email) values (72, 'rovettb', 'fPIi0yUE1J4', '2001-11-09', 'Rochella Ovett', '2022-05-18', 'rovettb@people.com.cn');
insert into Users (User_id, Username, Password, Date_of_birth, Full_name, Creation_date, Email) values (73, 'teacher', 'teacher', '2002-12-28', 'Joleen Hudspith', '2021-12-23', 'jhudspithc@amazon.co.jp');
insert into Users (User_id, Username, Password, Date_of_birth, Full_name, Creation_date, Email) values (74, 'jmaggiorid', 'bzFMMB', '1990-10-17', 'Jaquelyn Maggiori', '2023-04-15', 'jmaggiorid@squarespace.com');
insert into Users (User_id, Username, Password, Date_of_birth, Full_name, Creation_date, Email) values (75, 'aiddinse', 'KopqkgDSIBr', '1978-01-24', 'Andreana Iddins', '2023-05-14', 'aiddinse@google.ru');

/* CREATING LIB_OPERATORS */

insert into Users (User_id, Username, Password, Date_of_birth, Full_name, Creation_date, Email) values (76, 'operator', 'operator', '1981-02-08', 'Nikos', '2021-03-03', 'rdoust0@plala.or.jp');
insert into Users (User_id, Username, Password, Date_of_birth, Full_name, Creation_date, Email) values (77, 'gadamoli1', 'EKuj9sKxU', '1982-02-11', 'Thanasis', '2021-02-21', 'cpoad1@google.com.au');
insert into Users (User_id, Username, Password, Date_of_birth, Full_name, Creation_date, Email) values (78, 'hdebeauchamp2', '8duh7ItoqKZ', '1990-06-09', 'Giwrgos', '2021-01-15', 'bklesse2@wikispaces.com');
insert into Users (User_id, Username, Password, Date_of_birth, Full_name, Creation_date, Email) values (79, 'mlavallie3', 'SgbcrC7ghuw4', '1987-04-11', 'Petros', '2021-01-22', 'dbickerstasse3@sun.com');
insert into Users (User_id, Username, Password, Date_of_birth, Full_name, Creation_date, Email) values (80, 'vvivien4', 'Imhiti', '1982-04-19', 'Takis', '2021-03-25', 'fegglestone4@comcast.net');

/* CREATING ADMINISTRATOR */

insert into Users (User_id, Username, Password, Date_of_birth, Full_name, Creation_date, Email) values (81, 'admin', 'admin', '1162-08-25', 'Genghis Khan', '0001-01-01', 'gkhan@mongol.mn');

/* INSERTING ADMINISTRATOR */

insert into Administrator (User_id) VALUES (81);

/* CREATING SCHOOLS */

insert into School_dep (Address, City, Phone_number, Email, Director_name) values ('54 Westerfield Point', 'Changzheng', '457-846-5649', 'vdewane0@google.es', 'Vince Dewane');
insert into School_dep (Address, City, Phone_number, Email, Director_name) values ('22 Pine View Pass', 'Bindura', '795-797-7394', 'thanselmann1@columbia.edu', 'Thorn Hanselmann');
insert into School_dep (Address, City, Phone_number, Email, Director_name) values ('5727 Meadow Ridge Street', 'Krajan Satu', '767-333-5736', 'caldrin2@patch.com', 'Camey Aldrin');
insert into School_dep (Address, City, Phone_number, Email, Director_name) values ('35 Dryden Pass', 'San Francisco de la Paz', '552-294-8396', 'ctevlin3@weebly.com', 'Celeste Tevlin');
insert into School_dep (Address, City, Phone_number, Email, Director_name) values ('44 Briar Crest Crossing', 'Kissidougou', '765-681-1784', 'sgillean4@jiathis.com', 'Stephanie Gillean');

/* SORTING BASIC_USERS */

insert into Basic_Users (User_id, School_id, Type) values (1, 2, 'Student');
insert into Basic_Users (User_id, School_id, Type) values (2, 1, 'Student');
insert into Basic_Users (User_id, School_id, Type) values (3, 4, 'Student');
insert into Basic_Users (User_id, School_id, Type) values (4, 3, 'Student');
insert into Basic_Users (User_id, School_id, Type) values (5, 2, 'Student');
insert into Basic_Users (User_id, School_id, Type) values (6, 4, 'Student');
insert into Basic_Users (User_id, School_id, Type) values (7, 4, 'Student');
insert into Basic_Users (User_id, School_id, Type) values (8, 5, 'Student');
insert into Basic_Users (User_id, School_id, Type) values (9, 4, 'Student');
insert into Basic_Users (User_id, School_id, Type) values (10, 3, 'Student');
insert into Basic_Users (User_id, School_id, Type) values (11, 3, 'Student');
insert into Basic_Users (User_id, School_id, Type) values (12, 4, 'Student');
insert into Basic_Users (User_id, School_id, Type) values (13, 3, 'Student');
insert into Basic_Users (User_id, School_id, Type) values (14, 5, 'Student');
insert into Basic_Users (User_id, School_id, Type) values (15, 2, 'Student');
insert into Basic_Users (User_id, School_id, Type) values (16, 2, 'Student');
insert into Basic_Users (User_id, School_id, Type) values (17, 1, 'Student');
insert into Basic_Users (User_id, School_id, Type) values (18, 2, 'Student');
insert into Basic_Users (User_id, School_id, Type) values (19, 3, 'Student');
insert into Basic_Users (User_id, School_id, Type) values (20, 1, 'Student');
insert into Basic_Users (User_id, School_id, Type) values (21, 1, 'Student');
insert into Basic_Users (User_id, School_id, Type) values (22, 2, 'Student');
insert into Basic_Users (User_id, School_id, Type) values (23, 3, 'Student');
insert into Basic_Users (User_id, School_id, Type) values (24, 1, 'Student');
insert into Basic_Users (User_id, School_id, Type) values (25, 4, 'Student');
insert into Basic_Users (User_id, School_id, Type) values (26, 1, 'Student');
insert into Basic_Users (User_id, School_id, Type) values (27, 2, 'Student');
insert into Basic_Users (User_id, School_id, Type) values (28, 5, 'Student');
insert into Basic_Users (User_id, School_id, Type) values (29, 2, 'Student');
insert into Basic_Users (User_id, School_id, Type) values (30, 4, 'Student');
insert into Basic_Users (User_id, School_id, Type) values (31, 2, 'Student');
insert into Basic_Users (User_id, School_id, Type) values (32, 1, 'Student');
insert into Basic_Users (User_id, School_id, Type) values (33, 4, 'Student');
insert into Basic_Users (User_id, School_id, Type) values (34, 3, 'Student');
insert into Basic_Users (User_id, School_id, Type) values (35, 4, 'Student');
insert into Basic_Users (User_id, School_id, Type) values (36, 4, 'Student');
insert into Basic_Users (User_id, School_id, Type) values (37, 4, 'Student');
insert into Basic_Users (User_id, School_id, Type) values (38, 5, 'Student');
insert into Basic_Users (User_id, School_id, Type) values (39, 1, 'Student');
insert into Basic_Users (User_id, School_id, Type) values (40, 2, 'Student');
insert into Basic_Users (User_id, School_id, Type) values (41, 5, 'Student');
insert into Basic_Users (User_id, School_id, Type) values (42, 5, 'Student');
insert into Basic_Users (User_id, School_id, Type) values (43, 1, 'Student');
insert into Basic_Users (User_id, School_id, Type) values (44, 5, 'Student');
insert into Basic_Users (User_id, School_id, Type) values (45, 5, 'Student');
insert into Basic_Users (User_id, School_id, Type) values (46, 1, 'Student');
insert into Basic_Users (User_id, School_id, Type) values (47, 1, 'Student');
insert into Basic_Users (User_id, School_id, Type) values (48, 3, 'Student');
insert into Basic_Users (User_id, School_id, Type) values (49, 5, 'Student');
insert into Basic_Users (User_id, School_id, Type) values (50, 5, 'Student');
insert into Basic_Users (User_id, School_id, Type) values (51, 1, 'Student');
insert into Basic_Users (User_id, School_id, Type) values (52, 3, 'Student');
insert into Basic_Users (User_id, School_id, Type) values (53, 5, 'Student');
insert into Basic_Users (User_id, School_id, Type) values (54, 4, 'Student');
insert into Basic_Users (User_id, School_id, Type) values (55, 5, 'Student');
insert into Basic_Users (User_id, School_id, Type) values (56, 4, 'Student');
insert into Basic_Users (User_id, School_id, Type) values (57, 4, 'Student');
insert into Basic_Users (User_id, School_id, Type) values (58, 2, 'Student');
insert into Basic_Users (User_id, School_id, Type) values (59, 2, 'Student');
insert into Basic_Users (User_id, School_id, Type) values (60, 1, 'Student');
insert into Basic_Users (User_id, School_id, Type) values (61, 4, 'Teacher');
insert into Basic_Users (User_id, School_id, Type) values (62, 2, 'Teacher');
insert into Basic_Users (User_id, School_id, Type) values (63, 4, 'Teacher');
insert into Basic_Users (User_id, School_id, Type) values (64, 4, 'Teacher');
insert into Basic_Users (User_id, School_id, Type) values (65, 5, 'Teacher');
insert into Basic_Users (User_id, School_id, Type) values (66, 1, 'Teacher');
insert into Basic_Users (User_id, School_id, Type) values (67, 2, 'Teacher');
insert into Basic_Users (User_id, School_id, Type) values (68, 3, 'Teacher');
insert into Basic_Users (User_id, School_id, Type) values (69, 2, 'Teacher');
insert into Basic_Users (User_id, School_id, Type) values (70, 1, 'Teacher');
insert into Basic_Users (User_id, School_id, Type) values (71, 2, 'Teacher');
insert into Basic_Users (User_id, School_id, Type) values (72, 1, 'Teacher');
insert into Basic_Users (User_id, School_id, Type) values (73, 3, 'Teacher');
insert into Basic_Users (User_id, School_id, Type) values (74, 5, 'Teacher');
insert into Basic_Users (User_id, School_id, Type) values (75, 2, 'Teacher');

/* INSERTING LIB_OPERATORS */

insert into School_Lib_Op (User_id, School_id) values (76, 1);
insert into School_Lib_Op (User_id, School_id) values (77, 2);
insert into School_Lib_Op (User_id, School_id) values (78, 3);
insert into School_Lib_Op (User_id, School_id) values (79, 4);
insert into School_Lib_Op (User_id, School_id) values (80, 5);

/* CREATE LIBRARIES */

insert into School_Library (School_id, Operator_id) values (1, 76);
insert into School_Library (School_id, Operator_id) values (2, 77);
insert into School_Library (School_id, Operator_id) values (3, 78);
insert into School_Library (School_id, Operator_id) values (4, 79);
insert into School_Library (School_id, Operator_id) values (5, 80);

/* CREATE BOOKS */

insert into Books (ISBN, Library_id, Title, Publisher, Publication_date, Page_count, Summary, Image, Language, Keywords, Total_copies, Available_copies) values ('274258625-3', 4, 'Rapid Fire', 'Huel, Nader and Murray', '1923-02-18', 870, 'In hac habitasse platea dictumst. Etiam faucibus cursus urna. Ut tellus.

Nulla ut erat id mauris vulputate elementum. Nullam varius. Nulla facilisi.', 'data:image/png;base64,iVBORw0KGgoAAAANSUhEUgAAABAAAAAQCAYAAAAf8/9hAAAABGdBTUEAAK/INwWK6QAAABl0RVh0U29mdHdhcmUAQWRvYmUgSW1hZ2VSZWFkeXHJZTwAAAIJSURBVDjLpZM9SJVRGMd/532vetOswQgjSoW2gj4Gh4ZoiIKGwGi4EtQQ0VxLQhAOEW2NzUVLOQRBBioUakGT5CBiGhZe8aameLv3nPc9H0/DvX7hHQSf4ZzDgf/v/3/O4VEiwl4qYo+VWT/I7EdxxSVEUsRZxFvEpYhLEJ+ANXhnEKfBGg5ef6W2A7yj7lRuh4MIKKgugMBKX/fOBMlqnn0iSNCVCwUiAVAImwQVNSBW12jBOUK6gCt+g5Agklb2kEIwSDBI0NQf6iLYcg2ATwCHBANiq6KtYoOEMohD0hoJ3L/lSuRtzpoQTBWiIeiKiSvtBARvMD9GcMk0+BTE4c0a2bbDFedgEK9BQu038HoZt5Zn/5mbQCCkvyiOvUF8GaRMYXiawvAk5fm3RI2K7/2ZnssD7tkGQIlg/4yzMjTKgfN3UUoRxG6IS1OWs7mHNHScRI8PMDEy+GTwUl0p2vrfzZ23sauLrA4/r4oN4g1zQ2OcuHiD7Mxn1MtuGn++o72tJRYl9zcS4Awqjmg6dwc90U/x63viltNkWy9gl/rItnbA1QebvfceIQ6qXa0P0+LraxJsgjiDWI3TBSAiUoqpT3N0dt2i6fcHEr1AGSiuxUzOkFe7mcbR3NHe+uamR8daXCYTzVFcdMwWYm+NPFa7HecvueM9pb/z92Kv2nwseYEXVwbc0/9TqFA0aM0H7QAAAABJRU5ErkJggg==', 'Greek', 'gravida nisi at', 4, 4);
insert into Books (ISBN, Library_id, Title, Publisher, Publication_date, Page_count, Summary, Image, Language, Keywords, Total_copies, Available_copies) values ('668526087-4', 3, 'Did You Hear About the Morgans?', 'Schmidt Inc', '2017-05-14', 57, 'Sed ante. Vivamus tortor. Duis mattis egestas metus.

Aenean fermentum. Donec ut mauris eget massa tempor convallis. Nulla neque libero, convallis eget, eleifend luctus, ultricies eu, nibh.', 'data:image/png;base64,iVBORw0KGgoAAAANSUhEUgAAABAAAAAQCAYAAAAf8/9hAAAABGdBTUEAAK/INwWK6QAAABl0RVh0U29mdHdhcmUAQWRvYmUgSW1hZ2VSZWFkeXHJZTwAAAIjSURBVDjLpZNNaBNBFMffJNumS61t1cRYUYwGvHgRj+pNUYmkh54UPFnEgrESaA0oloKC1UuEKmoRD6HgoSIRK1ooUhUMoYpaBWvS9IvmUCMFYbs7Xzu+bU2s9kOwC392Zva937z57xuilILVPK5/BbSkmtzR16di/w0QXNzhlB9f7jtZ6QjNA41xf8WmZoTAyHTuG6fsLbX4c2axh4+b+iZXBJx9cfLyxgr/hR01QZC2BIMZUPjxHfKFPAyPfk0ipGPgYuqNtlTy+cR4iG1g5czFgEkGM+YMaO5y0DwabNu8HUCR+vS7Qdgd3RVZ5EFrYlyX0o7fPpJozeazne9HP4BlUchMZIDimwoK671eqPPX1VOTNiyqAJNbUEFn3H3sUeRo54E1Q8Of9mDJ/Xj+hv17921xKqmurQFG+aE/ANH7uYC0VQwBpTXTsBoxOfaqLX0FS4anvc/OcSZAoKSQh8ExsahIVybZ0TOmTt/6opx5zyBLogILY/5WyYNIVza0rtIdLiP4739XELYVfH6QZpe6U0xftpHO3M2gcTLuwZlhyRIAk2Gnj+i+KtIupPp476UVWhLgGOerKgtyboPFbCh6gH7MQao9BLbWkuBanTy52W8mb/TNBooADc87Zxx2FJiYjDstAAAwoXANwO0i4K0kzo7hsYI4eK3XuIp51zUsN44DPTc9+2tHlD3fnQ5saAqh9vy4KATrGNuOYSfIaq/zT68cX09iiVY0AAAAAElFTkSuQmCC', 'English', 'congue elementum in', 1, 1);
insert into Books (ISBN, Library_id, Title, Publisher, Publication_date, Page_count, Summary, Image, Language, Keywords, Total_copies, Available_copies) values ('642528595-8', 2, 'Public Enemies', 'Effertz, Shanahan and Fritsch', '1927-08-09', 508, 'Suspendisse potenti. In eleifend quam a odio. In hac habitasse platea dictumst.

Maecenas ut massa quis augue luctus tincidunt. Nulla mollis molestie lorem. Quisque ut erat.', 'data:image/png;base64,iVBORw0KGgoAAAANSUhEUgAAABAAAAAQCAYAAAAf8/9hAAAABGdBTUEAAK/INwWK6QAAABl0RVh0U29mdHdhcmUAQWRvYmUgSW1hZ2VSZWFkeXHJZTwAAAGaSURBVBgZpcG9alRRGIXh99vnKIGgrbaCl5BOC2/BJgi2NmIlFoK9oI1CIJ39kInxhxReh1VKCZmfQkiVTOLs863l7GAau5DnCdtcRzx+ufPi4aON98cLr9uAhCVSiWVk4Uxk40xS4vbNenpwMH395cPmdr/xYGPrxtp6ubPGVayfLnIL2O4X1WVxfMJVnVUXVnqnefv0Plf17N0hTW+LZjkkBiyTAmEkkxI5mBxMWizT3Lt7i1TS9Ng0UYKwcQkcJhSUEkQUIpLoTKdCP5hGQ9L0qaQpgCMgoDMoQDKdoURHH5BhsohGKZpimdFoxGQyYXdnh9nREXvjMbPphO97u8ynE/a/7jKbT/ix/5nf8zmj0QgpufDq0083g+RB8iC5Zrpmepnp80z/qdVny+rFsvrkvLp58uabV+iHWrkQQQC2iQjMik1hpRQ6IG1KmGaoA03vFE0HmJUIsGkigksCuggs0Vii6SVxKYBgJYL/dfzTdTSyafrpr8Px8491U5koRWYiiawVScjGSpxGFpaQaMashG2uo3BNfwFx+DLsFQ4W2wAAAABJRU5ErkJggg==', 'Greek', 'eget eros elementum pellentesque quisque', 1, 1);
insert into Books (ISBN, Library_id, Title, Publisher, Publication_date, Page_count, Summary, Image, Language, Keywords, Total_copies, Available_copies) values ('146171565-2', 4, 'Agnosia', 'Nicolas, Dicki and Hane', '1962-12-28', 806, 'Morbi non lectus. Aliquam sit amet diam in magna bibendum imperdiet. Nullam orci pede, venenatis non, sodales sed, tincidunt eu, felis.

Fusce posuere felis sed lacus. Morbi sem mauris, laoreet ut, rhoncus aliquet, pulvinar sed, nisl. Nunc rhoncus dui vel sem.', 'data:image/png;base64,iVBORw0KGgoAAAANSUhEUgAAABAAAAAQCAYAAAAf8/9hAAAABGdBTUEAAK/INwWK6QAAABl0RVh0U29mdHdhcmUAQWRvYmUgSW1hZ2VSZWFkeXHJZTwAAALXSURBVDjLY/j//z8DJRhMmJQd+x89/W4IRQbY1x5L8590dzmy5PuIqC4gfvA+PPIyEMfhNqD06H+L9gfG9p33/jr23OMEiX30DTj8yT/oFxCf+hAYfBeIfwPxIyBWwjSg5Mh/tYZHzDr1D34aND7Y9tXOsf2Lg/O/z85uNjCFn908lT56eH985xXwzXvygwYUA4yLD/9Xcm+QlS572JWesP7XVyOL79/MLKci22Rc/6DXvPH+X8um+79t2u7/tOu4/w9ugFHxof8wha+1LP89NHT9iay5aNKKo9vXVvyzrz27/LuRqeo3Y7P/y6I7piMMKDoANuC3mNTSn5Iyv239dn3nSnwwiTfpIbN85tU9e9fk/Xt7e/X/29vCekDqfmrpHviurfcBboBB4b7/1QYB+n95Bf/94RNqY4h40MIQ/uA/U/iDv3ltc/69vr7k/+8vd/5fXx/4/tpaf1OwIYoqvxAG5O/9/5+R1f8/E9sdZKc75m7uvbgu4MeP11v+/3jW9//d3a3/Ly/z3HRpsTvrb3HpDXAD9PN2///JwBLym4FFHKbZb5aV99Ilbt/f3Fzz/8fjpv+HOoz//3q75v/5ec7/zs12DAa6VgpugF7uzv9zRDUc4DZ3GE3LmWT59f7e6v8/Xy36/+1O4v9D7Yb/vz8s///h3rb/p6ZYXTs50YIXboBu9vb/liU6khal2jPNS3Uf2ZTpvD04y/Hhe2DAfX9Q8v/rrQgIvh0L9MqE/w8PTvp/tMuoDmFA1rb/Rhma/oYZ6m7qAZaux6bbFTw81Pf/54vpYNu/3o4GesEITH+7l/X/2/ON/w8267462KitBTZAO3PLf+2Mzf+1MjYB8cb/O3pc/397c/f/z3d7//94BQyDV6uR8Nr/vz9f+f/kxJL/+6rVVmPNYUDnvTnSbvDtcKv+t0PNut+ANn07UK/5bX+txjegpm97K1W/7S1X/ranTOkwAORfnQagLb+TAAAAAElFTkSuQmCC', 'French', 'ac consequat metus', 5, 5);
insert into Books (ISBN, Library_id, Title, Publisher, Publication_date, Page_count, Summary, Image, Language, Keywords, Total_copies, Available_copies) values ('556428089-X', 1, 'Forgetting Sarah Marshall', 'Halvorson-Harvey', '1943-05-29', 602, 'Maecenas tristique, est et tempus semper, est quam pharetra magna, ac consequat metus sapien ut nunc. Vestibulum ante ipsum primis in faucibus orci luctus et ultrices posuere cubilia Curae; Mauris viverra diam vitae quam. Suspendisse potenti.

Nullam porttitor lacus at turpis. Donec posuere metus vitae ipsum. Aliquam non mauris.

Morbi non lectus. Aliquam sit amet diam in magna bibendum imperdiet. Nullam orci pede, venenatis non, sodales sed, tincidunt eu, felis.', 'data:image/png;base64,iVBORw0KGgoAAAANSUhEUgAAABAAAAAQCAYAAAAf8/9hAAAABGdBTUEAAK/INwWK6QAAABl0RVh0U29mdHdhcmUAQWRvYmUgSW1hZ2VSZWFkeXHJZTwAAAITSURBVBgZpcHLThNhGIDh9/vn7/RApwc5VCmFWBPi1mvwAlx7BW69Afeu3bozcSE7E02ILjCRhRrds8AEbKVS2gIdSjvTmf+TYqLu+zyiqszDMCf75PnnnVwhuNcLpwsXk8Q4BYeSOsWpkqrinJI6JXVK6lSRdDq9PO+19vb37XK13Hj0YLMUTVVyWY//Cf8IVwQEGEeJN47S1YdPo4npDpNmnDh5udOh1YsZRcph39EaONpnjs65oxsqvZEyTaHdj3n2psPpKDLBcuOOGUWpZDOG+q0S7751ObuYUisJGQ98T/Ct4Fuo5IX+MGZr95jKjRKLlSxXxFxOEmaaN4us1Upsf+1yGk5ZKhp8C74H5ZwwCGO2drssLZZo1ouIcs2MJikz1oPmapHlaoFXH1oMwphyTghyQj+MefG+RblcoLlaJG/5y4zGCTMikEwTctaxXq/w9kuXdm9Cuzfh9acujXqFwE8xmuBb/hCwl1GKAnGccDwIadQCfD9DZ5Dj494QA2w2qtQW84wmMZ1eyFI1QBVQwV5GiaZOpdsPaSwH5HMZULi9UmB9pYAAouBQbMHHrgQcnQwZV/KgTu1o8PMgipONu2t5KeaNiEkxgAiICDMCCFeEK5aNauAOfoXx8KR9ZOOLk8P7j7er2WBhwWY9sdbDeIJnwBjBWBBAhGsCmiZxPD4/7Z98b/0QVWUehjkZ5vQb/Un5e/DIsVsAAAAASUVORK5CYII=', 'Greek', 'nibh in quis justo maecenas', 2, 2);
insert into Books (ISBN, Library_id, Title, Publisher, Publication_date, Page_count, Summary, Image, Language, Keywords, Total_copies, Available_copies) values ('035653718-8', 5, 'New Jersey Drive', 'Olson-Reynolds', '1908-07-31', 449, 'Lorem ipsum dolor sit amet, consectetuer adipiscing elit. Proin risus. Praesent lectus.

Vestibulum quam sapien, varius ut, blandit non, interdum in, ante. Vestibulum ante ipsum primis in faucibus orci luctus et ultrices posuere cubilia Curae; Duis faucibus accumsan odio. Curabitur convallis.

Duis consequat dui nec nisi volutpat eleifend. Donec ut dolor. Morbi vel lectus in quam fringilla rhoncus.', 'data:image/png;base64,iVBORw0KGgoAAAANSUhEUgAAABAAAAAQCAYAAAAf8/9hAAAABGdBTUEAAK/INwWK6QAAABl0RVh0U29mdHdhcmUAQWRvYmUgSW1hZ2VSZWFkeXHJZTwAAAJcSURBVDjLpVPPaxNREP7ebna3bX62aZMmYnVLxZRSior1IFVIC1at3uo1ePRQ8CB4EDyr/4AHFS8SCl4FC9IQf1WRhmij2Ei1Dabp0rSxRsMmm23WnZWEWBQPHRjmvcd83zfz3htmGAZ2Yxx2abb6Ip1Oz25vb4dNh67rqFarDdc0reGVSoViLBKJjBKOUQsm+KQoivGuri4raac1tykIAuLxODKZzOjU1FTMqsBUvO7xeKAoCiRJaoCagbTOZrNwuVyQZZlEr5nHMZZKpSx1r9eLYrH4R7nUCgEZY+B5Hm3VBfDLT8A7BlHaeIq1rdpNlkwmZwOBQJgSCVRXbY7k3I8YWgpLaO0cgVs+hK3lV0jN3NdsBCqVSsjn89YFUXKtVgNdJkXaO2sJhHo0OA4cR+HzR4hMg9PVDXfnHhsRhEmJiAhktmSVzHG/X9jXuoKjwy3w9I6jsjYNsY0h83YRVZ1D9J2ZRqrUKzkR1J32HcISxoYFePrOopy7AyZ8g+BwgldzqOyfwGbJgI0I6iAqORQKWRGFNzjSL8Hddx7l1dvgBB1aUYbybB6L9tPwt/qtP2IR0AsQQf3C1NxzuPwqfAPnoCl3wYsGyt/3Yf1FAsWBy/BL7QgGg1aVLBqNPjb7H6//MmwkET7WDZ354O14iXafaIL34ms8gQefgthUuUbFptgM2zlMD2+NGZOX7iE9fQW5lTlIPUPQ1/O5dpE/NXj19fv/DlN6SdG1D48gD43Abj+I1fnUz7KqnfkbuDELzXbhRId6uNdvG+6XYQiVOXU9f3HixsKXf03jL2qvd7dZXvRWAAAAAElFTkSuQmCC', 'Greek', 'tellus nisi eu', 4, 4);
insert into Books (ISBN, Library_id, Title, Publisher, Publication_date, Page_count, Summary, Image, Language, Keywords, Total_copies, Available_copies) values ('256744639-7', 5, 'To Encourage the Others', 'Bosco, Nicolas and Monahan', '2022-08-06', 485, 'Nullam sit amet turpis elementum ligula vehicula consequat. Morbi a ipsum. Integer a nibh.

In quis justo. Maecenas rhoncus aliquam lacus. Morbi quis tortor id nulla ultrices aliquet.

Maecenas leo odio, condimentum id, luctus nec, molestie sed, justo. Pellentesque viverra pede ac diam. Cras pellentesque volutpat dui.', 'data:image/png;base64,iVBORw0KGgoAAAANSUhEUgAAABAAAAAQCAYAAAAf8/9hAAAABGdBTUEAAK/INwWK6QAAABl0RVh0U29mdHdhcmUAQWRvYmUgSW1hZ2VSZWFkeXHJZTwAAAI1SURBVDjLhZNNSFVREMd/53qfPo3nwq8W1SJaVBKtVAxs56KVIdKiaBct24dBtIkg2tcuLCFavCCiNm2ChAwJQlvlR+LC/OhDffrevfecmWnxUlGe9YfhDDPwmzln5jgzY79G36/dNuO6mB5VVcppIPVCEP1rggRDVCdiakjNbgz1FNr4j+48nzlbEyCqbQAv50YIGthISpR9BS+BoIEggZvn7uK9NBwAqF7rSue1A6tvJQEfhNoAUQCeja0cCBjoaiELQvz1dffnfHNnp3PRTjLIvR3/cl8HxfFlhnoP7wH82EiqHTiLTh3re5xzzoEBGP7NEmpGXAfFDyvgoDi+TBw5MCMXw+kjTWReiAmWoFlDuvQQyeogakakHwPiOsdgT3vNDmYWNwhBifEuMs2QrB5TQysLHEpmKU284MzUKNMTcBaY/rRv1ANvMZQYZ3kNFba+r5Auz6JZmQu5eVq7H9DSdRXJMrwo2/sW5VtZHTkPQGPsNMZHxI0dtPcOAwpmTH5bZvHLO7xPEVXSLEMkxdSTa73ICWD4yRRrpeRVjDczSdDyJCbrmJQ42TgPecU0Aa1guonJJiZlGo9fYvYjFG/1OYCYFDMNqF/FwnoVoilYAEsxLWOyhYYSJiVwbs9bxGRmDsHCLyysVU3Wd2GhhMkGJluYJmi6AJDsACzT36H8s8lv1hfQQmSWAy2AtWGSAhkWVU8XCZIkZpmmu4AkvT/3aLAHox9H4Z/fzwA3lqH2dDv0B6mSc8HU1qcrAAAAAElFTkSuQmCC', 'Greek', 'luctus et ultrices posuere cubilia', 4, 4);
insert into Books (ISBN, Library_id, Title, Publisher, Publication_date, Page_count, Summary, Image, Language, Keywords, Total_copies, Available_copies) values ('367610946-5', 3, 'Innocent Man, An', 'Leannon, Torp and Steuber', '1971-07-03', 886, 'Morbi porttitor lorem id ligula. Suspendisse ornare consequat lectus. In est risus, auctor sed, tristique in, tempus sit amet, sem.

Fusce consequat. Nulla nisl. Nunc nisl.', 'data:image/png;base64,iVBORw0KGgoAAAANSUhEUgAAABAAAAAQCAQAAAC1+jfqAAAABGdBTUEAAK/INwWK6QAAABl0RVh0U29mdHdhcmUAQWRvYmUgSW1hZ2VSZWFkeXHJZTwAAADESURBVCjPvdCxqcMwFIXhw/MDF3HgqRIErEqdOlcijSqDcZPCYE+QCTSBJsgGmeBu4AmyyFnjpnjCZcrwtx+nOFB8Dl8Ba1lllWVTzNsoSWIZQnh6cdOxsHKRf58kUhF2X9xueYCFtwqiDFT4XmHvZj/AjfNrzCnHPLwCFa63cmaXDzBzrAtBPBUK03d7y2aqYGSqwMuFNpi7ou1/iVxBYqzAyR9NPrG9NuGHuCqgSCXKIGFTuM2Kke7RluaJB6bvXf25N1fx7E1Sq2rLAAAAAElFTkSuQmCC', 'German', 'nunc rhoncus dui vel', 5, 5);
insert into Books (ISBN, Library_id, Title, Publisher, Publication_date, Page_count, Summary, Image, Language, Keywords, Total_copies, Available_copies) values ('568632440-9', 5, 'Magdalene Sisters, The', 'D''Amore-Purdy', '1998-10-14', 648, 'Quisque id justo sit amet sapien dignissim vestibulum. Vestibulum ante ipsum primis in faucibus orci luctus et ultrices posuere cubilia Curae; Nulla dapibus dolor vel est. Donec odio justo, sollicitudin ut, suscipit a, feugiat et, eros.

Vestibulum ac est lacinia nisi venenatis tristique. Fusce congue, diam id ornare imperdiet, sapien urna pretium nisl, ut volutpat sapien arcu sed augue. Aliquam erat volutpat.', 'data:image/png;base64,iVBORw0KGgoAAAANSUhEUgAAABAAAAAQCAYAAAAf8/9hAAAABGdBTUEAAK/INwWK6QAAABl0RVh0U29mdHdhcmUAQWRvYmUgSW1hZ2VSZWFkeXHJZTwAAAKbSURBVDjLfVPfS1NhGH7O2THJubmtWUZrYNGFzELRsggLFSUJqosuxaCiy7rsHwiJiDYvCykvC68qIiSsXVgU1NTIZkpZmgulnL82d35+ve+3TTCqb7zfe87O9zzv8/74FCEE/rcSicQ9y7K6TNPUyIO8NMMw2N9X/kUwNjZWQYA+n893trS0DDqB4DiQpwnj9/swOPgU2t/Ao6OjJxgcDAZ3ud1uTH+dA0d3HAFHOEQkYBOZruvQksmkbtv2FjJ5qCiTfTqd/lMyFhfTROSgvaNT/qcxOBQKY2lpWUYX/BOsUkjjF4qJgL8Cjx89RKS2Xkbnb1IBszL4al+CjilQFNrzm/RsqysruHHpoIw4kngNVrvz5Om8ApbKUfmgP7ANqqpCIVMLxs9MIJx8xNoDjfJZFGqgsgJ6JwIVLpdrk6kFz+v2yHl88PZj3j2Fu0sxmZZUYBbao6gKXJq2EV16ToE8r5xlIhSswZP3NzFjeaUKScAbF4RT4IjV28tk/l+yF2E6VH3HQjBiodK7DzVVTVjNZZD+/oYIM7IrkkAt5Mn2eTI/C+F6A+2Rc7Cp77Zjg0cotTyL/aGjWDPWcfnZMTSY3XmCkhIN1y/UyfaYpoVsVkf/lCHB335NkRKaD1Jj2iZW9FXU7W7GmpnF0PodaFTJW/H48+PFQSEf8Hg81Tk7B8u2sMMbJrAtyX4szyBQXoXE7EuMp5Komz+DTXeht7f3CpGcOtR0pDU23o2coVMNDMrXwN5gBIf3dODtzCsMTwyj/mcntuqeiQ2CWCxWSS1baGlpQ7nHQ6NsQ3OpRBrNRKPR8tpraqYx3FoWnxyaMxy0pXrEJ8ZtXCaSvkj2bmDgQUNx/gv34iN/zxoCLybjWHfQvNAjpou43xdyww7T9h6SAAAAAElFTkSuQmCC', 'Greek', 'hac habitasse platea dictumst morbi', 5, 5);
insert into Books (ISBN, Library_id, Title, Publisher, Publication_date, Page_count, Summary, Image, Language, Keywords, Total_copies, Available_copies) values ('813320838-6', 1, 'World According to Garp, The', 'Larkin, Predovic and Marquardt', '1902-01-15', 977, 'Lorem ipsum dolor sit amet, consectetuer adipiscing elit. Proin risus. Praesent lectus.

Vestibulum quam sapien, varius ut, blandit non, interdum in, ante. Vestibulum ante ipsum primis in faucibus orci luctus et ultrices posuere cubilia Curae; Duis faucibus accumsan odio. Curabitur convallis.', 'data:image/png;base64,iVBORw0KGgoAAAANSUhEUgAAABAAAAAQCAYAAAAf8/9hAAAABGdBTUEAAK/INwWK6QAAABl0RVh0U29mdHdhcmUAQWRvYmUgSW1hZ2VSZWFkeXHJZTwAAAKOSURBVDjLpVPbThNRFOUD/IJ+B6gvJr740mg0JsQUX0yMiUl9MJJIwGBsMOgDQSEz0mANhEIKoqhBBTEpahm5SWxLKTO9WBAKBTqtw9DpDbqcfUprvbw5ycpJTtZae+09+1QBqKrEqS4YdNToMOowHcJ4eGf4k18pPKKjuumFYh75vMbPuIPC4tKy7PX55akFUXj6McI3DCfMxCHubwaH4hODrg2LdzksxeIKVC2H/EGBYTeVRXQrgekFn9QzEbYQt2RSMqgmsU/8pqYzedCnZfeRUHOQdexl9tmdqmUxNedRbWMBMqlmBtQXxabKJfGOksW952HEklmG1mdhRBOZssnE5LR0fSBG7RjIoGZE+M5T7JJ4I5mBqW0Bqztp3OyTcLyuBde6/ViLpxlHjGyCG57hSUsGxumvAYF6pqhUcV1O4+IDD+aDCs7dfsfOM02jzFBJ5bGd1NA79FogLRmYPItLMg0rvptjBkSsa3ez864e/2htM24NBBDZ0liKbP4AA44hmbTMwO31MQOKT6T6XhHHLtxhsYMbKZy3OBGOaQzFFDn09vWXDYyf5v1CUs1gV8tjNvADZ5vH8SWk4HTjK4jRvbJBaDPF/kxwPQnO5ii3UONwhvjVaByFArCyrbGpn7zCoak/wBLUtgrsDERTyO0XMDnrh8X6tjxEQ/3gjtnpmpNkpThlqnajR2QVSWj/EGVJqEBIr97ZbZcuW4PF31haJO6l1zL63qXGEkVici/P+qVEtExUObieQIdtUG3kxn4tUuUqtznmLPbhUWnGE8JqTGEzoZ79KzLGXV60cT1SQ+ebv1e58jFdfbJibnk8zrd39QncI6v8sJOX73fYhMaOEf4SL/77Mf3Pc/4JB00Hw5wBy+AAAAAASUVORK5CYII=', 'Greek', 'cubilia curae nulla dapibus dolor', 5, 5);
insert into Books (ISBN, Library_id, Title, Publisher, Publication_date, Page_count, Summary, Image, Language, Keywords, Total_copies, Available_copies) values ('978371882-7', 1, 'Joe Versus the Volcano', 'D''Amore-Nienow', '1918-01-30', 521, 'Sed ante. Vivamus tortor. Duis mattis egestas metus.

Aenean fermentum. Donec ut mauris eget massa tempor convallis. Nulla neque libero, convallis eget, eleifend luctus, ultricies eu, nibh.', 'data:image/png;base64,iVBORw0KGgoAAAANSUhEUgAAABAAAAAQCAYAAAAf8/9hAAAABGdBTUEAAK/INwWK6QAAABl0RVh0U29mdHdhcmUAQWRvYmUgSW1hZ2VSZWFkeXHJZTwAAAJCSURBVDjLlZO7a9RBFIW/+e1ms0kMmOCbRKKGaCBBUCsttNM/wU4UsRQUQQSblIKWFpGIiLVYWQgWsRIRxFc0PhOMhSjRDZFkZ+5jLFazWWx04HKq883cw5mQc+Z/z9T105fc7ayZLpb/x/j6xpl37jZYWb+JmdkpeouKrgDGxsayu/NnzGxFT4xkCpzKuk2s2TaIm5NnXiASWQGYGX19fQCEEFo055f07DsABOLPeUwiOTsiSrEakMlM1u+tmP+MmeFm1GufkaUFXBLZ7e8X3F++y0KqETqbZgDVhJtgmnBNQCC7k1K9CZjufcqWjZvpsbXc+jiBqaFimBpX+/eQVXFJmCbIDYDKb8CRK4eeD/QPMDo0irqya3An4oqYcPv2HeT3zSaRrHU2rv/K+6ykFCkfvnzw5sCWgdHRoRFq9RpLsoSYkFzoKq9B1RBJmCqWIt1dP+hdO09baZlFqVPcO/fg2JuPb6cePXtMEUq0l6pUyx1USx1ES6gYInVcIyaR2vcSs7PriKmtGeLkxYcjB8/vz8v1ZVSVDx9mMHVMDTcnpYir4BIxEeZjGdwRSc0Qt3/dyUx4S5FLnNt7oaUL+upaIwMVTCMhlHF3VFOzB6rK8eFTZMstHQghkCQ2zBJxSY0e5AagvBpQFAUndp9q6UAIAZHGCp09/bgKGpcgf8FMCePj43l6epq5ubmW/q/Wo9tn6erupr3aRaXaSVulncWfNT69efIt/Mt3nji5dYOZ7jCTYTMdcre+olw5ahIXfgHcTaP3d3vNvQAAAABJRU5ErkJggg==', 'Greek', 'bibendum morbi non quam nec', 3, 3);
insert into Books (ISBN, Library_id, Title, Publisher, Publication_date, Page_count, Summary, Image, Language, Keywords, Total_copies, Available_copies) values ('459427977-5', 3, 'Dororo', 'Schmeler LLC', '1907-12-19', 71, 'Cum sociis natoque penatibus et magnis dis parturient montes, nascetur ridiculus mus. Vivamus vestibulum sagittis sapien. Cum sociis natoque penatibus et magnis dis parturient montes, nascetur ridiculus mus.

Etiam vel augue. Vestibulum rutrum rutrum neque. Aenean auctor gravida sem.

Praesent id massa id nisl venenatis lacinia. Aenean sit amet justo. Morbi ut odio.', 'data:image/png;base64,iVBORw0KGgoAAAANSUhEUgAAABAAAAAQCAYAAAAf8/9hAAAABGdBTUEAAK/INwWK6QAAABl0RVh0U29mdHdhcmUAQWRvYmUgSW1hZ2VSZWFkeXHJZTwAAALkSURBVDjLlZJrSJNRHMaFvtWXvvShT6ltb6Qz1EorZDZv5ZwNJ4UQQYJLnfZhmTJDtthUUpi2UcyELKI0l3My57zkEE2kmszyOi8jLyi75GVaXpr59L4vNBgV0oEH/ud/nud3zuGcAAAB/6OpVsI4pmN63z8O1lPz/QMG4ojNQISQwcM2A1Mxa4yEuy0B7Yog774AezvxhAzOT+gJD7nrz3nTWQxUB+0NKFnQlQS2/hNABpnTJmLLOXQb265u7Dg7sTYohquVg9GacBhkgbLf3r+F02d7zsM9XokfLhM81mtYeRcHpz4UjpZoODriYZIH2v4AkMGjpN4uWTKwMduI7YUX8Fi4WO3n4Kv5Atwdp+EynoKrOxmDVQyvDzBtJJhkcIm86557RArvmgXf7aVwD1yC08zGYls0ZurDsNDEgrOFPEXnZfSUBe/4ABM6Zrd7+Cp2HE+xOSfBpi0TWyMCuHo5mNZGYPxZKD5rCMw2nKCvsWRKQsu9wHkfYPg5Y3Hdnot1uxwfX7LwSRuCscYozJBydkTBomLA+vA4FuoZcHclYq4pBo13jzX5AB8eBddOGWOwMlmC0WY+9NJz0NxPR0WZFHV1dahQFKC7MgLDNQQqSwvpXnmZYkMkEhWy2exDNKWvKmhgqCESy5MSFN9kQ6VSweFwwG63o7e3F9UPCqFWCDFpG6N7/f39tIfH41X6XqGrPGiyVhoBSZEY1pERlEmzkMpLgVAohFqtRnFxMV3zUrjIyMgwUZCCgoI1vz+QeSV0qlQuowFvilhIjI+F2WyG1WpFX18fdDod4jnsPT6ff5ACyOXyLT9AWFhYbk72rQ0KcEeYjIQEDpKSkpCWlkaLquPiLu4JBIJOCpCdnb3qBzhJjtTU1AmlUrmqff1qs7m5GRqNBmKxGBKJhK6pnlarXaY8lNcPQBDEgdjY2HAul/slKyvrW15e3lZ+nmhXduOMR36d5ckX5eySvW1qjfJQ3l9oR6i5wBWqZAAAAABJRU5ErkJggg==', 'Greek', 'tempor convallis nulla', 1, 1);
insert into Books (ISBN, Library_id, Title, Publisher, Publication_date, Page_count, Summary, Image, Language, Keywords, Total_copies, Available_copies) values ('291272819-3', 1, 'Dead Heat on a Merry-Go-Round', 'Walsh Inc', '1917-12-18', 184, 'Quisque id justo sit amet sapien dignissim vestibulum. Vestibulum ante ipsum primis in faucibus orci luctus et ultrices posuere cubilia Curae; Nulla dapibus dolor vel est. Donec odio justo, sollicitudin ut, suscipit a, feugiat et, eros.', 'data:image/png;base64,iVBORw0KGgoAAAANSUhEUgAAABAAAAAQCAYAAAAf8/9hAAAABGdBTUEAAK/INwWK6QAAABl0RVh0U29mdHdhcmUAQWRvYmUgSW1hZ2VSZWFkeXHJZTwAAAJPSURBVDjLjZJPSFRRFMZ/7804ODhT42iaxZR/NiEFFVESGFHWTilo1SoqEGplQUQEtnSV4KrARRAELZKgVRshgoggUKgoDCUEIxumxpyZ996995wWM/knDfrgwoUDv++c7xxPVQG4f7mjG3jPRhUHx+cy/EPevUvtB4E7QH8q28r5W8OU8m8AaGg+zMPhm1RKSwCPgInB8bknawFxYOLkmbO7kqk0ZnYKVcWFJQBUld59Ofy2LlT13POnzwaADYDdydQWol+LWLHMPR4FVUDJ61sUJVicp755ZwJI/D1CHABxqLX4me2Is6jK+jmDMlGxvGkGcQAVQaxFTIiYsNbB/6kGsIgz65zvLl8jZpYJIks6244ECgeGuDL2TsUK1ijOuj8Ah1gDziLOgYJvK4xe7SMe8zd1LhQjbox9WAVgDeoEtYKqopGhLuZz+8EnioGjuyXJzEKFdF2MTCrG9GwZZxR/pQMnOCs46xDrEKcoEIRKQj1yrUl+lIRtmThB6NAIvFWAIMahtSdG0KgaZD0gofJ6+icmEha+hXyZj+jZ24BvawBxUnW1DrHVv4uqgZpQ+Vp25AuGjOcxs+DwPeX00VbE1QA4RYwgVlDrUOuQSEGhVBH8UDl1JEt2a5xk0ufYoUaaMgnEKXHgpYmi3oYdOVQUFQEFCnX4MXCR0NFUR//xNqY+LpFWy4meFmK+h2gVMPJicjIN7F+7pqXYAPlCyMjQHlCoBJbrF7pW6t8LITZSPP3H1fVdfPU5Cmxow6C+M9fYKVINWxVUFBEPVPgN0HNzn605xt0AAAAASUVORK5CYII=', 'Greek', 'velit donec diam neque vestibulum', 2, 2);
insert into Books (ISBN, Library_id, Title, Publisher, Publication_date, Page_count, Summary, Image, Language, Keywords, Total_copies, Available_copies) values ('055577969-6', 1, 'Please Vote for Me', 'Deckow-Kuvalis', '1910-12-23', 106, 'Maecenas ut massa quis augue luctus tincidunt. Nulla mollis molestie lorem. Quisque ut erat.', 'data:image/png;base64,iVBORw0KGgoAAAANSUhEUgAAABAAAAAQCAYAAAAf8/9hAAAABGdBTUEAAK/INwWK6QAAABl0RVh0U29mdHdhcmUAQWRvYmUgSW1hZ2VSZWFkeXHJZTwAAAIMSURBVDjLfZI9aJNxEMZ/bxJp+hGViBLEgtKKTo52yeBUnETBSVwEO4ibg2TqUAQLgptF6SjiouimOEqpFqSLCB2qIiINYmPT5s378f/fnUOSJmmKBw83Pb97uLvAzOjUxXvv7calST78qKHeEFFEFBXFe6U8cYSFZ6t8WrgadDw5ekpFUDW8axt9q4tvyXtDvPRa+gG705y0TD3mXeAeQKYvgRfCpuN4YQiXSp/GDw3TaCaI/DeBzP35tjx7beIdRwufyQd1VI3QjVJ1Z3n65QLqx+Z6PUHvEuXjqZkwHXo4cvL2GCNnMDKYRpiro9trbK09bgyxc6d4JVkcAPjlE1MYr5l8VLLsQdTXwO9gEmISQxCAOBqrlaqkXC5dt5W+HZi4CuN3S5Y7jPktkAiTuK0QTX5jGpI/favktqkM7EB9Ws6OnsP8NqZxW0lbMaZN1P0lM3IMF1IeuIKqFC2TwzQCTdqKu5IYpAHm8CnFQYAomAdNu9E706WbCEvw6T5/oF5q5uqYuT3R4y4ERdImLqI2CHDxkmyuEATZ/vjS7ubIZIaJNn7SrLM0AJCY+cbq/arGm5DNY+YxaSdBCXIFfBzw9eWbahQyv+8jbTwJZsQxVzh/s3SgOAGBYT5E0jrhr3XWn7+tRiGz0y9scV8AwPcHwVRap+JjyuIpugTiJrU4ZEmE+elXrQfq1D+32LPJr7b2hgAAAABJRU5ErkJggg==', 'Greek', 'justo lacinia eget tincidunt eget', 5, 5);
insert into Books (ISBN, Library_id, Title, Publisher, Publication_date, Page_count, Summary, Image, Language, Keywords, Total_copies, Available_copies) values ('446529459-X', 3, 'Gorilla at Large', 'Morar-Anderson', '1984-09-16', 653, 'Sed sagittis. Nam congue, risus semper porta volutpat, quam pede lobortis ligula, sit amet eleifend pede libero quis orci. Nullam molestie nibh in lectus.', 'data:image/png;base64,iVBORw0KGgoAAAANSUhEUgAAABAAAAAQCAYAAAAf8/9hAAAABGdBTUEAAK/INwWK6QAAABl0RVh0U29mdHdhcmUAQWRvYmUgSW1hZ2VSZWFkeXHJZTwAAAJkSURBVDjLhVLPSxRhGH5mf8yOs9O6aa2b6BJhsW3RilAXDSW65clDdgwkEBH/gIiI6FC3uoRBQYeooP4Aw9isQ2xG5YZEVFrINmnFto67s7sz33xf76wedEfwgxdm4H1+vO/zSkIINL7Bax/PpxLRkXhUTVuMY/7Hci4z++2e/njofmNvYDvwqe726/2pcJsa9MMhgd7D4T5NUQ8GBibBZka3kPgaCZKk7IKbVT8qNodpcUToe6g33tadOjCyo4NYREkrpGyYHLYDMEfArHFoioTE/o70jgRVC3AIZDMqLogA9fKR12qVefblGWHui54rmDZCsoSaLVClUkMSVlYZZl7P53YkyGQ/T9+dWqoaFY6K5ZaDEo1w42GOVWaz7xv7pc0x9kxkh/uOxa6c6JSSnDz/MgJgFGM0ZCLALTzKrhZePnh1S+gXr3p2cHQ0kx7oSVwePtmWbNUCKFsCKb6+i3K1GXKQY2JfrCW/XJqQfGNvBL/9bMsILRF1/MzxWGo3RfbHoK3VjUkgDlhEsqDXEKJ0Lgx2tSJ56JJnB13tLf3NYR9+F20CCwJSuSnw9W8hJHxdMtHeqiAYix/xEGia0ilLPuRXKnVVx41vYwRG6XEOGGsMst8PWVF3eXZgWUyixChvCc6GMiNwja7RJjR3x3GLRFwyj4PFvPFzQTehNUn1f4e6LIfXCdxDovGR2BvEh+9lVArFNQ/BdCY/Pjq5eGfqbQGC1IPkpEkGwnREMvl09/DkxQpuPs0beDd3ets7cF/HuefL8ViU7YnIYbpcTS+Y0P9apXLe+IeSWRSfzvZs7v8PV6U0ly704DwAAAAASUVORK5CYII=', 'Greek', 'pharetra magna vestibulum', 4, 4);
insert into Books (ISBN, Library_id, Title, Publisher, Publication_date, Page_count, Summary, Image, Language, Keywords, Total_copies, Available_copies) values ('909260968-4', 4, 'Land Ho!', 'Hauck LLC', '1988-12-11', 679, 'Integer ac leo. Pellentesque ultrices mattis odio. Donec vitae nisi.', 'data:image/png;base64,iVBORw0KGgoAAAANSUhEUgAAABAAAAAQCAYAAAAf8/9hAAAABGdBTUEAAK/INwWK6QAAABl0RVh0U29mdHdhcmUAQWRvYmUgSW1hZ2VSZWFkeXHJZTwAAAKNSURBVBgZBcFfSNx1AADwz/f7u7uZntNKPVtlixIytmlbkrVg/UEqiGrQS7SXCOqlmlRQD5HFXuptDILwZRQ9Vtb6yxb9cdZLachcEW0SUm5T2dL0dne/u/v1+YTq0zoLfcbljAGIiACIAIA6lhyuLXozV+gzrv/eMaU9JHlijhCIgRCJgRiQEBCQNVj6eazw5TE5OWNKe6gm9A6TYPk3VmeJkSQikiBEsoxiFz276Tk2lgNJntjCbfsB+0k3+fMEZ76gsYFAliFw6TwtV9MkaiLkKJ/j1CQL02yukG/j1sd46AjbRgCBNKWSUq9RIyciBsrnmP+AGMhFuoYYOkBHH3ccZHaCMyeo1qlVSRtUiCIieod5/H3uO8TNj7K+wLevsDgF7H6G0hDVKpU6aZ0aURMSAvJtdA8w+CQPHqHzRmbe5a/vgTsPkm2hkpI2qBBFBFyc46sXmJlgc4V8K3e/RvFapg6zcZ5CkR0PU6mTNqkRsrdl9h1icZ4EIZBvY+cBbriHjQt8/JzjuZJvNsrWNi9Ky2tG29o9Mf2ZnCYEkoyRl8kXWfyB2aN0DVAs+TwpmS2U7dt7u+uu6vfd6U98On/SSutWEcSM7h1sG6Z7gOv3sv4vpybB5NJZQ7cMasSGwWtGNUJqZOddPmxvFYHA5RXSMrBylmqVf/4Ay2sX5EPRIwPPg5fun3BTzy61EOTUkNXR4OsXyXewOEe1zsKvvPes/9ZXnV76ydzStFdHj3rr+FNaki0KWSZ5o1+n3itGXNlPoUjM2NpDR4nOEjGqpKmp1d9tL223Wv7b2uayH+dO2rW0NhOqD+gs9BrXa0wTdVRQQw0V1Hmnrd1H7W3KMWhtZkYuV395fe7S6P8L1PAuhFtHgAAAAABJRU5ErkJggg==', 'English', 'libero non mattis', 2, 2);
insert into Books (ISBN, Library_id, Title, Publisher, Publication_date, Page_count, Summary, Image, Language, Keywords, Total_copies, Available_copies) values ('409539985-6', 1, 'Boom Town', 'O''Keefe-Goldner', '1946-07-13', 99, 'Mauris enim leo, rhoncus sed, vestibulum sit amet, cursus id, turpis. Integer aliquet, massa id lobortis convallis, tortor risus dapibus augue, vel accumsan tellus nisi eu orci. Mauris lacinia sapien quis libero.

Nullam sit amet turpis elementum ligula vehicula consequat. Morbi a ipsum. Integer a nibh.

In quis justo. Maecenas rhoncus aliquam lacus. Morbi quis tortor id nulla ultrices aliquet.', 'data:image/png;base64,iVBORw0KGgoAAAANSUhEUgAAABAAAAAQCAYAAAAf8/9hAAAABGdBTUEAAK/INwWK6QAAABl0RVh0U29mdHdhcmUAQWRvYmUgSW1hZ2VSZWFkeXHJZTwAAAJPSURBVDjLhZPNi1JRGMZv6PwBLQaiqBiIoEV7QQaiaZazrNm0qlkMRJugptpEBNJMtAmapK9lhZ8oKnq5FxQVv7qOX1dRzBxHU8eohc219OrTOVfGSZyxC4cL73nf3/O857yHEUURmUwGqVQKyWQSiUQC8XgcgiAgFovNAmCmLSadTqPf70+sarWqQMLh8FQIQ5VpQaVSUZTL5fIIQmPEBQKBwJEQhlqmyVSNBqLRqNBut9Hr9ZQ4BYZCIXi93kMhDFXdTyTFf4jlSqfTQaPdA78zdFIqleD3+8Hz/ASEocr7lmVZBi3e3etjY2uAJ58BrjLcKxaL1AU8Hs8YhCE9Sq1WS0nqdruoE+X1+ACbGeC1CDzbOoAUCgXqAk6ncwRhIpHIPOlRajabSlK61VOU9QTwPge8yY5D8vk8dQGbzaZAFEowGNSSHqVGo6EkZb/38FToQy8eQNbjALs9hORyOeoCFotldtSLz+fTkh6ler0+AXlLAB/1L8FevwBuYQb8tVNwP74Bk8l0duxESX9ajuOkWq02gugI5MOrTSTuzqPjfI5B1o29T3cQu3VRZhfUtyfulWVZrdvtlugkUohIII7lc5BIMV4sAWvHAd0cWhuX4LmiKh06XS6XS+twOCQ6iRRCbQ8EC/79fj46Ae6yenDkjNvtdg05aYkOGHf1JH69uwmQot/3GPwga3tVBc+iqjr1pVmtVo3ZbJZ43SoiK+flb2tz2H0wgy8rx8AvqWX3ouoh87/najQaNQaD4Uxg+fR9oviV2ib/HVpM9/8Cz3kffqwCPcsAAAAASUVORK5CYII=', 'Greek', 'vulputate ut ultrices', 4, 4);
insert into Books (ISBN, Library_id, Title, Publisher, Publication_date, Page_count, Summary, Image, Language, Keywords, Total_copies, Available_copies) values ('642428292-0', 2, 'Waterdance, The', 'Brakus Inc', '1959-09-20', 320, 'Maecenas tristique, est et tempus semper, est quam pharetra magna, ac consequat metus sapien ut nunc. Vestibulum ante ipsum primis in faucibus orci luctus et ultrices posuere cubilia Curae; Mauris viverra diam vitae quam. Suspendisse potenti.

Nullam porttitor lacus at turpis. Donec posuere metus vitae ipsum. Aliquam non mauris.', 'data:image/png;base64,iVBORw0KGgoAAAANSUhEUgAAABAAAAAQCAYAAAAf8/9hAAAABGdBTUEAAK/INwWK6QAAABl0RVh0U29mdHdhcmUAQWRvYmUgSW1hZ2VSZWFkeXHJZTwAAAJrSURBVDjLlZNbSFNhAMcXZ3uTIJ+iMLK0CBkqmXlJicR8SB9rY62C8sGIHgrKCqIIKkgrKJPCC6hRKd0sLacrjQVa0kO6i5vOacdd3MW57Zw5d87Ov2/HECMtO/DjwHfO7/d937lIAEiWw9tbQHm0e/Tu7jydqyuXWuk+yUoXiPwgoL+O2e/X4OzcffK/AkROnO7OC8aiAUT9Bjje7PJNvdqZuOrAtCavIzhSA4EPQYg6MTt8F/TzzNpVBYic4XqfE0NsHvPTNYh6GknEi8nWdH7iiTzjnwEi6xlbK/F9MLYUivCsHgFTM8Zb0nR/Dbje5ah8A2cAYR7M2FEYmgtFGLMaAueDvacCo/XbVMsGiJzg6Mj2zrkHEIs6wFiOwNBUIBI0KcCH+sHQfTA/Spkaqd2S8EfA8Ta7bXaomszkRsRRQwJqWNtLfgUOgR1VIxYZh7PvMvR3km7+FiByir09ixO4ELigDuExtRgI28rhGVQgaDyI8fp89B/bBG2RDNpSmaAtk1UtBuyvs74GTA3kwTkRsVchPKoigcOLW7DW5WPoXC7mOm9DMHaBfXYWg6fkQneR9HRcPuDqPU7eOUM+mk6wFqVIaITMbFKS2ZX4pFyLMJFxrwyoXAfcSIbn1l5o9lMuCf0ik2bpj2JA4PyEmQV4/wJkLL5s4dtLLD38V9ZDu08KyY+29OaJp3LYHqfB2rQDY43bYalLhfnhVhjvb8Zw9Ub0lMrANJwAiBQ5L8EMYbKCgqaEYlf8mZaiU2y4+qU8lXNUJsN9UQZr+Rp8KJPyXcXUpVUF4nxWJF3QFFM2smyBnOm4HB//CRnU6d05um8NAAAAAElFTkSuQmCC', 'French', 'ullamcorper purus sit amet nulla', 5, 5);
insert into Books (ISBN, Library_id, Title, Publisher, Publication_date, Page_count, Summary, Image, Language, Keywords, Total_copies, Available_copies) values ('928039011-2', 1, 'Eden', 'Marquardt LLC', '1981-07-21', 913, 'Phasellus in felis. Donec semper sapien a libero. Nam dui.

Proin leo odio, porttitor id, consequat in, consequat ut, nulla. Sed accumsan felis. Ut at dolor quis odio consequat varius.

Integer ac leo. Pellentesque ultrices mattis odio. Donec vitae nisi.', 'data:image/png;base64,iVBORw0KGgoAAAANSUhEUgAAABAAAAAQCAYAAAAf8/9hAAAABGdBTUEAAK/INwWK6QAAABl0RVh0U29mdHdhcmUAQWRvYmUgSW1hZ2VSZWFkeXHJZTwAAAJWSURBVDjLpZLva1JRGMf9F4JgEEGjIG5vetGoSz8hmGVN023qbTklTdmyHxaN2OLuF5nDsSYWNZyLHM0fZOVetGx4dXNuU0GvL6INKioKutWtKDZaRLenc+AWxbUY9OIDh8Pz/T7f5zlHBgCy/+HXgQ01kmzYFGPDZr4UsQpsyCIUho18boiKzV6tJ/9pwIaNtlLEzLEhE1sYPkTnr1FEzq8ncoM6OjtIsdkBipvyamxlDXBnLC6OGFylFwsbEFqEA3EcoUKszXg1roy3nku5lZIksmLIFCsGTSwqJBBHEW2Is4gWxGmEAVGZ7lezSbcyVibBYb4QaKBRUR2iVRSfEcU4hR1RnXTV0Cm3ipcYlMIWIT9E4e7Hfuv6cwScqAmnSHQriFSvWpCOEDQLWZ+OEAux8KRo1izeWRHU/Q45kXQppQb56wY+O6DFIyhEof17awt8c5yAr0cssKTVw6JcAZ82b4MP6zeCxGDWp0fvrMNLrEToETYs/pKbgKXJOHy+dwcWoyOwEPDDu1XrpAaZS7Xk9BUdl/ao8TOuQewu1xmL365YDaOOHQ2SjzTZd8A25dFwqV4Vyzj30eOde4h4u5yIn6um0311wtzdNnhZ8MHT6YvAnFfDreatFZKvzFzYTyJijEvJ42Uxzhoh3rH3Y6JbCY8neuD1wxvwZj4IjxJdELXuFCKWLRV/GPyN0VO7jOn+g/BsxgPcgwA8z16GvN8MPQriybIMMLft242Msxbmx9phbqwTMl49RJvI98s2wNy0kcZgYxWMdynQCOSroGnTSnz/A5Fyv6NS2MnjAAAAAElFTkSuQmCC', 'Greek', 'iaculis diam erat fermentum justo', 2, 2);
insert into Books (ISBN, Library_id, Title, Publisher, Publication_date, Page_count, Summary, Image, Language, Keywords, Total_copies, Available_copies) values ('750367191-2', 4, 'Lovers on the Bridge, The (Amants du Pont-Neuf, Les)', 'Kemmer-Gleichner', '1982-04-03', 891, 'Maecenas tristique, est et tempus semper, est quam pharetra magna, ac consequat metus sapien ut nunc. Vestibulum ante ipsum primis in faucibus orci luctus et ultrices posuere cubilia Curae; Mauris viverra diam vitae quam. Suspendisse potenti.

Nullam porttitor lacus at turpis. Donec posuere metus vitae ipsum. Aliquam non mauris.', 'data:image/png;base64,iVBORw0KGgoAAAANSUhEUgAAABAAAAAQCAYAAAAf8/9hAAAABGdBTUEAAK/INwWK6QAAABl0RVh0U29mdHdhcmUAQWRvYmUgSW1hZ2VSZWFkeXHJZTwAAAKoSURBVDjLnZPdS5NhGMYVRIjwnyiKPojSTiKCCP+EDoqyA0H6OrAI3VjOVso2STTLQUmUI/REVzbQXNqqvVu6LSvbJ+7L3k3Wmpturj37dFfP88aGlEc+cPOe3Nd1/e4L3ioAVTsdjuMadyScn5+v1ev1Uq1WG9l2weVy1TkcDsXi4uKCxWLR0qRTW1Lrp+nTaDRptVr9v9jpdO6i4oVQKIRUKoVIJAKr1QqdTvd2dnZ2gKYGPB4PTCYT+vr6Rv9NrrXb7XM8z4O9UqmE8nO73RgbG0tTAgwODsaVSmWrVCrdXRZW04XLNpstFAgEUCgUsLm5KRiwSSQSSKfTCIfDUKlUUCgUTSKRqJZpGXI1nVfBYFBAZgKGzZbz+TwYjc+mRcjSiXxmHTMzM5DL5e1l6ipa1N0ychmbEfj9flAyrAR94E23EPeO45dTDXa/TCabrhiYzWYTQyzjMvRisQhCiHD38pdnWHWPoPDbh6XJJny3TEEikegrBgaDIZrL5SpChp3NZpHJZBALu+DWXkB2dRLZcD/W/FPQPTlXui2+2VgxME5MRFkawy4LWWGpjQ0sm3oQW9IgG+oC13Mc+bgG3543lr4+PXO2YmAdGuJYByxdENIik8kkIl4DlvUdyEVfgPiawSnrkeHFSATewKo66bI8PFEnGHjFouF0by/yRqOAv0GTk4k1uF9fwTotLvOjDWnP+b/jvURPGQBveIRP9xvuCAZ8S0uN70brHOnuEkpjhfKfR8Fz/chFHgvpae9FekKD8CWB6yA/teC6j/wy3Dt8SLgj0NxcY792dVgrFnOj7W1x7sHpIon5kVvTIxulHUTHt8xLFFIOrJhH8L5j//i2PxPFi5mUx4hRfpTQJEKTyEfZQfKh8wChIqKX7CN68V7yTrTH+Aes5yJtFoFr+wAAAABJRU5ErkJggg==', 'Greek', 'mi integer ac', 1, 1);
insert into Books (ISBN, Library_id, Title, Publisher, Publication_date, Page_count, Summary, Image, Language, Keywords, Total_copies, Available_copies) values ('828439612-2', 5, 'Vamps', 'McClure Inc', '1933-06-20', 665, 'Vestibulum quam sapien, varius ut, blandit non, interdum in, ante. Vestibulum ante ipsum primis in faucibus orci luctus et ultrices posuere cubilia Curae; Duis faucibus accumsan odio. Curabitur convallis.

Duis consequat dui nec nisi volutpat eleifend. Donec ut dolor. Morbi vel lectus in quam fringilla rhoncus.', 'data:image/png;base64,iVBORw0KGgoAAAANSUhEUgAAABAAAAAQCAYAAAAf8/9hAAAABGdBTUEAAK/INwWK6QAAABl0RVh0U29mdHdhcmUAQWRvYmUgSW1hZ2VSZWFkeXHJZTwAAAMPSURBVDjLpZPba5tlAMZ/75cvadOmzdI2jTNp03TDJM457fAwmYeLyUBU2EBRmBfzwgvFK/0DBBF2oxc68MKK4EAKiqBUGV60qY4yWbVh2cza0nXFmqQ5NS1pvuP7fl50ThG88vkDngM/HuF5Hv9H+un3vtuXGArN9fcEEngCPIX0PKTjYFkOjuNgmxaWZeEaFtI0sA2TVm2rtF68eUJPDvcVjh0aSaRiAwCo242k8lDK2zOTCqk8pJRI5eFIya/53wZy1k5Rjw/2JqI9PpbXK7hS8kvhFo8ezXBlcZkH7hvFdRSL126RzY5x6VKBkbFhpFTckwgTvWt/RBdiL9XvEzTbio4r6Eg/zY7DzOUVpFQoT8MmiCUCNOo7JBMRXKUQQiDeuTDvaa6BpjyE5uPYRJotO4BU6vYMcKXCVYqknCVRmcYXOsxufY4vF+PoP19ffyUT9c4Nhnt90Wgi5gsERWmlSKnSwHYlriuRUpHuX+RQWhI8fIZw6kFaa2lO1ie3xV8Y3/hg+otH7k+9nBlPEg71kB7W7qDqlL/HaF6hLzxBc3WJ8OABAn3DFGc/N3WAF979ZjQbD5+KRQexJYS6/uZs1n/Eal4mMn4SqzxFoEewnr+BY9oN02g/pj311pQwmq2vMqlYN0IHodHfLfaSN3MYlYuEDzyDWfoE4d/CH+rD61T48Ifg1ENvfr2s5d5/yctkU0cj+yKUWw5SKYJ+QaX4LTu/XyR88HnMPz5G8zvYO2OU5vLMhl5nxUgdB9ABTFtp5XqL1fIupjVEfmaSE2Mlsk8+h12ZxBfwMLeTlOYW+Mw8i7QFmrajA2gAruPgSIXtumwuXODpZA1JnHLhIxQmu804a7mrnN86w8ZuD7om0AOBg/9oYGMYNiNDXeyv57j3+KcsTb3N8k/zdI0eYbdRphB9jaG7h4koRadt4No2dwzW8tdudKq1jL+7l0ytin19mtSRx9muNVhdWGIm8CrV1Rp4myilMNttqhsb5wHEv+/84hMDxsR4TH84m8LzW/NGtXb22XNXb/7Xnf8EvI+SIusIR2cAAAAASUVORK5CYII=', 'Greek', 'in faucibus orci luctus et', 1, 1);
insert into Books (ISBN, Library_id, Title, Publisher, Publication_date, Page_count, Summary, Image, Language, Keywords, Total_copies, Available_copies) values ('307658291-7', 2, 'Rage in Placid Lake, The', 'Witting, Gutkowski and Kohler', '1957-10-31', 842, 'Aenean fermentum. Donec ut mauris eget massa tempor convallis. Nulla neque libero, convallis eget, eleifend luctus, ultricies eu, nibh.', 'data:image/png;base64,iVBORw0KGgoAAAANSUhEUgAAABAAAAAQCAYAAAAf8/9hAAAABGdBTUEAAK/INwWK6QAAABl0RVh0U29mdHdhcmUAQWRvYmUgSW1hZ2VSZWFkeXHJZTwAAAJ/SURBVDjLpZNLiI1xGMZ/3/edOWZojjkiudbMuEVMM4SMBVlbSUpZyAIhG4qlkcJWycZOSslCMTNFuYVpRrkzLuMy5tA4xulcv//t/Vt80ZTLxltvz7N43vd5F+8TeO/5n0r9JNLTs9A7t8FbO0WsfSvWdtdv2VIAKJ45kxWtt4rWh5xSQ6LUyeldXVcAAu890t29zzt3hPp0ljBCyiVMofhMjNkmWldE64t1U5qWTpjXiiuVqDx8RDX35ZxTalfgrl7d6K2+HC5cQBBGYAyk05jhYWrPX350WpcbWpsX17e0QGEMwgiasnzv7eX7oyfHUmLt3mjWTIJqFXJfwAlYS13zHKKV7XN9rInqG6D/AYgkBo0TyXSuId/Xvz0lxiyJMhkYegfGghdwDl68JpycgSiAwTeAgLYJ5scIWgUXx5mUGJPGOYgVKJUs0CZZMpIDaxNnEfAOlAFxYDSilKRE66K3dlpgDcQ1sC4ZtjbB8dxacBZSIYQhTqkwFKWu28FBmD0TKmWo1SCOwagEdZxgrZYYlEowv4X8jVuIUudDp9SJyodP7+NPI9C2FNJRIipXk4FqDVQM1QrUhbB2FYXRMXJXusdE667Ae0/++PFlotTZhmzjiknLlxOO5mDgCQRBcnq1Cm2L8M3zGO3p5fPte0/FmN0d/f13gp+v/Pnw4clOqQOi1P5sR1tj46wZcPceFMuwdjXFbwXen7+gRevTYsyxjoGB/K9PHF/vduxY4ZQ61dQ8d/XUDevBWfJ37jJy/eaQaL2z/f79a+P1wZ/C9Grz5ian1FHRek92zozg68s3l0Trg+19fUO/ib33f+3H69ZtetjZuf9fmuB/4/wDFoO2ZVesLdkAAAAASUVORK5CYII=', 'English', 'vel est donec odio justo', 2, 2);
insert into Books (ISBN, Library_id, Title, Publisher, Publication_date, Page_count, Summary, Image, Language, Keywords, Total_copies, Available_copies) values ('412585693-1', 5, 'Besieged (a.k.a. L'' Assedio)', 'Nitzsche, Schumm and Kemmer', '1945-04-11', 643, 'In sagittis dui vel nisl. Duis ac nibh. Fusce lacus purus, aliquet at, feugiat non, pretium quis, lectus.', 'data:image/png;base64,iVBORw0KGgoAAAANSUhEUgAAABAAAAAQCAYAAAAf8/9hAAAABGdBTUEAAK/INwWK6QAAABl0RVh0U29mdHdhcmUAQWRvYmUgSW1hZ2VSZWFkeXHJZTwAAAEXSURBVDjLY/j//z8DJZhhmBpg2POQn2wDDDof8HvOe3osYtXzDzCxuM2vP3gvfn4MJIfXAP22e0Ies58eK9r2+r//3Kf3YOIhq17eK9v95j9ITrv2jhBWA/Ra7kVEr375vXDrq/9+s57eUy+4IY0kJx2w6Nk9kFzE0uffgXIRKAboNtxlC1/+/GPljjdABc9+q+ZcM0Z3qmb5LWOQXOmml/8DZz7+qJB0hQ3FBerFNyNC5z/9nrXqxX+Pvgf35OMuSSPJSXtPfXQPJBc089F3oFwE1jBQTLkiZNtw51jq4qf/XVvuwsPAa9Kjexkrnv8HyclFXxTCGwsyERf4LctvHvPuvAePBf8pDz/Y1N45BpIbKUmZFAwAR3nW32nUrY0AAAAASUVORK5CYII=', 'Greek', 'semper porta volutpat', 5, 5);
insert into Books (ISBN, Library_id, Title, Publisher, Publication_date, Page_count, Summary, Image, Language, Keywords, Total_copies, Available_copies) values ('071106571-3', 5, 'General''s Daughter, The', 'MacGyver Group', '1986-10-19', 337, 'Curabitur gravida nisi at nibh. In hac habitasse platea dictumst. Aliquam augue quam, sollicitudin vitae, consectetuer eget, rutrum at, lorem.

Integer tincidunt ante vel ipsum. Praesent blandit lacinia erat. Vestibulum sed magna at nunc commodo placerat.

Praesent blandit. Nam nulla. Integer pede justo, lacinia eget, tincidunt eget, tempus vel, pede.', 'data:image/png;base64,iVBORw0KGgoAAAANSUhEUgAAABAAAAAQCAYAAAAf8/9hAAAABGdBTUEAAK/INwWK6QAAABl0RVh0U29mdHdhcmUAQWRvYmUgSW1hZ2VSZWFkeXHJZTwAAALeSURBVDjLjZNLTxNRGIb5A2Xh0rULjJqw1BCDprXQAuICDBEBE7xFJQY1giCKEARCF9rUljuEFiOIBokFhYIFK6Q2Ei6V3oW21BKFdnq/93VmQomACyd5M+d8Oc9zvjM5kwQg6e/Mzs6myeVywcTExLxUKv09PDzsHBwc1EkkElG/WHRq7/qdgUqlYpCwkITDFosFDocDbrcbPp8PLpcLGs0KRC8aIm3CerGA35S8S7ANfzCZTIjH4wgEAqAkZrMZm5ubiEajiEf9iPh1kMteoqW54nNTY03yjoDamYLD4TCoJxKJgJobjUYQBEFLQ/6fCHpXEAsaMD7ai7rHZWJaQMLHybZjXq+XBjweDy2x2WzQarWg6tFoBD6XFiGvhu4iTOZO+fXYvbs305JIWGi1WkFFp9PREHVmSmS32+lxKOgiBWq4Vgeg7S+A4V0DFrrY6HzEmUxKTU3F/+T2pSOwT1WAWHoPeGxwLg3hUzM3QgvUajX0ej0UCgX6+vpogHqvr6/T9bFXFfi1+BAh6wjs8hb4l98iuqYgu7gapwXUogRESahQNSql54/Boa5BzK+A33QLW1/LoBGXYqn3Gi4X5RP7BFQSsGG+H47lB4gF5uAzliBgKYR7pQqmnlxMymXIzM1b2XeEhKg4OwV2VcU2XIyA+QJc6mroW7lQqRTofD2KzOzcjn9+xItZh7EkLSfbnkFgtRRBSxEIshODiIMZpRLfzE6kn+HGWOyME/RF4vP5wunpaWwQVkxLefg+WoXFsWdYV+bDt1qIrYVK6NvP4odaCfPGJhoFXWBmcDt2biKPx2PUP62TDYxIMNjMBNxr0LbnYarqIL60kru2MKFZ+Ain04nu7m4wWezx9PR0xq6fqba2llFZfb+j/spRhOYECCmfQ9lwGkM3DmFmSgzJmx5wuJwwi8USJuBdgkTyTx4INZakxGRNnLjkCTtSXJBJ5JzLUmflcNpIOG3v+j9k/eSwcE1V7wAAAABJRU5ErkJggg==', 'Greek', 'posuere cubilia curae duis', 4, 4);
insert into Books (ISBN, Library_id, Title, Publisher, Publication_date, Page_count, Summary, Image, Language, Keywords, Total_copies, Available_copies) values ('180527993-9', 3, 'Pastoral Hide and Seek (Den-en ni shisu)', 'Walsh-Armstrong', '1995-04-20', 734, 'Phasellus in felis. Donec semper sapien a libero. Nam dui.

Proin leo odio, porttitor id, consequat in, consequat ut, nulla. Sed accumsan felis. Ut at dolor quis odio consequat varius.', 'data:image/png;base64,iVBORw0KGgoAAAANSUhEUgAAABAAAAAQCAYAAAAf8/9hAAAABGdBTUEAAK/INwWK6QAAABl0RVh0U29mdHdhcmUAQWRvYmUgSW1hZ2VSZWFkeXHJZTwAAAJhSURBVDjLdZPda85hGMc/v+f5Pc8e2wE2QtiMyZh5K4RSpCkHxJnkSElOxJFy4kDyF3DopR15yUst2pRpJw4cSJLETCTb0mxre57f775eHPyevdBcdXfV3X19ru/36rojd+fwuZtt7n7PYQRnt+O4A+5kyaePaSAko19e3rm0GiAme3DaobV9Q2M0NDyK+1QRZDDDDX6PTlBOHPO4mWpkANjbvmFltG/TShqXteMZAXPLulrWffGCWmpLMXuOnOEvAO4L29uaePr6EyMjk7gZADalwh035/fYJJUkZXZULRDFxZi1G5toWVKPKrgbZo6qo2aIOeVK4O793rkAjqrxdWiMYq5ApVIhJCli2b2QJy4UWVRXg7nPAQBMDdFAkiQc3dGSyc/U4e7cevGBUCrwT/2MgqCGBkE0R2fve5IgiDoqhhBRKBZJJRvqnAARIw2B1MBzNUSFAuQciwwzI9WIVP8LgCCKVIQkKKJGUKvmDL5+4BFrPj5g29AAv4olujviix3dcm1GgRohCSRBMzvqpFVIa/9jdiV9tJ48Q01zG+W33bzv67nSc6AwkZttIaQZIBWjHJQ0KIkYy991sm7fMUqfe4luH6e2/yGrmhryHvn5eGphUlEkEZJgBDNUnGBKCM788UFKS5vh0IUZ75eXkbdo1fQMVB1NNbNghogh4og4Y7UNTL7pou7JWZLyTyaB8bE8mufH9AzI5di+cxMeRag6oo5V8+iWE7x71UVj/TzifIHxYWFgMFLHr08Bep51vTqV/bxZ+4+Dw3NfwX7byuZvPTSkYPncd8dvHOyWq38AFgvYQWlFsCQAAAAASUVORK5CYII=', 'Greek', 'mattis odio donec', 5, 5);
insert into Books (ISBN, Library_id, Title, Publisher, Publication_date, Page_count, Summary, Image, Language, Keywords, Total_copies, Available_copies) values ('444040743-9', 3, 'Strangler, The', 'Kerluke LLC', '1985-05-11', 653, 'In hac habitasse platea dictumst. Morbi vestibulum, velit id pretium iaculis, diam erat fermentum justo, nec condimentum neque sapien placerat ante. Nulla justo.', 'data:image/png;base64,iVBORw0KGgoAAAANSUhEUgAAABAAAAAQCAYAAAAf8/9hAAAABGdBTUEAAK/INwWK6QAAABl0RVh0U29mdHdhcmUAQWRvYmUgSW1hZ2VSZWFkeXHJZTwAAAI9SURBVDjLpVNLSJRhFD2f/+QThVHKJ41Ti0pblCAKrtJQ7LGT0E21CUEisFUtioIeIEGLICkwahUtooW4aAQTcahNBWE1gWOY4yQIio8c5/vuo8X8jYuCBO/mfmdxD+ee+x2jqthJ5WCHFYg97U8wc7UIg5nA7EDkQGSz3TkLIhs5dWu84y8CZq7e09IJVYayQIUgwlAmKDsIE5QJH4aftP9TAZGDCCG9koQyQchB2GU6WQhZ5JVU4lHxAAZvvlEmBhMzOeqbvHfycYDIorzu9H935fExXO9pAIsisbjuPXj5/i6ADMG1kRnEkmtgKyDLYMugNGfxwaoikCNYUtSHgjgaDuL+83elABBwLo3e3ZPYyJn1JTuwL/0PLiwL4UKiESUFBrMLyzhQE4SzDlkCcRZsU/6gyw4K2YyR5OCsgyPBl8Q6Upa3CKzdBJNFbnF5xnHynRfyL8BQcji29hru9lWEk3HY0gq0ppsAnIM5c/yIqgpEBKoC9buoZrAqmosFnfWVqGvrQl64HqlPEUxNjGLl29dLOS9GP5qppPse3N+MqsOtiC2aVKihEyW1TZheyh0bjsZNI8/NHGrrQn58HOZZDwpnXmFfbRnUaH/Av9LZaDQ6ACAFYCgSiVz0330A4IkJ51eEgROXtz7QjUp4YmrNdsIUaQ/MtXSfryn6MYJ0agEbANZWPcTimN9WmApLy4c+v52gn5sFWPV2YXnJYHresAIPzXbjHO3ee+XXUrLXYxNiT+cVGOyI0J3frMiI4RHtXVwAAAAASUVORK5CYII=', 'Greek', 'maecenas tristique est', 1, 1);
insert into Books (ISBN, Library_id, Title, Publisher, Publication_date, Page_count, Summary, Image, Language, Keywords, Total_copies, Available_copies) values ('619018678-5', 5, 'Diva', 'Quitzon-Hartmann', '1901-12-22', 185, 'In sagittis dui vel nisl. Duis ac nibh. Fusce lacus purus, aliquet at, feugiat non, pretium quis, lectus.

Suspendisse potenti. In eleifend quam a odio. In hac habitasse platea dictumst.', 'data:image/png;base64,iVBORw0KGgoAAAANSUhEUgAAABAAAAAQCAYAAAAf8/9hAAAABGdBTUEAAK/INwWK6QAAABl0RVh0U29mdHdhcmUAQWRvYmUgSW1hZ2VSZWFkeXHJZTwAAAJtSURBVDjLpZPtS1NxFMfPH+Arwb+jFz1Q9GK+aLBXkWQvgoRehRDYAyxEY2StB8SILBJnWZY4HyhDrbR06YssW3O54dRNr7a2Zbq2u3u33bt7b347LhhqYlA/OJwfB87nd873nB8BoP+xPwK6i4q0EbLl3tC4MkRGdpCMzEsalwfIJvVR0Y4ATjZpwyToQSuMlR7o4gj05GtosQ4o01aIz0lIPCPTtgB9hMo0jwlG1MFJXVCjdcgKVcgETyETqoLytRGqcBepURNWuqhsE4BLLs4Nk2x8d0JbbcbQncNorzHD3VkOt/No/j54y4z07Dkoi61Y7iA51k7FBQD3a9dDtfyyE2qkOp8guCry/vf9RN6LHw8xpBaStxaRNrIXACyW14j3IfftGpSlM8guVCIzdxLpwHHIU2WQPBZOLkXy3X6IHyzILrYh3EreAiDzinKGPMp9XoC/7xL8/TfhH9hi/Q3w9dYgMbaHAQ4stpBYAKRfkKgnB/n184hO9SMZCUCMzW2y9VjE48SPt7tY3GYsNJNcAPB8vfpKLwOqIS5046euYesxNBXxqQau4ADSoQeYbdzQAs/Xng3YoMbuQQqchppa4vDahvQ1KPFpxF37WMBKrL63wd+wQcTEUyqJ95Cshp+wgBch+SqQCXdCk4LQUjOQ5x1c+l4W8AhSgSb46kmevEolmxaJl6M84TIjO9/EItVDmjzGqh/kknezL2XoWSR9jRC6LfDYqXzbVeblMPN8haTbiozwiKfyGMqXVsjBFiyPWfH5BgmfrpBlx88UfkhFS/epTnDQRKiJMHOb1vud8F6nOvflv3ymf7Ff4B/4xZL2LgEAAAAASUVORK5CYII=', 'Greek', 'convallis eget eleifend luctus', 5, 5);
insert into Books (ISBN, Library_id, Title, Publisher, Publication_date, Page_count, Summary, Image, Language, Keywords, Total_copies, Available_copies) values ('175696219-7', 5, 'Martin & Orloff', 'Gulgowski-Weimann', '2017-04-30', 149, 'Curabitur at ipsum ac tellus semper interdum. Mauris ullamcorper purus sit amet nulla. Quisque arcu libero, rutrum ac, lobortis vel, dapibus at, diam.', 'data:image/png;base64,iVBORw0KGgoAAAANSUhEUgAAABAAAAAQCAYAAAAf8/9hAAAABGdBTUEAAK/INwWK6QAAABl0RVh0U29mdHdhcmUAQWRvYmUgSW1hZ2VSZWFkeXHJZTwAAALiSURBVDjLhZJdTJtlGIa/hISExGRHO1BjthEiRp1HzHgEo4vGYTAkGwElohkpyIYRyFhZgQIBAorVqtSyCmxpC8Gu42dFkLBVWBijShYYPxJBQYSQEMeQn69rbLl86uaMMN3BffLmve7nen8UQPlXBqzREiMeywgD5gBXTAF6a0foqTLSZojeuX8nnC+gircVxjolbhjtgOt26DeDq0DFmZu/u2DAGk7/uR6GHXDTJZst0F2DTIWOEmjTQacBPB9Dux6+TOvBkhz+T4HHYsIrcKigtzYgoEZ0Ix5Maj4VgU2r2XQkBaebU5nprGK08RXGzM+lC2w+yLefBRhukYnVATrK9tFe9JjoVoruEI7sIWwnKpe6nj6x7NGxdqsLNpa4c8vF8Eev/qbQZzQx2CR6ppCuhnbdk1zM/5mvK6A1F1pOsuVKYXWiZNv/62WW+2tRx9sIzA8ycV77hyK60ww57p3NdTpCdC/iLoemdCfW1LhV56GC1Yni7aA6iPpTDre/e48f7BlMNqSjGl6YUUTXz5DcslOmObLDRFfF/i6cOx432XeqfHX8LEHfDbZm38a3kMb6lJ6FL2JRL2hBH7mmiK6fwUawa0O3G0F9CtQnrdz8JMaw/L3uPpyO75c3+X2iiFmzZt1neOavo1F8YEOR253hUgGiq1KXFI4pIba74vFjU9+cDgbVa/jmMri78BZrYjJjPnJ39sMXowRcpCYmVDCpUP/G+6KbyeeJe0JP1pD9VMZkt56xHhOL3mS25tK4PVrIj3XxK9PGlyIfPG3xgThJsrLzazo/OALr80xbj+PRP8H1+qNcrYzFZjzTsOvb7/rKkgrt8wH/jTr83k/xVsXzVeb+gKW2ZLu6unqztLQ06pEFKYf3BmveeZarNQnBK0bNgFt3MFJgu8AbhYWFbf9b4Ha7X3M6nYs2m61450aBy/Ly8vpzcnJe/s8Cga0Cv/6ws4YicGJWVlaCJOzvtT8B/ZHVkQhA0SkAAAAASUVORK5CYII=', 'Greek', 'aliquam erat volutpat in', 1, 1);
insert into Books (ISBN, Library_id, Title, Publisher, Publication_date, Page_count, Summary, Image, Language, Keywords, Total_copies, Available_copies) values ('063994786-7', 3, 'Latter Days', 'Kutch, Bode and Jacobson', '1972-12-05', 232, 'Suspendisse potenti. In eleifend quam a odio. In hac habitasse platea dictumst.', 'data:image/png;base64,iVBORw0KGgoAAAANSUhEUgAAABAAAAAQCAQAAAC1+jfqAAAABGdBTUEAAK/INwWK6QAAABl0RVh0U29mdHdhcmUAQWRvYmUgSW1hZ2VSZWFkeXHJZTwAAAC6SURBVCjPfdHhDoIgFAVg6jlq6x10vGdbrQfsR7bcskSTgE73gjAtirP5Qz/hsiNEWIuvpLUWhZCZbMQygEK31ll85rCNRPJnjQc6SosrzjgSUNiNRLLXGNATUmhQo6I3PU7YMwngSSBE4YbLeMwAmiUC3sP4Z0ekpjCbAeP/Mp60uBObAONjE+GR1RTYCbD+KL7XDMwTZvoDjL9XBC4PaGzHoNSdfWV3cUNDPVFZZbYsTiFWv8pOhb8BUJ5M7qO6PVQAAAAASUVORK5CYII=', 'English', 'faucibus orci luctus et ultrices', 3, 3);
insert into Books (ISBN, Library_id, Title, Publisher, Publication_date, Page_count, Summary, Image, Language, Keywords, Total_copies, Available_copies) values ('311045061-5', 2, 'Moonlight Serenade', 'Bins Inc', '1967-05-09', 76, 'Integer ac leo. Pellentesque ultrices mattis odio. Donec vitae nisi.', 'data:image/png;base64,iVBORw0KGgoAAAANSUhEUgAAABAAAAAQCAYAAAAf8/9hAAAABGdBTUEAAK/INwWK6QAAABl0RVh0U29mdHdhcmUAQWRvYmUgSW1hZ2VSZWFkeXHJZTwAAAJBSURBVDjLhdKxa5NBGMfx713yvkmbJnaoFiSF4mJTh06Kg4OgiyCCRXCof4YIdXdxFhQVHPo3OFSoUx0FySQttaVKYq2NbdO8ed/L3fM4JG3tYPvAcfBw9+HHPWdUlf/V0tLSqKo+EpEHInJFRIohhDUR+RBCeDM7O7ua55QSkRfVanVufHyckZERrLV0Op2Zra2tmXq9fg+YsmcAdyYnJykUCke9OI6ZmJgghHAZ4KwE3ntPs9mkVCohIjQaDWq1GiEEAM5KoHEcY62lVCrRarUoFotUKpUjIL/y/uqXYmV62ph/LSVrr30P4bEFcM4B0Ov1jk547/uAUTs1ceNdZIwB7V/GGHz6+9LXxY96eDiEgHMOY8xJAK8p4grZz5cElwNbwZgyxYu3EFM01lriOCZJEqIoIooiALIsGwA9Y1UcwcWoKNLdpLu9zvbnBWqNBhuvn5EDUmB0EH/1E2TZw5U+YLQovkun+Ytsaw1xCbnCOap334LC7s4Oe/ttvA+ICLmhMXRxDufczUECS37oAuevPwUEVFFp4/eXkXSdYc2IopSepnjtUh5/wg9gfn6+OQBUNaRIUkfDHhraSLoBKqikIF3yHJDLHaAkFOLciVHnyVAVj/S2Ub/XRyQD9aAZKgkaOohvo6ENgykcA07VEFDfQv1uf4W9Y8y30bCPhg4qKZJtMnjTPqBO/vhkZ7h3EJeRslWNQMqgY2jIAIfa/m5sIKSpqpPsGEiz599e3b+GchtD+bSvjQJm2SG6cNj6C+QmaxAek5tyAAAAAElFTkSuQmCC', 'Greek', 'sem duis aliquam convallis nunc', 5, 5);
insert into Books (ISBN, Library_id, Title, Publisher, Publication_date, Page_count, Summary, Image, Language, Keywords, Total_copies, Available_copies) values ('751010292-8', 5, 'Moulin Rouge', 'Oberbrunner LLC', '1979-02-14', 757, 'Etiam vel augue. Vestibulum rutrum rutrum neque. Aenean auctor gravida sem.

Praesent id massa id nisl venenatis lacinia. Aenean sit amet justo. Morbi ut odio.

Cras mi pede, malesuada in, imperdiet et, commodo vulputate, justo. In blandit ultrices enim. Lorem ipsum dolor sit amet, consectetuer adipiscing elit.', 'data:image/png;base64,iVBORw0KGgoAAAANSUhEUgAAABAAAAAQCAYAAAAf8/9hAAAABGdBTUEAAK/INwWK6QAAABl0RVh0U29mdHdhcmUAQWRvYmUgSW1hZ2VSZWFkeXHJZTwAAAJASURBVDjLhZLNa9NwGMe/WRKXpp19L6WrdVsZHgq9aBF2cFDRDi8WxJPssqMXDx4H+xuGFDz1YC+eBvUgnWDc0FqoL+CmHlylthurdWqG7bY0zUvtL5CSxYOBh+f5/fJ8P89LQg0GA9ifu68XMzOB8INJ/kL8WKGwf/y5WW817z/KrBXtuZQdMBRfuz5z+emcb4E97LvwtXsG3aMOfiiP1Y0Pwu3ineenIGN24nm//+GsN8U2dQ3bf4BnByJe0luIhsKM1+Fatecz9ovZs9NT7+QaPFoKG3sStOgOPrFPQP92YtoTif4XoOkyTmTgTUvHN5EBdxKFo7sEyr2Jnlr7Z1+jEarVqlCpVAa7P0U6pEg4kmqgxjgcfPdAP9xDnAPqu7/oQqEwyOfzwinAUDzvcDjSyWQSVzxZ7Oy/RSZE45JXw9w5BTeTW/jSfo+l1D1ks1kEAoF0LpdLj0ZQVXXF5/Oh3W4jPD6Ji+O3UNxeg6q9AsP28bHVwo2pRfBdHo1GA/F4HPV6fXkofUGVy+V5nuc3Y7EYOp0O+v3+yIZgkM9MURRomgbLspiYmIDT6YQgCAR2lVEUZSUYDGLojSSO4wwz/w/irbGu6+j1ekgkEqjVassMqSJJEkRRhCzLoyRN0wxvns07cmYYBm632+iQANKkMmnZTLAL7GfiXS4X6TpNRjBIxMyq1sp2iPnO1DGm0BTbIfZRzJ2Q2AAQkt/vH1WyJpjLI7F1ocQikcgIsF4qlRbMlqwjWWPrmJau1/8CtF7RM3ksOU0AAAAASUVORK5CYII=', 'Greek', 'sit amet consectetuer', 3, 3);
insert into Books (ISBN, Library_id, Title, Publisher, Publication_date, Page_count, Summary, Image, Language, Keywords, Total_copies, Available_copies) values ('097345226-9', 4, 'Croupier', 'Satterfield-Anderson', '1926-06-04', 597, 'Fusce posuere felis sed lacus. Morbi sem mauris, laoreet ut, rhoncus aliquet, pulvinar sed, nisl. Nunc rhoncus dui vel sem.', 'data:image/png;base64,iVBORw0KGgoAAAANSUhEUgAAABAAAAAQCAYAAAAf8/9hAAAABGdBTUEAAK/INwWK6QAAABl0RVh0U29mdHdhcmUAQWRvYmUgSW1hZ2VSZWFkeXHJZTwAAAHFSURBVDjLpZI/aFNRFMa/m/eI0eBUBNuYhgrqICg4l0Jra0AFp2C7BMFBdBKngiCdxM2tHSIUwbUIkRpIh1jUVYoUB8HiUEuLUPL+3L/vnnvdooIpqT3jOYff9/Gdw7z3OEqF/QaL69wLY5Eqg0goPL9dZv/ay/UDCG0xMQJcLYXopuLwDmKpIWUIpQhR9B+Abqqw/EkgSgTiWPYFsKOGmDto2Gq1fLPZPFCh56DT6XjnHIgIWZZBKQUhBKSU4JwjTVNwznu9RqPB/srAGINqtcoGsV2v1/2hM/g4V5m3vHvfclGmwG8DWLzWts/Yw/W7nhyBnINzhKXpVwwA7ryteW01lDa48mUPt5KCOT9Vyx8buwj5uY3N92t4ke0iZ8liunQTM2duICPbU1SZwkRpEuOj47iw8RXnpmr5wrd3YC/ncGLrNc5WhjC5EyO0RCBn4TzBEvUAUmnEJkJqElyODQqnx4Drj34/0MIwTglCaMnizdYKyDmQ+wOgFVY3W9Da4FIxgNhYRbH5AFruQgBI4gD7x4PBQvwwW1rInyw+Lg/ZMMxtI/lp8X0voEz5J4NfYXZ0nu/v3AuIVSjwPzywVG3bp78AeAkDORpY/RgAAAAASUVORK5CYII=', 'Greek', 'lectus pellentesque at nulla suspendisse', 5, 5);
insert into Books (ISBN, Library_id, Title, Publisher, Publication_date, Page_count, Summary, Image, Language, Keywords, Total_copies, Available_copies) values ('127146835-2', 5, 'Hell''s Angels', 'Spinka, Schroeder and McCullough', '1939-05-25', 121, 'Cras mi pede, malesuada in, imperdiet et, commodo vulputate, justo. In blandit ultrices enim. Lorem ipsum dolor sit amet, consectetuer adipiscing elit.

Proin interdum mauris non ligula pellentesque ultrices. Phasellus id sapien in sapien iaculis congue. Vivamus metus arcu, adipiscing molestie, hendrerit at, vulputate vitae, nisl.

Aenean lectus. Pellentesque eget nunc. Donec quis orci eget orci vehicula condimentum.', 'data:image/png;base64,iVBORw0KGgoAAAANSUhEUgAAABAAAAAQCAYAAAAf8/9hAAAABGdBTUEAAK/INwWK6QAAABl0RVh0U29mdHdhcmUAQWRvYmUgSW1hZ2VSZWFkeXHJZTwAAAEdSURBVDjLjZIxTgNBDEXfbDZIlIgmCKWgSpMGxEk4AHehgavQcJY0KRKJJiBQLkCR7PxvmiTsbrJoLY1sy/Ibe+an9XodtqkfSUd+Op0mTlgpidFodKpGRAAwn8/pstI2AHvfbi6KAkndgHZx31iP2/CTE3Q1A0ji6fUjsiFn8fJ4k44mSCmR0sl3QhJXF2fYwftXPl5hsVg0Xr0d2yZnIwWbqrlyOZlMDtc+v33H9eUQO7ACOZAC2Ye8qqIJqCfZRtnIIBnVQH8AdQOqylTZWPBwX+zGj93ZrXU7ZLlcxj5vArYi5/Iweh+BNQCbrVl8/uAMvjvvJbBU/++6rVarGI/HB0BbI4PBgNlsRtGlsL4CK7sAfQX2L6CPwH4BZf1E9tbX5ioAAAAASUVORK5CYII=', 'Greek', 'lectus suspendisse potenti', 5, 5);
insert into Books (ISBN, Library_id, Title, Publisher, Publication_date, Page_count, Summary, Image, Language, Keywords, Total_copies, Available_copies) values ('428330752-1', 4, 'Awful Truth, The', 'Koch LLC', '2005-10-30', 594, 'Vestibulum ac est lacinia nisi venenatis tristique. Fusce congue, diam id ornare imperdiet, sapien urna pretium nisl, ut volutpat sapien arcu sed augue. Aliquam erat volutpat.', 'data:image/png;base64,iVBORw0KGgoAAAANSUhEUgAAABAAAAAQCAYAAAAf8/9hAAAABGdBTUEAAK/INwWK6QAAABl0RVh0U29mdHdhcmUAQWRvYmUgSW1hZ2VSZWFkeXHJZTwAAAJtSURBVDjLjZPLa1NREIe/m1dr1aY22tb4qEkEX4hYaKG+7UIFS5auBOlG6bbgHyC4EHEhKCjiVhBcaVWsBSVgikLF2iqxPqI1llrTxiba9N6Tc+64CAaDFRw4DDNwvt/MOTOICP9zpjo7ZbG8h/+0/p6eRfOWiFSCVColxhi01vz2Wmuy2SzJZJJwOEwsFiMej1u/7/j+pJVKJaLRKAB/gkWErq4uRISBgYGqCqoAWmsAHo+XOzMCxgVXXIyBI1s1juP8G6CUQkRoa/m+6EOq7Cgd3vu8v5OR+ZkElj15YlHA0y8rcMVFu+UKtIFmfY+dnhe0bD9OMLKTuY+bePPw+vm/AADtq2eqlK1CgqB/gqX1u8l9SBGwFMvrW1gWWh+sAjiOg4iQ+NSIEUG7ENJD7A+nCUYO40zdJFBnMTHyhpKtZu2Fn7uqAHkzh4iwZ122rF54RqNvjGAsjj15FU9A41/WSm1xbLr403ekvW/wbWWQTj/t3fC6YRgRwXVd7t84w1L9kuDGOPbkFTz+EqqwgczjZ6gfxe62vsGRql9wXTfi8XtJ5ceo+/yOg+2raNp2FPX1Ot6AYOdb+fbkOdeCIT54fev7YRgoj3Jf8lQ9xnoU8q9kKHGZgJ3GsI6psUu42Mzn1jA99IoLfi8NzTG0MhcOXezaXgEYbXodpeRddpzW6Rxb95ykJvOEt7eTjAzkeNGf5IG7mYJaQq4wg9Y6bLR7ttKCuVV7DsACxtU06vVdIjv2ks/Okh5OMVp3gMLXIo1WE7OZ76xVrTU1qjb+1zIBHNvXuNAWbfZ1bIkgfmdo4Vu2p/vcaPpfW/oLvSN/oHdKKLQAAAAASUVORK5CYII=', 'Greek', 'id pretium iaculis', 4, 4);
insert into Books (ISBN, Library_id, Title, Publisher, Publication_date, Page_count, Summary, Image, Language, Keywords, Total_copies, Available_copies) values ('802296206-6', 5, 'Kenny', 'Kirlin, Nolan and Crona', '1973-01-13', 653, 'Proin interdum mauris non ligula pellentesque ultrices. Phasellus id sapien in sapien iaculis congue. Vivamus metus arcu, adipiscing molestie, hendrerit at, vulputate vitae, nisl.', 'data:image/png;base64,iVBORw0KGgoAAAANSUhEUgAAABAAAAAQCAYAAAAf8/9hAAAABGdBTUEAAK/INwWK6QAAABl0RVh0U29mdHdhcmUAQWRvYmUgSW1hZ2VSZWFkeXHJZTwAAAIzSURBVDjLpVO7a1NRGP/dm9ubpGlMioGiLdFBHCyFtksHZ6tiQZAMEbqZwTGgkw7B3cmugoOL/0ATujadlIZchCwGWlERF5XbNOc+zsPvnNvUQmMWAx8f5+b8Ht/jWEop/M/POXvodDpvOOebcRw7lEHZRBRFOr+rVCoPxxJ4nlcgwOtisVhJp6cREghSwngjh7OzRezstKp0Ok/Q7XbvaHCpVJrP5XI4OPwGrS6lglSSiBQEkYVhOL4Eutwql8vmwFiAmMAfvX0ikKdxa/2uKWMsga7RdV34vp8oC4Ebi8tGXZ2o60b/04FmFgTSl/RAtHWv+4GyMOr6v0v37k92kPRKmcuaYHFp1aiPXKgJPbBHzIkDbZlIxEn9dgRf/UT6+wGezRxCvXqsxNMN/xzBKVj8bZwm2vq0gha7jedf1oCpLHBxgZTsqUe96gzFpiHQ1kbbqC2b8ckkz81lca1gwc24oPEAEcWx0Fd/2Zbztuo9+GEc6CmkUqmk7rMuIglOFfIhfWccKiTwkIPx2CmggCAILmgH79vtNgaDAfL5PDLZNG2gZYhiAvKQSjsmhwE1m+ngBAzJTEx7E2bsWq221u/3N5rN5v7e3i7SroWrVxZQLs9DDEmdaQIYIAJyEQmwIMBRNEAcxclbqNfr25S2G43Geq/Xe0mjXdJLJS6/AM9RbwIaJyP700TCpdlY3z4CCxmsSc955clnZSnznnDz967KOrC+Dp2wc104yh6mZJzlfwCf3q+o0qkR9wAAAABJRU5ErkJggg==', 'Greek', 'ac neque duis bibendum', 1, 1);
insert into Books (ISBN, Library_id, Title, Publisher, Publication_date, Page_count, Summary, Image, Language, Keywords, Total_copies, Available_copies) values ('427914829-5', 4, 'Gloriously Wasted', 'Pacocha, Franecki and Bode', '1927-08-25', 850, 'Sed ante. Vivamus tortor. Duis mattis egestas metus.

Aenean fermentum. Donec ut mauris eget massa tempor convallis. Nulla neque libero, convallis eget, eleifend luctus, ultricies eu, nibh.

Quisque id justo sit amet sapien dignissim vestibulum. Vestibulum ante ipsum primis in faucibus orci luctus et ultrices posuere cubilia Curae; Nulla dapibus dolor vel est. Donec odio justo, sollicitudin ut, suscipit a, feugiat et, eros.', 'data:image/png;base64,iVBORw0KGgoAAAANSUhEUgAAABAAAAAQCAQAAAC1+jfqAAAABGdBTUEAAK/INwWK6QAAABl0RVh0U29mdHdhcmUAQWRvYmUgSW1hZ2VSZWFkeXHJZTwAAAC4SURBVCjPdZFbDsIgEEWnrsMm7oGGfZrohxvU+Iq1TyjU60Bf1pac4Yc5YS4ZAtGWBMk/drQBOVwJlZrWYkLhsB8UV9K0BUrPGy9cWbng2CtEEUmLGppPjRwpbixUKHBiZRS0p+ZGhvs4irNEvWD8heHpbsyDXznPhYFOyTjJc13olIqzZCHBouE0FRMUjA+s1gTjaRgVFpqRwC8mfoXPPEVPS7LbRaJL2y7bOifRCTEli3U7BMWgLzKlW/CuebZPAAAAAElFTkSuQmCC', 'Greek', 'at velit eu est congue', 4, 4);
insert into Books (ISBN, Library_id, Title, Publisher, Publication_date, Page_count, Summary, Image, Language, Keywords, Total_copies, Available_copies) values ('752859166-1', 2, 'Farewell to Arms, A', 'Howell-Marvin', '1924-04-23', 451, 'Duis bibendum, felis sed interdum venenatis, turpis enim blandit mi, in porttitor pede justo eu massa. Donec dapibus. Duis at velit eu est congue elementum.', 'data:image/png;base64,iVBORw0KGgoAAAANSUhEUgAAABAAAAAQCAYAAAAf8/9hAAAABGdBTUEAAK/INwWK6QAAABl0RVh0U29mdHdhcmUAQWRvYmUgSW1hZ2VSZWFkeXHJZTwAAAFwSURBVBgZpcG9apNhHMbh3/ORWiztpLSrQ86gmw6egkuXjE7i5CQ0OAZxUSj0DCxiB8/A07BDBXEoKEoGbaP45n/f9im+SwhCyXUl26wiPXjy9vG9+7svpjNv2ICEJUKBZWThCGTjCEJia627ODk5e/ru5d5h3b27ezBY38jb61zHxsUsDoDDOuucZ9NzrutX50yz//rUy4zffPT/PHz+3peotmjGR6f0JqMhven5b2JuYm7C4k+YOzubhIImY9PbvrXJoloqdZCpNzJra5Wbg0qjedDUUND7+v0ni0qGnAo1QSQTWTQK0VTLNJPRkGVKAiVwAnKiqNBIQVOloBkfndKbjIb0Us1UCRkyoMQVSTR53nX0dm5vsSgDKWdKyaScyIUr825OUx2i9+XbDxbllGgElJSwRGOJpkqimYyGLFNSoin8UwqNbJp69unz8aNX3Z4iUIiIQBLRdYyefUA2VuAwsrCERHPMpWSbVWRW9Bcyl/ydiZeC0gAAAABJRU5ErkJggg==', 'English', 'eget nunc donec quis orci', 1, 1);
insert into Books (ISBN, Library_id, Title, Publisher, Publication_date, Page_count, Summary, Image, Language, Keywords, Total_copies, Available_copies) values ('648506248-3', 3, 'Face/Off', 'Franecki-Little', '1986-09-13', 456, 'Praesent blandit. Nam nulla. Integer pede justo, lacinia eget, tincidunt eget, tempus vel, pede.

Morbi porttitor lorem id ligula. Suspendisse ornare consequat lectus. In est risus, auctor sed, tristique in, tempus sit amet, sem.

Fusce consequat. Nulla nisl. Nunc nisl.', 'data:image/png;base64,iVBORw0KGgoAAAANSUhEUgAAABAAAAAQCAYAAAAf8/9hAAAABGdBTUEAAK/INwWK6QAAABl0RVh0U29mdHdhcmUAQWRvYmUgSW1hZ2VSZWFkeXHJZTwAAAJCSURBVDjLjZPNTxNBGIerBy/eOAgmYoz/gCYoJ/XgxZsxnrygFw8eJJGDiQc0MZEElFBL2igkoBBEFLUWaYNQiB+gKd1WbVKUCgVp2O3H2N3tfvYDf+5s7KbGNjLJc5r5PTPvm3ltNpttn0GTQfN/OGCwE4CtErqadF0XisXiVqlUQjWMfTidTkc1CV3NNCzLMhRFsRBFETzPI5VKmRKO4+ByuUyJt6dub3D0qG+ut8FuCugBTdOQz+ehqBoERYMkSRAEAel02hSoqgp6ycO+mwPR2asRMTGCWcdBxRLQcELUEE6qWGRlsKKCXC6HTCZjlaKKCfxg7NDIBD6PH8fL63sclsAoA1GiY35TxfuEjDAnW6UQQsBuRLH6sRN53guOaYHnRn3/+LX6XZaAEud1TK9LeL2WQ4hTzOZRCeG+Ih7ogp59hdSXC3jSvp8ZutJQZzWxLFjJavAs83B/yyIp5c1XiSSGtUC3GSZLF/Hm3gmcOrT7rJHb8Y/AHxcwFsnAvUTwkyQRDU9hefq88ewXEFcuG007jPTaJ/z5F38LYkTFcDiJwUUWUwEGfu8YfO77mBk4g5jvJIKPjmGVmTAvqioIbebQ92EDdl8Q3UPP4Z9fAJsIg1l4Cs/d04jO9Zs9qSnISLoRDqFjeBK93ghuPQ7iXMdbtPVMIsWuo1AomNQUUNpuP0Br1wgudT5DS/soWu/M4B3z3WxmmVqCX7XmoApbNFM5C0eMX6jQje2EjbMSHcBKQSOVbGOcy9DRbywLfgOaoblOxI0zHQAAAABJRU5ErkJggg==', 'Greek', 'sed interdum venenatis turpis enim', 3, 3);
insert into Books (ISBN, Library_id, Title, Publisher, Publication_date, Page_count, Summary, Image, Language, Keywords, Total_copies, Available_copies) values ('271300504-3', 3, 'Outrageous Fortune', 'Feil-Nolan', '1986-11-16', 835, 'Nulla ut erat id mauris vulputate elementum. Nullam varius. Nulla facilisi.', 'data:image/png;base64,iVBORw0KGgoAAAANSUhEUgAAABAAAAAQCAYAAAAf8/9hAAAABGdBTUEAAK/INwWK6QAAABl0RVh0U29mdHdhcmUAQWRvYmUgSW1hZ2VSZWFkeXHJZTwAAAITSURBVDjLlZLNi1JhFMaHiP6AvN0Ls4vob2jauYiIFoGBtnFlG1fSws1gDBdXLhIhdaEuvILfjtfK0cyvRflBeHWUEBW1nHGKpmkcpWw+ani6r9DCutn0wuGFl/P8znPOeZcALP0ekUhE7vf7HR6PZ+ByuQZ2u91hsVjkUrl/PITDYbnP5xMajQb6/T46nQ5KpRJMJpNgNBrlkoB4PL7M8zwbCoWaXq93RMStVguVSgXlchmCICCXy8FgMDgkAdFolK1Wq+j1emi326jX6ygUCsjn80ilUkgkEigWi9Dr9ac6nY7TarUrc4BAINDsdruo1WpzQtEZRDiCwSDE1pDJZBCLxaDRaLg5gDispnhmvRKrJJFU/SUWBwqO4+B2u5HNZqFWq8dzAKfTyRIh6ZVAksnkrDpxkk6nIW4F4nxmrghMpVLNO7Barctms5m12Wx46bw23XRf/TF5JsP4qQwHT2QYRWXYW7+Ix6vXT5VKJadQKFYk1/g1x5z/kmUU0+otnHy04Hi4hu8HHD4n6elegr7/z38wyTA3xy+Y7mHvAb69UWDauI0PiSuQEkoCRil663CwhuMddlad3EfbD/F+4zIWAvaf0+dEm48+bdDYjdMYC3dn4snmvYViya9MYoe/NNx/fQdb69R4EKGYMwOGPHVhO0qt7r66gXdhKrJIKAkQq6nehqijflCmOov4ry38T/wEpFjkJMz8PioAAAAASUVORK5CYII=', 'Greek', 'sapien cursus vestibulum proin', 5, 5);
insert into Books (ISBN, Library_id, Title, Publisher, Publication_date, Page_count, Summary, Image, Language, Keywords, Total_copies, Available_copies) values ('665791057-6', 4, 'Sun Don''t Shine', 'Feest-Daniel', '2016-05-10', 961, 'Praesent blandit. Nam nulla. Integer pede justo, lacinia eget, tincidunt eget, tempus vel, pede.

Morbi porttitor lorem id ligula. Suspendisse ornare consequat lectus. In est risus, auctor sed, tristique in, tempus sit amet, sem.

Fusce consequat. Nulla nisl. Nunc nisl.', 'data:image/png;base64,iVBORw0KGgoAAAANSUhEUgAAABAAAAAQCAYAAAAf8/9hAAAABGdBTUEAAK/INwWK6QAAABl0RVh0U29mdHdhcmUAQWRvYmUgSW1hZ2VSZWFkeXHJZTwAAALhSURBVDjLdVNLSBtRFL1vZpKYTCQdUZNUMGahJbTF0roxG7NoqXQZKG6EQrV0Z6kLF0pDDSguxO7aRejKLLW7brRgiSWKVcFgq2JDSUJsYmKi0fw0M+m9Aw0KNnBnwnv3nHPPeW9YtVqF637r6+sDlUqlX5ZluLi48Ltcro/X9bHLBKFQyIGAONYZghOtra1NtL+6upoyGAwWXDMiWYvb7d75h+EugX0I3MamPWwyY8nlchmotFqtTGvn5+d7WNt+v993hWBra2tMFMVBm83GSZJESvtY5lKpBMViERRFIcJ93LegFa6xsXFwenp6jLACPZCVSyQS5IWRotlsFjmOI++qisPhoHWR9iKRCAQCgSqSc1cyCAaDEyaTaZRUKbiTkxOIRqOg0WjAbreDIAgqYaFQILuTIyMj6gQMA9rAcZuxRIvFIuXzechms0S4gv89Op0O0Ja3q6urm8TQKiwtLWWRLI+YQwEf99rb27mjoyNVlRSTySSgBc/U1NQXUvH5fLS2iAJAfU6nU0Kb0szMzE2OxiJvSKSOTipGoxHQTu14qYf2MUy1BzMDmpTssNnZ2Y10Ot2MY4qdnZ0SpY7HRj5XEOghMJb3AYt3K2ufoJKIwZm2TtnTtp2uaTrCtRDn5+cnrFbrKClRYHQKsVhMVWxJboIpHoQOlxt09ttQDC3Az+VFObu781olmJube4Mq4zgBOz4+ViegohOhsfPv+sD57BXow18B4t8ATDcgLdhgc2H5t3oPMAMFA2J6vZ4uFYTD4TxOYOjp6WFEAOkDqLPYAZ4M13IR3lqBV1hbzYLX6/VlMpnnGM5hQ0PD/fr6+s3e3l66lZAcfyQ/fNrHi9HPUC4moID9pzkedsMQr30LHo/nBb7u4Oi3MIMkKvO5XA5SqRREpLvlHyuByp+SHnK8BrIZBr/iTEbp9+x/n/PQ0NAAgvvpiBlj/mHN96Z85uAlLzObzFfjiPrweKEy+RdV4845vRqFoQAAAABJRU5ErkJggg==', 'Greek', 'et ultrices posuere cubilia curae', 5, 5);
insert into Books (ISBN, Library_id, Title, Publisher, Publication_date, Page_count, Summary, Image, Language, Keywords, Total_copies, Available_copies) values ('856429358-7', 3, 'Male Domination', 'Tremblay LLC', '2000-09-04', 933, 'Quisque porta volutpat erat. Quisque erat eros, viverra eget, congue eget, semper rutrum, nulla. Nunc purus.', 'data:image/png;base64,iVBORw0KGgoAAAANSUhEUgAAABAAAAAQCAYAAAAf8/9hAAAABGdBTUEAAK/INwWK6QAAABl0RVh0U29mdHdhcmUAQWRvYmUgSW1hZ2VSZWFkeXHJZTwAAAK4SURBVDjLbZJfSFNhGMaf72znbGfNaTRboKViYQUqmFp0IxVEFyMpoaQVBCWhV3kRdBPdCN2kiBBRgURdpBddCDIwIYoILcwyJEJiC8tIJZuzze387TmLxGxn57dzOO/3PN/75xOdnZ3TlmWVkYW+vr5K5LlaWlo+6LpeaRhGLBqN7lkfc1O40zTNh+Ria2urnc+AYocecmxjzE2hh5yku158ocfwSh5ohg3NAtqKb2G7Hzh3ecxNcRPZu9FAovA9uU1mXst31ZS6rEq+oGqrQTWOGrVQ/a5qmvaJ3CdT/2VAYYA0EaNQfocXqQnUu7ohmVUYWTqBqUQ1NO28wd1Pk8J8BjqJM1gd8gANW/xIaB34la7B0vJRzKwUO/VbxFkT2mggIpHINA0eMxgO95bXKcIHg7/J4bMooGFaM7DZr+DbwiqEBPh9Lli2wM/kKp6+ndvvNCdAmkOhUO3Ilbk150BjBocbq9Bc58fw+Fdci/wzPTx4tgjLEq8cgyQZisfjRtX1oX0qp6CbwPzzcSytGLnFoxPzCB8ozb1n+EljfDGhQQgLEjurkAriGs/eQNKMweICSRJw8VTopoXu9jruZsMkLAA+t4VsNotkSoObQpkZVBCxfgpeWUImq6Nr8DPoBYNGFnFOmm3zn7dPZgYULpNBIjtTOM6T4wt2wOBuWdOAS5KZqhvMh08XhRINBDg6jtfIZVBL8RlSfihYZitCha6WIprWhUxhe7iAZppz5nK72qzb61Zw89EsfiRTOQNq9XuKovQ/uTq/1mVzt1OvzIpX0T95CUHfDmYhYTH9BW0NvXzzIp3904MYDe6kUqk3AwMD9X8NTnWN2eXbgJB/BUdqG1GklOSSSGRKsHWTAZ/CUygERK4hea769tGXu0rVg0WeIqYcYBk6hGVRYMISaXycjWEhqeM3NCmjdDDSuwAAAAAASUVORK5CYII=', 'Greek', 'lectus pellentesque eget nunc donec', 3, 3);
insert into Books (ISBN, Library_id, Title, Publisher, Publication_date, Page_count, Summary, Image, Language, Keywords, Total_copies, Available_copies) values ('074872591-1', 4, 'Hemingway & Gellhorn', 'Dooley and Sons', '1982-06-15', 166, 'Aliquam quis turpis eget elit sodales scelerisque. Mauris sit amet eros. Suspendisse accumsan tortor quis turpis.

Sed ante. Vivamus tortor. Duis mattis egestas metus.', 'data:image/png;base64,iVBORw0KGgoAAAANSUhEUgAAABAAAAAQCAYAAAAf8/9hAAAABGdBTUEAAK/INwWK6QAAABl0RVh0U29mdHdhcmUAQWRvYmUgSW1hZ2VSZWFkeXHJZTwAAALnSURBVDjLfZNLaFx1HIW/e2fuzJ00w0ymkpQpiUKfMT7SblzU4kayELEptRChUEFEqKALUaRUV2YhlCLYjYq4FBeuiqZgC6FIQzBpEGpDkzHNs5PMTJtmHnfu6//7uSh2IYNnffg23zmWqtIpd395YwiRL1Q0qyIfD56cmOvUs/4LWJg40auiH6jI+7v3ncybdo2Hy9ebKvqNGrn03Nj1+x0Bi1dHHVV9W0U+ye4d2d83+Ca2GJrlGZx0gkppkkfrsysqclFFvh8++3v7CWDh6ugIohfSPcPH+w6fwu05ABoSby9yb3Kc/mePYXc9TdCqslWapVGdn1Zjxo++O33Fujtx4gdEzj61f8xyC8/jN2rsVOcxYZOoVSZtBewZOAT+NonuAWw3S728wFZpFm975cekGjlz8NXLVtSo0SxPImGdtFfFq5epr21wdOxrnMwuaC2jrRJWfYHdxRfIFeDWr0unkyrSUqxcyk2TLQzQrt6hqydPvidDBg/8VTAp8DegvYa3OU1z+SbuM6dQI62kioAAVgondwAnncWvzCDNCk4CLO9vsJVw8xqN+iPiTB5SaTSKURGSaoTHHgxoAMlduL1HiFMZXP8BsvkbO1GD2O3GpLOIF0KsSBijxmCrMY+FqgGJQDzQgGT3XrJ7DuI5EKZd4iDG+CHG84m8AIki1Ai2imRsx4FEBtQHCUB8MG1wi8QKGhjEC4mbAVHTx8kNYSuoiGurkRtLN76ivb0K6SIkusCEoBEgaCQYPyT2QhKpAXKHTiMmQ2lmChWZTrw32v9TsLOyVlu8Nhi2G4Vs32HsTC9IA2KPRuU2Erp097+O5RRYvz3H1r3JldivfY7IR0+mfOu7l3pV5EM1cq744mi+OPwaRD71tSk0Vsp3/uLB6s2minyrIpeOf7a00fFMf1w+MqRGzqvIW/teecdqV5a5P/8ncXv9ZxUdf/lCae5/3/hvpi4OjajIp4ikVOTLY+cXr3Tq/QPcssKNXib9yAAAAABJRU5ErkJggg==', 'Greek', 'cubilia curae donec pharetra magna', 5, 5);
insert into Books (ISBN, Library_id, Title, Publisher, Publication_date, Page_count, Summary, Image, Language, Keywords, Total_copies, Available_copies) values ('464034332-9', 2, 'Loose Change: Second Edition', 'Mills-Nader', '1959-04-08', 247, 'Nam ultrices, libero non mattis pulvinar, nulla pede ullamcorper augue, a suscipit nulla elit ac nulla. Sed vel enim sit amet nunc viverra dapibus. Nulla suscipit ligula in lacus.

Curabitur at ipsum ac tellus semper interdum. Mauris ullamcorper purus sit amet nulla. Quisque arcu libero, rutrum ac, lobortis vel, dapibus at, diam.', 'data:image/png;base64,iVBORw0KGgoAAAANSUhEUgAAABAAAAAQCAYAAAAf8/9hAAAABGdBTUEAAK/INwWK6QAAABl0RVh0U29mdHdhcmUAQWRvYmUgSW1hZ2VSZWFkeXHJZTwAAALMSURBVDjLfZNLaJRnFIaf779PMuYPmSSjCUmYKBXREBLwEhUXIm2otlRBN1WsIoJLRcRdN0VEcKWgC1trV7pQBHGjokKrYBFNWsQk2gwpphNzGWcymcx//T4XIWpQ++4OHJ7zcnhfcenGk9NSiu9nA+n4ER9LLRxNAxyTiwe+6z4MYEgldm/b0NLgOI4QQuf/5EmIo5Brd1/+AMwBZn1p27Yjfrv/Bo8pSmKQTHqchFkkUpL8dIJnL12q1AoMUhzdmSGWQsxDjSACTdPRBATaGJn6cWxrhKJfIoojDNumvWUJ2eFqaq16pFzoygCQgKYJfDWBZb6hUCnixx5BFBGpMrZtU/YTpBIaCrXgMe8BQqAiiR+HeJFPJfQJZEQsARGiZEy79SeFmz/yVbLD7f/luBLe6F4DQKk5gEMDpXIOpZv4skwQxZh6gnIpydq6SXob8yTqd+NmuihklzNw68Kp9wBNkNSbGR17jevkqKrWsEXETL6KVGmGXWvqqXG7yf/zHEsELKpZTDLV6hrqQ4DZSFOii1dP71Gb/A8Rx2Rsm+2bV1PbvgU/dxmrSjDSN0DoBVNeZWb9OweDUweJpSSWki/8CXpa2hBmkabOLtylX+ONnkezIsxkG5qXVeG0t2X1kdtDhlIKAfTOBQsAvaNAYfg+y5qW4i77Fm/0HJoZEUxnmHzQx6Pq/eU9B3b0AWjiE3n1J4dIORaNK7cSjF1AtxT+dBuv/3iM3XuWopWJ53c1xxRFZEhneh2di3tY9O8r0pUioWwm9/cZJB7lfDOTjwao++Ycdk0KQxfvLhqWIa5cvTfcE8SqQylIZ391dx76mcHLRxn6/SF2aydePidHWg/Plh8UYkMvYGpcmgcIpRba/+ngqvDY/kMGWkzfneuMZF/MuA11G7880d//qYJ9BNi1qa7S3Z421qzIoEz/YWV8Yt+2k38Nf66hbwFu+Dui0xbh3gAAAABJRU5ErkJggg==', 'English', 'pede venenatis non sodales sed', 2, 2);
insert into Books (ISBN, Library_id, Title, Publisher, Publication_date, Page_count, Summary, Image, Language, Keywords, Total_copies, Available_copies) values ('456548464-1', 4, 'Saint (Sint)', 'Schoen, Mayer and Little', '1938-04-04', 395, 'Nam ultrices, libero non mattis pulvinar, nulla pede ullamcorper augue, a suscipit nulla elit ac nulla. Sed vel enim sit amet nunc viverra dapibus. Nulla suscipit ligula in lacus.

Curabitur at ipsum ac tellus semper interdum. Mauris ullamcorper purus sit amet nulla. Quisque arcu libero, rutrum ac, lobortis vel, dapibus at, diam.', 'data:image/png;base64,iVBORw0KGgoAAAANSUhEUgAAABAAAAAQCAYAAAAf8/9hAAAABGdBTUEAAK/INwWK6QAAABl0RVh0U29mdHdhcmUAQWRvYmUgSW1hZ2VSZWFkeXHJZTwAAAINSURBVDjLY/j//z8DPlxYWFgAxA9ANDZ5BiIMeASlH5BswPz58+uampo2kuUCkGYgPg/EQvgsweZk5rlz5zYSoxnDAKBmprq6umONjY1vsmdeamvd9Pzc1N2vv/Zse/k0a/6jZWGT7hWGTLhrEdR7hwOrAfPmzWtob29/XlRc9qdjw8P76fMeTU2c9WBi5LQH7UB6ftS0B9MDe+7k+XfeCvRpu6Xr1XJTEMPP2TMvlkzZ8fhn9JSb+ujO9e+6ZebbcSvMu/Wmm2fzDSv3hmuGsHh+BAptkJ9Llj3e2LDu2SVcfvZqucHm0XhD163+mplLzVVtjHgGar7asO75bXSNRyLkKg748j3c48Tyb6cr86MNnsJNDhVXVDFSWuO6Z/c6Nj//jKI5XK78YrHFz+9be///u7bj/9cVRf9PZ+v+2enMlofhxKKlj89M2PHiP9CvxjCxnS7Md78BNf+f5Pv/f7ng//9tiv9fdzn8B4rfwzAgfuaDjZN2vvrv2XIjByYGcva/s+v+I4P39RL/QeIYBni33GycuOPl/8DeW0vgLnBlfvxlbvL//0BNP8oY/r8D4ocZzP+B4k8wDABGjXf7puf/8xY/euZYcYUNJHY4XKrhZIrq72fliv9fVbL+v5vC+H+vL8ufHa7MVRgGAKNGqHLV0z8Vqx7/ty29FIgISNkKoI33obHwGKQZJA4AVQ2j4x4gIJMAAAAASUVORK5CYII=', 'German', 'eleifend donec ut dolor', 2, 2);
insert into Books (ISBN, Library_id, Title, Publisher, Publication_date, Page_count, Summary, Image, Language, Keywords, Total_copies, Available_copies) values ('105473640-5', 1, 'Ziggy Stardust and the Spiders from Mars', 'Kirlin-Emard', '1940-03-21', 421, 'In hac habitasse platea dictumst. Etiam faucibus cursus urna. Ut tellus.

Nulla ut erat id mauris vulputate elementum. Nullam varius. Nulla facilisi.', 'data:image/png;base64,iVBORw0KGgoAAAANSUhEUgAAABAAAAAQCAYAAAAf8/9hAAAABGdBTUEAAK/INwWK6QAAABl0RVh0U29mdHdhcmUAQWRvYmUgSW1hZ2VSZWFkeXHJZTwAAAJUSURBVDjLpVPNaxNBFP8lqY1JSJOGFBtSU11BaEulUUFB7EUalB70kINCQfBv8FgNgvRUJCdPUj36FxgqKahpi18NSQXBikRbE6UfYpNtsruzO+ubTTaHNoLgwuMxs/P7eG/eOEzTxP98Xfs38vn8Y13XpxhjXZRB2QpN00R+mkwmb3QkKBaLAQI8CgaDSbfbC5VA4ByWP3LZ2xvE/HzmOq0OEhQKhcsCHA6Hoz6fD6WvZQh1zk1wkxORCYPIVFXtXAIdzsRiMWuj0VDACPyhuEIEvB0TiStWGR0JRI3d3d2oVqtNZcPA8MiYpW621EWz/+pAMBsEEofEpQjrxcI7yoalLv5FJq92dOAQoGw2a8bjcdRqNTrEUK5st9XtnNm+g7omQ+O698mt1YZN4LQdNJttWmEIZaNZ+5a/hLnfaSg6w0B4CApj9WsPj3kOlNAGt4DPNqdJmUH9weCjvvSFTmKo/xxqyh6K31/L47OhwKvbv2SLQDTHnkhhWfRA5xomRm7CoLXliCaisruB0YELkLWGc2X95e6p+85Q24G4BZfL1aybXCi6ZoG/7XwG4zoR0kQaDFW1hrGjFyGzuvNNaXHH2XLwNpfLQZZl+P1+HPa4iUCBbug40hNDf88gIgEJh1we9PmjyG8sYenL4lZdw1mHbT2dTk/SPNyLRCJnjksn8GB1Cgo506gU4UYKD+O8lMD79WUsrD3/qem4VJkxPzr2v8ZUKpUgolmKUfsxibwcncPpwXG8WFsoa9wCf2rPwb980l3HnsFd3gY3pM0Zs2Tv/wEq26vP9fcF2QAAAABJRU5ErkJggg==', 'Greek', 'quisque erat eros', 1, 1);
insert into Books (ISBN, Library_id, Title, Publisher, Publication_date, Page_count, Summary, Image, Language, Keywords, Total_copies, Available_copies) values ('246142128-5', 5, 'One Night of Love', 'Connelly-Yundt', '1935-11-20', 474, 'In hac habitasse platea dictumst. Etiam faucibus cursus urna. Ut tellus.

Nulla ut erat id mauris vulputate elementum. Nullam varius. Nulla facilisi.', 'data:image/png;base64,iVBORw0KGgoAAAANSUhEUgAAABAAAAAQCAYAAAAf8/9hAAAABGdBTUEAAK/INwWK6QAAABl0RVh0U29mdHdhcmUAQWRvYmUgSW1hZ2VSZWFkeXHJZTwAAAEzSURBVDjLxdOxasJAHAZwwbfKkjlbJVMpJaYmxtSoNVoSsCLlekQSjcZNRUFFIUNxD5nqY7Rr+wiuX89M3a62lA4f3PL97n/HXQ5A7jfJ/Rng+/1LSsn72UAQ+HlWJp5Hj4Q8gguE4VAIw0GWwSAQWPl1sZhjv39Gr/fAB4bDAJNJhCgaYTweYbNZIY5jrNcruM49HwiCPg6HF6RpiiRJsFwuQQhhYAS7WecD7KzY7bbwPA+UUnS7Xdi2zdZPqNVMPnC6qPl8Cl3XoSgKZFmGJEkwTYOlzAc6HRez2RSu66DRqKNQuIAoigy7hmGU+EC73USr1WDlajayZZkZoqoKm0rlA807S6jeVoRKRRPK5RtB14tvJ8hxbGhaEWc/JLZrXisVKcvxR8AX6Irl4/8+03fzCbreyRfHFw9qAAAAAElFTkSuQmCC', 'Greek', 'nulla neque libero convallis', 5, 5);
insert into Books (ISBN, Library_id, Title, Publisher, Publication_date, Page_count, Summary, Image, Language, Keywords, Total_copies, Available_copies) values ('957043135-0', 2, 'Holiday', 'Upton and Sons', '1949-02-08', 448, 'Maecenas tristique, est et tempus semper, est quam pharetra magna, ac consequat metus sapien ut nunc. Vestibulum ante ipsum primis in faucibus orci luctus et ultrices posuere cubilia Curae; Mauris viverra diam vitae quam. Suspendisse potenti.

Nullam porttitor lacus at turpis. Donec posuere metus vitae ipsum. Aliquam non mauris.', 'data:image/png;base64,iVBORw0KGgoAAAANSUhEUgAAABAAAAAQCAYAAAAf8/9hAAAABGdBTUEAAK/INwWK6QAAABl0RVh0U29mdHdhcmUAQWRvYmUgSW1hZ2VSZWFkeXHJZTwAAAJISURBVDjLpZLLS5RxFIaf7/NCZqiZYYW1sEbTKWsTDUS0sFpF/0K7aBftulCbTIQWQi1r0aK/IKhFIBUodlNKKtBIy2qsKUPLacbvdy4tRmuhSdDZHDhw3nOelzdyd/6nypcbXnx25oWZplXNVfXOpUzvkb8JxEuXT9djpFvXtJKqSUWimlnpgyUC53f3fEskyQcP5JM8IjKykkDk7nQ9P+tmiqqhpe5ta7dHYsLzqZFZEVVVjUWE60dvrl3igZrSUp3C3DB3HIvUDHdoX99eq664G4/Hh5Y3UVVRN8yN7NwkM8UZxAVzJ47KMHO21qYQkeURzj085apKTUUtjdWNvJoeQV1LOF7Cqsy9ZT4pMB1vQkQRUW4fvxvFAJcyvVHPvitRbi6HmhIsEFQQE4IJwYVCmKepoY2Kwhsy6T2IytIciCjqiqhS+fktZglugoqwsb6Ftg17+VHMc2/wGlq27Y/Ayb7jLqLUrapDzQgeiC3hUPrYbwTDyc6+Z2fTPuaSAkOTD+joimvLFy+nG9tQnInv47TXd/Dywyjqxrvp1wQTxAJBA9/nf7B7837mwk8eTfRPlwMEEQTlWW6YHQ27GP80QVGKiAqNNVuQBTOnZiepX7OB4fcDDLzp/5IIh0sfBEHNSK/rQNTIfp3Cpeg3Bi+TWBIVJWFrQ5pM82GevOunb+zup0TozHb7qwUE4cnYU0QVEUFEi7dOjFcBHLx6QCtQhj88jKO4ivtjfR8TozPb7aO/c/Av1XwhyquVrS6YNue6fWJx/gvSRpXk80tR+AAAAABJRU5ErkJggg==', 'Greek', 'lorem vitae mattis nibh ligula', 2, 2);
insert into Books (ISBN, Library_id, Title, Publisher, Publication_date, Page_count, Summary, Image, Language, Keywords, Total_copies, Available_copies) values ('735242804-6', 2, 'Hard to Kill', 'Purdy, Bayer and Hyatt', '2012-03-23', 106, 'Lorem ipsum dolor sit amet, consectetuer adipiscing elit. Proin risus. Praesent lectus.

Vestibulum quam sapien, varius ut, blandit non, interdum in, ante. Vestibulum ante ipsum primis in faucibus orci luctus et ultrices posuere cubilia Curae; Duis faucibus accumsan odio. Curabitur convallis.

Duis consequat dui nec nisi volutpat eleifend. Donec ut dolor. Morbi vel lectus in quam fringilla rhoncus.', 'data:image/png;base64,iVBORw0KGgoAAAANSUhEUgAAABAAAAAQCAQAAAC1+jfqAAAABGdBTUEAAK/INwWK6QAAABl0RVh0U29mdHdhcmUAQWRvYmUgSW1hZ2VSZWFkeXHJZTwAAAB8SURBVCjPY/zPgB8wMVCqgAVElP//x/AHDH+D4S8w/sWwl5GBgfE/MSYwMORk/54C0w2FOcemgmSIMyH1P7LNCHiLBDcEZ/+agqwXaFbOIxLc4P0f1e7fUPiZGDcw/AdD02z9/5r/Vf7L/Zf8L/Kf/z/3f/ZsiAwjxbEJAKUIVgAswNGVAAAAAElFTkSuQmCC', 'English', 'lorem vitae mattis nibh', 1, 1);
insert into Books (ISBN, Library_id, Title, Publisher, Publication_date, Page_count, Summary, Image, Language, Keywords, Total_copies, Available_copies) values ('530652409-5', 2, 'Very Social Secretary, A', 'Dickens, Littel and Hauck', '1911-07-05', 568, 'Aenean fermentum. Donec ut mauris eget massa tempor convallis. Nulla neque libero, convallis eget, eleifend luctus, ultricies eu, nibh.

Quisque id justo sit amet sapien dignissim vestibulum. Vestibulum ante ipsum primis in faucibus orci luctus et ultrices posuere cubilia Curae; Nulla dapibus dolor vel est. Donec odio justo, sollicitudin ut, suscipit a, feugiat et, eros.

Vestibulum ac est lacinia nisi venenatis tristique. Fusce congue, diam id ornare imperdiet, sapien urna pretium nisl, ut volutpat sapien arcu sed augue. Aliquam erat volutpat.', 'data:image/png;base64,iVBORw0KGgoAAAANSUhEUgAAABAAAAAQCAYAAAAf8/9hAAAABGdBTUEAAK/INwWK6QAAABl0RVh0U29mdHdhcmUAQWRvYmUgSW1hZ2VSZWFkeXHJZTwAAAJpSURBVDjLpZPLS5RhFMZ/7/eNM6Xf6GhYSeU0FUFGdMUWRdIiEqSgqDataldLwU3WXyC0jxYFEUFKbTIkyLCgoIhuRPcGC7LQHPPS5+f7vue0CCa70KLO8nDOj8N5nseoKv9TqV8b7oaJVGlXoVWEZlVQ4a4IfSqczO7SydnzZvYF7oZpUeGMaewomFwzmq4D9Wg8gi89IHnVVRThUO0eHfgN4PrNHs21XAoWHiQOMjwduMn8hpCqyPH2mWNhIU9DwwKSd90knwb21h/Qy2WA7Td1qgyGay5EEozjp4uUhko8vD2GKizJC4Xlgsk0EmbW8OXO4UkR8g0HdTQAUKE9yHdGmgZJivT3FKmpSWhpzbBlm7I0P8HN6wY3/gSfvKFyVWcknnaAAECENlO7GZkuoi5m++5avoMtYcoCsGXrCGoncWP3SeVWIp62sgoiNJGpRuIxXj+uBZMF84s8qqgbZXHdNSDBewplgAqxuuk03lGX30jlvOWYIPx5XzxTnx6h472gigjhjws8RWy8DtJURTHZBSsIUhU/AbxN8J+vYoJKxKewCa9n/6DXjjzApBsJkgHs1w/AbIcqdvwNfL5Iqnot8cggdobesoylS6ZehLfR5nOR2Be4qUHCXBsVuQ2gnmT4FjPvTxPOXYSp3snglSOTzrJs/TEdLhtp+KLZl6rf0T2ncS+EE7jSPXz8AXXTmFSWMLsOzzJKz69Setm3f0On9vxm5aHzZod4TlU1dRTS81YTVAQgDpd4poZe8vFOV9FZjm48rn1/zALA+7MmEk+HCK3e0+xmwFnuOkufs3RtOvGXMP1LfQPtZUr+1SCKsQAAAABJRU5ErkJggg==', 'English', 'vel dapibus at diam', 1, 1);
insert into Books (ISBN, Library_id, Title, Publisher, Publication_date, Page_count, Summary, Image, Language, Keywords, Total_copies, Available_copies) values ('067961860-0', 1, 'Filth', 'Fritsch-Hirthe', '2011-10-02', 226, 'Suspendisse potenti. In eleifend quam a odio. In hac habitasse platea dictumst.

Maecenas ut massa quis augue luctus tincidunt. Nulla mollis molestie lorem. Quisque ut erat.', 'data:image/png;base64,iVBORw0KGgoAAAANSUhEUgAAABAAAAAQCAYAAAAf8/9hAAAABGdBTUEAAK/INwWK6QAAABl0RVh0U29mdHdhcmUAQWRvYmUgSW1hZ2VSZWFkeXHJZTwAAAI3SURBVDjLfZM7aFRBGIW/mXt3swmuaMjGBwqCBlQsRPCB2GknCIpgJSKKkNZGxM7CQrSw0Ngp2vsoLBS0srERUSMiKkFRYkLMO7t778x/LO7VxFdOMWc4//xn5j8wThL/wqnz9w6BrgIrhQNBuSzEQMp/odtnjm7t6m00cC5FQG4OK2rEkHHuyuP+/xpIdDV6GvRfvsWGvr5feuIdn96+4sLpfkxikReA9yl969exZecuEp/gkwreeyqJxwzMFjEwCQM6OmrUOpfAH1kJEU2k7x5sf1Fbunmzc/73sg4QDJ6/HmZUQ4UaiwQ+v/nKsb0QzEid/Ma1e25UnFuQtHPEh3eQwCdVfNJRBlBSpYaAEIyUoBaWdbSHB4hZAn4pztUJ0UAwMjT413gjQ4Og/eTRSMmdl2XErIpMWPMT+ew3zm4bofnsETePGDBUZmBYFsl2V5vgOkM0UpxqFppkc6Bslnx6ivrGY1Qbq1ixehnOuWIsqeCkzucnJ5KKz2KMmkzJPWlnL8s2nQQMJISxJP/I+8EHxDCLxRkUZpA1qfYe58uHMS7dvT8uOJySS4otbO4lipMoTqMwQbfGWd49CWGi1KdQnKVzTUqlNmwPrx1tAKS0kSxg+SgKk8XhMFHux1GYKpsLAylAez7QlExyRBS+l43ljb/MpuebrVWMGRYYKLPxMDfWlc9U61jdSxWwOqgHxTaQIV+w85HYakmZtecNWu2LH68f3IHYh6O+2N9AgHuaYbr9U/oB0sFcUlVzMrwAAAAASUVORK5CYII=', 'Greek', 'commodo vulputate justo in blandit', 3, 3);
insert into Books (ISBN, Library_id, Title, Publisher, Publication_date, Page_count, Summary, Image, Language, Keywords, Total_copies, Available_copies) values ('334755997-5', 4, 'Grateful Dawg', 'Wehner-Robel', '1900-06-02', 880, 'Proin interdum mauris non ligula pellentesque ultrices. Phasellus id sapien in sapien iaculis congue. Vivamus metus arcu, adipiscing molestie, hendrerit at, vulputate vitae, nisl.

Aenean lectus. Pellentesque eget nunc. Donec quis orci eget orci vehicula condimentum.', 'data:image/png;base64,iVBORw0KGgoAAAANSUhEUgAAABAAAAAQCAYAAAAf8/9hAAAABGdBTUEAAK/INwWK6QAAABl0RVh0U29mdHdhcmUAQWRvYmUgSW1hZ2VSZWFkeXHJZTwAAAJISURBVDjLzZNdSBNQHMV98lHovfcSbS7NkshK0zSXKbqmtTHSLTUt1OVHEaUUis6H5kul4QeCIpig+IFFUEIo9jUttWJoyUAJbbvpcjrdfl3tpaAs6qUL5+XCOfec//9cP8DvX+D3fwj4LhVpJT5JiA14i03Ca8oX6xfyxNq5bOExGsSqXi9W0k8Jd6paLB9PWnAdPabbFJAEjYSL+wMwNARjY2CzweQk3sePWGhtxdHSwmJzM866euwWC/ZrZSwdPOJajIhM2hB4TsNd6OmBjg6YmIDRUejsxFtcjD0nh1mjEYfBwLxOx4vERN5WVWHLL0Ts3mffEAjxlZie+qorQb7GzAybZ3AQr1rNrErFx4QEPktMR0fzpqKCaWMWImTvnDNwt2ZzBjLvNpm331teBt3dMDcHVis+rZYFSXRKEWd8PFOVlbzPMCIUe6YcO5XKH7awlpMV4MnM7FsvLYXhYRgfxyeti9hYXHFxzJvNfJBkZ3DYlGOHYtdP17ii1QW4NWl9npLSbwJyBq6oKFZqajj/8AzZ/ToyutLQtafwyx4sn0gO+BKverB65Sq+9nbWqqtxFJg426ulbbKBltd1pDaq2LJIS4djti/uP2RbNRXhlmSZ163vUNP06hZ11lq0TanE1ERGbNlEERoRJPOO3LiZ6Na3pXgu9uZy+6WF2mdmCrpyOVAe7g6/rBz4bVVPtyX7S8u2vHsGLCNVmIeuk16fQliJ4p0iP9D/jzsvLY/pGk+iuZNMaFGw9a8+k7Q8oiwMevL93Ve6KsnKrbmJHAAAAABJRU5ErkJggg==', 'Greek', 'augue luctus tincidunt nulla', 2, 2);
insert into Books (ISBN, Library_id, Title, Publisher, Publication_date, Page_count, Summary, Image, Language, Keywords, Total_copies, Available_copies) values ('533235522-X', 5, 'Sprung', 'Johns and Sons', '1911-06-15', 152, 'Integer tincidunt ante vel ipsum. Praesent blandit lacinia erat. Vestibulum sed magna at nunc commodo placerat.

Praesent blandit. Nam nulla. Integer pede justo, lacinia eget, tincidunt eget, tempus vel, pede.', 'data:image/png;base64,iVBORw0KGgoAAAANSUhEUgAAABAAAAAQCAYAAAAf8/9hAAAABGdBTUEAAK/INwWK6QAAABl0RVh0U29mdHdhcmUAQWRvYmUgSW1hZ2VSZWFkeXHJZTwAAAJ/SURBVDjLbVJBaxNBGH2bpEkTmxi1NTRKTZtoQUHEWz0Igj2I4kG9eVNQhEBO7bEHc+yv8JAiHnr2B4gFqVrQRhObljQolBSTJqZJdnZmfbNr2rU68DEz33zfm/fejGHbNrxjaWlpRCk1J6WcYZxkgPGTsWJZ1mIul/vlrTe8AIVC4Qqbl5PJ5GQsFoPP5wP36PV6qNfr2OIg0L35+fm1fwDYPMLDj+l0OmOaJmq1Gjqdjr4dgUAAiUTCqSsWixvMXV5YWOjqvW+AxOSz8fHxjBAC5XJ5s91up7gO6tDrUqn0QwOTXYZSsoO+wGDB5EwkEkGlUgGb7mSz2apHajWfz9+sVqvFVCrl1P4PYExr5m16vYUjQ+c0O11DtmN/ebD95pG9UpnGzl7Y0Xz30ir8toAtLdiWG0JIvFi76piaGG7g9plVTD/5YLgMCPLg/g0YtMTwhznfApRBfsP6kAYJSKuN57Md5oXTsvHy7aEEfZMutHZfIRAahWGMsHAICMeZVsD+HmTrG8zudyhrH+HJLGyz7wEgRSh9k4nm+nvqPIb4xWuovV5k/2lMXJ9F8+s6ARqIpk6QsIQtTC+AcGTYpBqfvgBfcJTuKMi+xKfdMCZgIp6eRK8TYu2+w2oA4PwDm+5qVK218XmNLN7xxILqKfS7pGqTWekLmuVtV65STs8hA73RqJQQP5+CP3KKACamHj7FlGBDawfH00kEW0MuA8o9AmA6qMrSHqwTIAoM08hAkHkN0ES3UYfotBGdiNFu5cr2AmgJobOPET7nhxEMuU/o40soSjO7iHbbVNgnUen6pY0/AOCTbC7PuV44H0f8Cetg5g9zP5aU7loDcfwGcrKyzYdvwUUAAAAASUVORK5CYII=', 'Greek', 'malesuada in imperdiet et', 2, 2);
insert into Books (ISBN, Library_id, Title, Publisher, Publication_date, Page_count, Summary, Image, Language, Keywords, Total_copies, Available_copies) values ('312185510-7', 3, 'As Above, So Below', 'Mayert Inc', '1934-05-25', 540, 'In hac habitasse platea dictumst. Etiam faucibus cursus urna. Ut tellus.

Nulla ut erat id mauris vulputate elementum. Nullam varius. Nulla facilisi.

Cras non velit nec nisi vulputate nonummy. Maecenas tincidunt lacus at velit. Vivamus vel nulla eget eros elementum pellentesque.', 'data:image/png;base64,iVBORw0KGgoAAAANSUhEUgAAABAAAAAQCAYAAAAf8/9hAAAABGdBTUEAAK/INwWK6QAAABl0RVh0U29mdHdhcmUAQWRvYmUgSW1hZ2VSZWFkeXHJZTwAAAJwSURBVDjLjZPdT1JhHMetvyO3/gfLKy+68bLV2qIAq7UyG6IrdRPL5hs2U5FR0MJIAqZlh7BVViI1kkyyiPkCyUtztQYTYbwJE8W+Pc8pjofK1dk+OxfP+X3O83srAVBCIc8eQhmh/B/sJezm4niCsvX19cTm5uZWPp/H3yDnUKvVKr6ELyinwWtra8hkMhzJZBLxeBwrKyusJBwOQ6PRcJJC8K4DJ/dXM04DOswNqNOLybsRo9N6LCy7kUgkEIlEWEE2mwX9iVar/Smhglqd8IREKwya3qhg809gPLgI/XsrOp/IcXVMhqnFSayurv6RElsT6ZCoov5u1fzUVwvcKRdefVuEKRCA3OFHv2MOxtlBdFuaMf/ZhWg0yt4kFAoVCZS3Hd1gkpOwRt9h0LOES3YvamzPcdF7A6rlPrSbpbhP0kmlUmw9YrHYtoDku2T6pEZ/2ICXEQ8kTz+g2TkNceAKKv2nIHachn6qBx1MI5t/Op1mRXzBd31AiRafBp1vZyEcceGCzQ6p24yjEzocGT6LUacS0iExcrkcK6Fsp6AXLRnmFOjyPMIZixPHmAAOGxZQec2OQyo7zpm6cNN6GZ2kK1RAofPAr8GA4oUMrdNNkIw/wPFhDwSjX3Dwlg0CQy96HreiTlcFZsaAjY0NNvh3QUXtHeHcoKMNA7NjqLd8xHmzDzXDRvRO1KHtngTyhzL4SHeooAAnKMxBtUYQbGWa0Dc+AsWzSVy3qkjeItLCFsz4XoNMaRFFAm4SyTXbmQa2YHQSGacR/pAXO+zGFif4JdlHCpShBzstEz+YfJtmt5cnKKWS/1jnAnT1S38AGTynUFUTzJcAAAAASUVORK5CYII=', 'Greek', 'habitasse platea dictumst morbi vestibulum', 3, 3);
insert into Books (ISBN, Library_id, Title, Publisher, Publication_date, Page_count, Summary, Image, Language, Keywords, Total_copies, Available_copies) values ('923675497-X', 5, 'Designated Mourner, The', 'Friesen Group', '2004-12-28', 521, 'Curabitur in libero ut massa volutpat convallis. Morbi odio odio, elementum eu, interdum eu, tincidunt in, leo. Maecenas pulvinar lobortis est.', 'data:image/png;base64,iVBORw0KGgoAAAANSUhEUgAAABAAAAAQCAYAAAAf8/9hAAAABGdBTUEAAK/INwWK6QAAABl0RVh0U29mdHdhcmUAQWRvYmUgSW1hZ2VSZWFkeXHJZTwAAAK/SURBVDjLbZNdSFNhGMf/52xunTldrM2JaeomlZnTalJQOSmyLithSRBFH0ReJX3QlVfhTeWFUJFQCHVTV9WFVCCUaZaYpIb4kc1mmihOp5vO97znnJ4jFqI78Lt5n/P/ned9n/MK1dXV31VVzSYm6+vrPUjwVFRU9Mmy7OGc/2xqaspfXTNSME9RlKfExcrKSi2RgMI6dcSxtTUjBc3ESbLLzgt1fINoBuMamApcct5HlhU4c7XdSGE/sWOtQKRgD/GQGOxIapBiUkQSLQ5JkxxSEF7JJk1IjLEfRCPRva4DCqYSfoLbkr7hY6wTPsM9iMo2vA2fQPdsIRg7x+nrpwhbIoFMBKlY6DIDJZusmGVViC54EY6UY3Deqe9fJfR3XOsEtMhWBAVHXR6YBAs4chGzTQEZz6AKMh4zhhXB7rUCIRAIhKgQdrlcRTMzM4mGgN7e3kX/DauZQxaZyi2N53sWV3cwR7wKBoN8e83rPZLBBKbQ6GgKAecbbLYaUF5W1b+kyjuz0/LFvrGuheMPciwvq0aWJUY6WRMJcglDR+wRiqUKmLUMiKOleDFC89c4DtxK3pVhz0N++l7Mx2Po/v05WnrXbmu5Ho7qgqQVgZBiHEZ7+A6Kkq/BqjIcKTgLRVOhqApUaBiPjKIwcz+ibFH8GvoQ8d4W7foWIsRz4orDbEKxfSNm4g2Ic7Yc/jU9RNvh4Cp1o8iYW5pHcdZBROUF8UuwdVrvoIjCp4kcf1qmloQUyBYDWnhc4AqHK3ULhZVl2Z9ICHZrOrpG29A23DrFOMoFn8/HKHzZZDI9cbvd/0+elXUgTuNjtBW9G4+jAPvc5egMfULz4LsJCh8er9X6BK/X208CN9EzNDTkSzRGSZIG3DeXtpZ4DuH9YPMY3RM9PLD8H2hawgu47nHXCDFFNVgWVcU9WasF/63/Ban+u4K8LTKZAAAAAElFTkSuQmCC', 'English', 'tellus nulla ut erat', 2, 2);
insert into Books (ISBN, Library_id, Title, Publisher, Publication_date, Page_count, Summary, Image, Language, Keywords, Total_copies, Available_copies) values ('485062401-4', 4, 'Weary River', 'Herzog, Hackett and White', '1955-01-13', 868, 'Duis consequat dui nec nisi volutpat eleifend. Donec ut dolor. Morbi vel lectus in quam fringilla rhoncus.

Mauris enim leo, rhoncus sed, vestibulum sit amet, cursus id, turpis. Integer aliquet, massa id lobortis convallis, tortor risus dapibus augue, vel accumsan tellus nisi eu orci. Mauris lacinia sapien quis libero.

Nullam sit amet turpis elementum ligula vehicula consequat. Morbi a ipsum. Integer a nibh.', 'data:image/png;base64,iVBORw0KGgoAAAANSUhEUgAAABAAAAAQCAYAAAAf8/9hAAAABGdBTUEAAK/INwWK6QAAABl0RVh0U29mdHdhcmUAQWRvYmUgSW1hZ2VSZWFkeXHJZTwAAAFOSURBVDjLtVK7SgNRED0b9iuM2lr4QK1DQIyk0FZsJAj+gH+ilRZb2NjaRHTLmA9QFKz9huzm7t37Hu+u7IJgQjR6YLjDzOXMmcMERIR5EE5qXA4z4sqACYWEC5wfLQXf/WtMIuDSoL0A7DZDjBj/uYI0l8jzEEJYJMkvCEZM4PqZIxlzpGk+kSCY18TGtGYcx9Tv96dOqBUMBgNyzsFaC621312Ac+59yJFlGRhj5VvVoigKvniglEK32w1mkd3r9ejPPAjOhqdknYX18p1/rzo3pYqTh0OSRkJI5UMgPn4s61sX66SkhtEGcISGsQad5gH2FvehfV5BaIF2cwet5RZyKeu68pe5ubKG7dUNP5AQGltMN57Mosgr5EIiVQmYGvtc1PVicqHY+dXpk8Dg7v22XKFo1ARe9v1bDOlXKKKCs4Sn1xdU1v3vIc2CD3bN4xJjfJWvAAAAAElFTkSuQmCC', 'English', 'nascetur ridiculus mus', 5, 5);
insert into Books (ISBN, Library_id, Title, Publisher, Publication_date, Page_count, Summary, Image, Language, Keywords, Total_copies, Available_copies) values ('009934891-8', 2, 'Brother Orchid', 'Leffler Inc', '2003-02-20', 989, 'Morbi non lectus. Aliquam sit amet diam in magna bibendum imperdiet. Nullam orci pede, venenatis non, sodales sed, tincidunt eu, felis.', 'data:image/png;base64,iVBORw0KGgoAAAANSUhEUgAAABAAAAAQCAYAAAAf8/9hAAAABGdBTUEAAK/INwWK6QAAABl0RVh0U29mdHdhcmUAQWRvYmUgSW1hZ2VSZWFkeXHJZTwAAAIESURBVDjLlVJtaxpBEH7uvNSL50skFBqCiDVYpCWiIAjtx4Ih4I/zs78jkD9QioVAUBGNWigqRfpBxSO+3LnbmY13mNQWOvAwuzszz7zsQEoJBomWzWY/V6vVb5lM5oruBr/tYBQKhU+1Wu0r+/CbF6cOA02Tv9jr5gbn+TyGd3cQlQpe40nYFry9xZvLS/y8v8fm+lrZ0lJqukbCTlYwCCsWw3a7RTgex3EggLiuK5jkYkYiynYcjcLcEXOsvjvDNAx0BgPl1O31IIjEPjmBHQ5ja5rodLvK1nl48Ang9dgHRIyyN87O0LNtXFD2FLWmU4B0HKxdF99JDwhvhUCB9CPZLwDd2K/gw+kp3lsW5GYDl5wEg8heEdG7oyNkSGuE4GKBRyL1q6jX69J13b/CcRy5XC4VWPiNYzjWwAFZr9dot9tIp9Po9/uq9/l8jnK57H25L/ohAg4ejUaI0ORzuRxSqRRCoRAosw+P6BmB95inXfAWhdFqtVQ1Dg+UqqNW/Jg/WnhZ4mw2g6DJc/BkMlFnhud3cAb7ZNwOrbaaQzKZ5OXBcDiEQb/GA9XljoqU2A+u0CqzqVgswqKv5awcPB6PfSJ/Bgv6V5uEjoIN+wjQHrDmCjhzIpHAarVSLfktdGlNyTHKZf1LvAqYrNlsolQqPRFMp9MvjUbjI/5D6Dd+sP4NLTpNB1cxufkAAAAASUVORK5CYII=', 'Greek', 'praesent blandit nam', 1, 1);
insert into Books (ISBN, Library_id, Title, Publisher, Publication_date, Page_count, Summary, Image, Language, Keywords, Total_copies, Available_copies) values ('467960431-X', 2, 'Brokedown Palace', 'Krajcik, Emard and Pouros', '1968-06-04', 706, 'Integer ac leo. Pellentesque ultrices mattis odio. Donec vitae nisi.', 'data:image/png;base64,iVBORw0KGgoAAAANSUhEUgAAABAAAAAQCAYAAAAf8/9hAAAABGdBTUEAAK/INwWK6QAAABl0RVh0U29mdHdhcmUAQWRvYmUgSW1hZ2VSZWFkeXHJZTwAAAJkSURBVDjLpZNbSJNhHIeli4jAKOhun9KNbUpaURFRREkFVjpNRcssXOKYZ9J0ihnN05zSUpflzMOnW5tuammajUkWpCbbrOxwEzZJw7Rt2pxJh/16/YSBILPo4uE98P8974nXA4DH/7Dq5GQn+5NdxcK8lsK8msIczcKYlv35rwST3ZwxRw8Ljh5qmU4i0VCYbfWC+T5nfE2BQ+fFBOdbqeUdEOyEWZrCRBWFNQX2ehZMGh4mHkkwM3AYlgYKVoUXZpTe+CKnoJcd2uJW0Jbi/c32vg+WF82Yel4Hm+kYbMYYzH1Qoy9v28LrxsT1bgU34nYMWYfvYdqgwcJLFUHN9K1GFWp4/ga3R0hX0huDLp8ercnci0XDXXx/08GwMKIEnbsPJxJPjsbfrt28qiBNSW+KrcpRhhSxMeTogrQ0CI3XTjEs9XVTLQgu3I6z5RntqbR86wpBqkKxTmvukMTK9mPgdwN6bRVoeCdEtTEN0gEBxE94uDOSgcezMoSJdyGiRNic3Fi7wSVIrissTmo6jhaziGEpeHNQgLJn8SjSX0B+dxSy20NRMZQEST8fCXIu4iuzql0CUx7n13SXENd7z6G0n8dQ3HeRGed1RSKrjYt0VRD49UeRqQmGpTcfg5m+P1yCV1d9nVadiBQcwS1DKgnGkFWjkfsgHFe0XNJGEEkYJE/5OF95EDZ9AYaz/ZwuwWhTSo4xx+cnvy4Q0dLdpPDSqoRL/BEu3glTfsAiyRSseIWPaoEnrZf6RJUnvI0sC3SeKd1DLiwAoSX+CCkKIBxwhoi4X2selvuNtwg83f7Gf+EP0qq8jpoy//YAAAAASUVORK5CYII=', 'Greek', 'tellus semper interdum mauris ullamcorper', 4, 4);
insert into Books (ISBN, Library_id, Title, Publisher, Publication_date, Page_count, Summary, Image, Language, Keywords, Total_copies, Available_copies) values ('999346577-1', 4, 'Sitter, The', 'Corkery-Prohaska', '1902-07-25', 356, 'In quis justo. Maecenas rhoncus aliquam lacus. Morbi quis tortor id nulla ultrices aliquet.

Maecenas leo odio, condimentum id, luctus nec, molestie sed, justo. Pellentesque viverra pede ac diam. Cras pellentesque volutpat dui.

Maecenas tristique, est et tempus semper, est quam pharetra magna, ac consequat metus sapien ut nunc. Vestibulum ante ipsum primis in faucibus orci luctus et ultrices posuere cubilia Curae; Mauris viverra diam vitae quam. Suspendisse potenti.', 'data:image/png;base64,iVBORw0KGgoAAAANSUhEUgAAABAAAAAQCAYAAAAf8/9hAAAABGdBTUEAAK/INwWK6QAAABl0RVh0U29mdHdhcmUAQWRvYmUgSW1hZ2VSZWFkeXHJZTwAAAIBSURBVDjLpZPdS9NRGMe98zLw/H47QxDCLoqgC/+E/oJpL1qtNxMlRkhIYO7CoJuwQLqILoPwpWnkluKknNWVXVTWXnzZ3Ku65ftsm7/z+w3p23NGQbFZji4enodz+DzP9/twTgWAiv+JkofinblS5t235vbdN2a17AYEQebcFEfWw+/I+tskxz8bEOj5DQwI/0UQOL7zmu+lX/FNebc1YTq66TbVlGyQneLfMx6OzCQP5VOPIEMPd0JP3AOBLgKxMW5CkQKaxgm8JWuahvzXxwR2QczboC/cgBGxQ4t0Y23MhH0tSJBkIue1wojfhZhthQg0Q/gvU1yCEbVj52MjUi4VSaeK5RG1ssgCyUwXZNNUEbhaADXfeWjes6TmGnLBDgIVZ5EC8uaW3jIzF5BP9kLMtUEuUPOdI/gMtC8WUmQlG7ex8d6C+HMFsWGlqkjB6qj6MOu/Dj3YTqCETxdgzVtPe7iJ9WkLokNKS8TB2sIOdviPBqmXqjVJ/rY/NMFYfkBNbKSiCcJ3CvqiDVufriDuqkX4GUPJJa6MqE9kXnqh3E+6jyPtJRvRLhgxO7Y/tyDmrMXiIKsODbC+4AB7uu9LJG9S5pHE6DGQzMTadANCg6yHQAT7meOvL5HAE+TvkKxpWkEqTdMX+lm3rOf7qoYP9Bd+gr+gOoqTZX2mcuIHSo3eNm+GAIoAAAAASUVORK5CYII=', 'German', 'morbi vestibulum velit id pretium', 5, 5);
insert into Books (ISBN, Library_id, Title, Publisher, Publication_date, Page_count, Summary, Image, Language, Keywords, Total_copies, Available_copies) values ('317544039-8', 2, 'Safe', 'Stamm Group', '1948-10-15', 147, 'Maecenas leo odio, condimentum id, luctus nec, molestie sed, justo. Pellentesque viverra pede ac diam. Cras pellentesque volutpat dui.', 'data:image/png;base64,iVBORw0KGgoAAAANSUhEUgAAABAAAAAQCAYAAAAf8/9hAAAABGdBTUEAAK/INwWK6QAAABl0RVh0U29mdHdhcmUAQWRvYmUgSW1hZ2VSZWFkeXHJZTwAAAKtSURBVDjLlZJvaNV1FMY/vz/3zrt77xjs7s7mVZNS3HAuFIWwXpRWexEYDANFKQpfyagE8Q8iUfinKHwTFL0wzBcWMWjpCxWJJQ6hHGOSNtzcTYmma7ipu97tfs85X1+s1DcmHnjgcB54zsNzTnDkzPge79ms3gpmhhqIGaqGmkfUHoKi4lGz3/ZuXLgSIDbvO9pXZnM8QX34/dDS//pYzXIAXcOHERNEBWeCU4czoTFTIFedpy6V48TVn9jSsgvntOohAQ/AhuZ3H7v5+JVOvuz7BCdreSCgBsDRs6P3hw21SZLZv+gdP0Hx1gAiijhlTrpASe5wu/pb4DMAQvlXAGD9C3miwDN/3ii/jneRiVKsbmxjzdw2Xl3QxuJcE00Nzcyum2btV68NAcRODfOeOILOc6NEUcjp4R6qqaa+Kk//jT6Gx67gKo5CzVxEhMGi0tVx8lmAUNXwQBwFtD+fJw7h77uX6L/Rx7HLP1KZCjn0xnccebOTcmkaK0ckJzfx8oFVqfsOvEEcwvHef4giePvpj8jMiggCuHmnwtDIXUSNFDk+eGUnW4b6+HlHTxkgdGJ470lE8PryembFAQvyKeprkuSySeqySX648DmLCxn2t39MGISkq+IHVxCbCTEKA073jwEwOFIim4JEmGDfqe1MTE5weaQEwKddHfx+/Tyt74sXJ1dDEZnJIIQ1rTniCBY+lWZ2bZqD3buZsttECeWdr19i0xcvUmKCDe3rWLFsGa4iJ2cy8J4l8zKM3CzzTEOK4vVJdh17i9psDa2LWlBTlixqRr1iXhksDvPLmZ5eFT0abD106aw4fa6ilnaiOFFUDKdGIvsNUWoCEeXiwB9IRRCnhDSOlaf+XFc8fK0b7/3/Yvm2lu6l7zVdeBQfPu7/K9NutavIwKP4e594fYOHzxflAAAAAElFTkSuQmCC', 'Greek', 'faucibus orci luctus', 4, 4);
insert into Books (ISBN, Library_id, Title, Publisher, Publication_date, Page_count, Summary, Image, Language, Keywords, Total_copies, Available_copies) values ('045094214-7', 1, 'This is Our Time', 'Shanahan Group', '1992-06-17', 360, 'Aliquam quis turpis eget elit sodales scelerisque. Mauris sit amet eros. Suspendisse accumsan tortor quis turpis.

Sed ante. Vivamus tortor. Duis mattis egestas metus.

Aenean fermentum. Donec ut mauris eget massa tempor convallis. Nulla neque libero, convallis eget, eleifend luctus, ultricies eu, nibh.', 'data:image/png;base64,iVBORw0KGgoAAAANSUhEUgAAABAAAAAQCAYAAAAf8/9hAAAABGdBTUEAAK/INwWK6QAAABl0RVh0U29mdHdhcmUAQWRvYmUgSW1hZ2VSZWFkeXHJZTwAAAJdSURBVDjLrVNLaFNBFB0XWYiusnPhwp0bCy6kumkWRVQQFF24kdqKH1QQQcWqq67S1mpaa1sFqeALLmqlbWgLxpY0/5BoXmrSkJT8P9IkbRKbRSC/49whQVERQQcOl5k359xz733DALB/AfuvAsFgsI1DCgQCkt/vl9bW1mZ9Pt+s1+uVVldXJY/HI7nd7rZfBNbX1zs4MR6JRLC5uYmtrS2BfD4vYi6XE8hkMuCicLlccafT2SEEOLmTkxuFQgG5dAIf56dgmBzGXP89vOu7KaAb6IXh1Qg+LU7zO0lks1k4HI6G3W7vJNsykavVqrioOX3oj9AN9qJUKgkRq9UqM25ne3l5GY1GAzUuon8+AO2dCxg/34mRM4cFJrqO4s3dHvEtJDtRLBZFSWaz+SvTarWpjY0NlMtl1Go1ESuVigA5+x142QiHwzCZTGE2Ojo6heYia7z7IMFW4whkl87i8Th48wSZTworKyvDTKVSHWsJ0EU+NoRCIcRiMUSjUdBkKKO08AK3J7pw5ckpdA8ch3ryAQwGw26mVCqPtLITmUjJZBKJREJkpP3rhXH0ve3BvG8Mni96aD5cxznNAbTf2DPEFApFO88g1+t1YZcI6XQaqVRKgIR6Bk9gzstH638qnA4tXYZm6SoJlBlfO0lkZmbGT1ZlWRb1ElpCJx8exKLvJX5cus9jJND8HRnbwbHLaDRO89k2qG4aVesvVN3ah0f6i1DruwVZ/b77u4OfH4fNZttrsVhqfMbggtQo3H92DWeH9uOx/pLITJH2ogd/++r45X6ObbLdjP10/g1HrwhirOEKWgAAAABJRU5ErkJggg==', 'English', 'consequat varius integer ac leo', 2, 2);
insert into Books (ISBN, Library_id, Title, Publisher, Publication_date, Page_count, Summary, Image, Language, Keywords, Total_copies, Available_copies) values ('533675037-9', 3, 'It''s Alive III: Island of the Alive', 'Rohan LLC', '1977-10-18', 402, 'Nulla ut erat id mauris vulputate elementum. Nullam varius. Nulla facilisi.

Cras non velit nec nisi vulputate nonummy. Maecenas tincidunt lacus at velit. Vivamus vel nulla eget eros elementum pellentesque.

Quisque porta volutpat erat. Quisque erat eros, viverra eget, congue eget, semper rutrum, nulla. Nunc purus.', 'data:image/png;base64,iVBORw0KGgoAAAANSUhEUgAAABAAAAAQCAQAAAC1+jfqAAAABGdBTUEAAK/INwWK6QAAABl0RVh0U29mdHdhcmUAQWRvYmUgSW1hZ2VSZWFkeXHJZTwAAAFtSURBVBgZBcE9b01hAADg55x72mrdnqrE1SCkCUEivu7SxGKppGMHNhKj2KRisYkY2MTcRFQMGh8/QGLxMRikJklJkN5B0N72cu95z3uO50lqAAAAQAYACxP16KF8vhotvxSPNgfF/QFJDWBhOF7Yfyk9EXemRn73P359GJce1BkA1Y1918+MtxSiRmtrtjfzc9qtpAYvkmhl4/L4pNKGnglDfng6uLMt42WjOhD3xOGTzQ/acpVa0PDe5AgZ1eF4szxbNvvJlHeCTKEhOOUVsmfNeO/Y3G5D1q3giERUWreuQFqea81N+acvN2Pcqu0SYzpqAWm4Mu2XTV1bEm2raqmGQi0gDbsy3/X19fzV1PUHFKKAtPjWc1THJ109DAxUKkGlRFo8+azpuNNyBNEOlVrDmID06uOV5ddyuVFj3jioZa/crI5yjYzi/Nvl7nxbJXheN5O7SqUY4lpsk9Tg2sVwu+yUm+XS4iIA8B+6i5xffIyBpQAAAABJRU5ErkJggg==', 'German', 'tincidunt eu felis fusce posuere', 4, 4);
insert into Books (ISBN, Library_id, Title, Publisher, Publication_date, Page_count, Summary, Image, Language, Keywords, Total_copies, Available_copies) values ('978526780-6', 3, 'Leopard, The (Gattopardo, Il)', 'Strosin and Sons', '1932-06-22', 967, 'Duis bibendum, felis sed interdum venenatis, turpis enim blandit mi, in porttitor pede justo eu massa. Donec dapibus. Duis at velit eu est congue elementum.

In hac habitasse platea dictumst. Morbi vestibulum, velit id pretium iaculis, diam erat fermentum justo, nec condimentum neque sapien placerat ante. Nulla justo.', 'data:image/png;base64,iVBORw0KGgoAAAANSUhEUgAAABAAAAAQCAYAAAAf8/9hAAAABGdBTUEAAK/INwWK6QAAABl0RVh0U29mdHdhcmUAQWRvYmUgSW1hZ2VSZWFkeXHJZTwAAAKGSURBVDjLpVNLaBNBGP5mdpNsHptH25i+0toIRRAFD3rxqCjowaPtzYNYvIleehE8iHgTBO1BBCl4aG+CxZIeWqrFBxVEUXpIwZqmsWuyaZNusu9xdlPxcSp04GP/Heb75pv/QRhj2M+i2OcSbz1+Ny9F5OOVhhXd0W3qckMuGBweuNydw+G67f9dMBDHsprbleJKoSCmU4ns2MXhuGExIoWEf9TJ/zFpf1uGLbQMp3f0nqFTpW7nTNslz+bLKFZMaAbDWtVFUXWxvuWivO1CaTBUNAbLAdarJh68KKOmGVROZw9RzXBIKEDR1xNH/oOCrR0LmThBgJsJCgRB0QOQDBNU6yamX28i2RFHZzLke6JN3fYt5rpj6M/EMbusoNaw0BWjPjHIhRISgdrwyAq6OuPI9cVAdotHNd1pZ5MfzPXGkE5FMLVQ9AkeUeao8nhyrohEIuKfCYt/lVFrtR0Qnh3bsiGJLgb6kph5r2C9ovt4/lZBlu/JQQeU2b6z35kVm4YDz41p2thUG8hmZASDAZRVCa9W6n6jDGdTSHx8Cm3uIcxSAXpnL8oXrgLsjCdgM15bolQ5OS0jLAXgKQ4diGCAwyublp8APk/h5KUrCA0dQetTHl+XpnGU1ZioqaVvhmkPHu4Pk1iYEkId/1bvSYS0O2H55X2cGL0GaXUBWLyDSCKJg9lBHFuYdERz5+fa6euzqZAcjYohgYg8m5SXT+AqlBJQ/t6bG2ui1D0EnL/xp4Vv9yCp10Syl2HKnxWLp0Yu90e/z8Bo/UCT7zXqAlZWUdrTMEU6Mk++vFm0y3oYdSGAmkpQKBGHX/2I7HWcl0YGxjV1Y0xwyKAjsBJnTZzL23d/AbqhIfYa8w35AAAAAElFTkSuQmCC', 'Greek', 'lacus morbi quis', 3, 3);
insert into Books (ISBN, Library_id, Title, Publisher, Publication_date, Page_count, Summary, Image, Language, Keywords, Total_copies, Available_copies) values ('011065924-4', 4, 'Animal, The', 'Lemke, Cronin and Bernier', '1952-01-07', 935, 'Cras non velit nec nisi vulputate nonummy. Maecenas tincidunt lacus at velit. Vivamus vel nulla eget eros elementum pellentesque.', 'data:image/png;base64,iVBORw0KGgoAAAANSUhEUgAAABAAAAAQCAYAAAAf8/9hAAAABGdBTUEAAK/INwWK6QAAABl0RVh0U29mdHdhcmUAQWRvYmUgSW1hZ2VSZWFkeXHJZTwAAAJrSURBVDjLnZPda1JxGMcVxiCiPyD6B7op2FUE3UR0EQRddBHBGDNsvbKE1CWJtpqewbSNdMUg2IjtQieNE5XuOC98Yb6wC/EVNAVfEBkMN+fxXZ9+z4+OSXUR+8HDj3N4vt/v53k4RwQAopOWx+O5diKh3+8fdblcapZly/9sSCQSZ2KxmD4cDu8Fg0GWJF0ZSh2zk2Oz2fi1tbW/xfF4/BQR7xUKBTg+PoZyuQyhUAgcDse20+lcIqnZVCoFPp8PjEbjxp/Jo9FodDeXywGefr8Pwkkmk2C1WnlCACaT6YBhmGm1Wn1aEIpJw1QkEilks1nodDrQ6/WoAdbh4SHwPA+lUgnMZjPo9fpxpVI5ilpEFpP6nM/nKTIKEBub2+02IE06nYZarUZNOY4DnU6nEKhFZFGvBGQBGwkymQwQMigWi9BoNGihIc6v1WrtA4NAIOBDRAEXU7rdLtTrdTo3LhPxkQ6NSSCoVCrXwMDtdu+3Wq2BEFOazSZNRGMU4G0P2uD5hwmYensL7s5d5W+8uKimBt6trX1MQ3dBKCQeHR1Rw0/f3sPspgS+xpYhXOJg0fkY7ixegEtPzhpEoZUVD+4A04eFmCrMPMFc77HRJWAT7+ieDDv3YXHnARo0ROkZ5Sq/sABtr5cKqtUqLRwLjdbX1+HmyzH4HvsIw+dLZBkNQJSTSkd+PJverb95TZeGyZVKBcg3ARaLBRQKxezlp+caC9w9YLhJKma2J38T4CKyEslI9NHDVXZmxrOhkB9oNJoS2fSmXC4fl8lkYtI4d9twHoyclCbjjc90B//7B5LmeVJVxP51z+P7nwtGFih8vipxAAAAAElFTkSuQmCC', 'Greek', 'justo morbi ut odio cras', 2, 2);
insert into Books (ISBN, Library_id, Title, Publisher, Publication_date, Page_count, Summary, Image, Language, Keywords, Total_copies, Available_copies) values ('848735059-3', 1, 'Excision', 'Sanford-Prohaska', '1956-03-13', 338, 'Praesent blandit. Nam nulla. Integer pede justo, lacinia eget, tincidunt eget, tempus vel, pede.

Morbi porttitor lorem id ligula. Suspendisse ornare consequat lectus. In est risus, auctor sed, tristique in, tempus sit amet, sem.

Fusce consequat. Nulla nisl. Nunc nisl.', 'data:image/png;base64,iVBORw0KGgoAAAANSUhEUgAAABAAAAAQCAYAAAAf8/9hAAAABGdBTUEAAK/INwWK6QAAABl0RVh0U29mdHdhcmUAQWRvYmUgSW1hZ2VSZWFkeXHJZTwAAAKRSURBVDjLhZHfT1JhHMb9F7ptXXXR2lw/Llp3blnNZauLtmwtp15oWsu6oJZ5bKyFQiGIEIRIKoEsJtikWM1JmiQhtpieo3ISUoEINiJNE2SgT5x3ZiVZ3+15v3t/PJ89+755APJ4PJ64s7MzZDKZYDabYbFY0NvbSzq35867u7uh1WpjfD5fwXl+iixqtXoi2xfw/0ppNJrPOQC9Xp/O9vXTvCf4l7jKJkUOgIvH1bmGPlQ1D6Na+gY1Micut77FFcUoapVj5I4rnU6XCzAYDJuAmqz50hbzNdUvQJfu8d8BmUwGMzMz8Hq9oGkaHo8HbrcbTqcTDocDQ0ND+B62gzWeh8/ahPGOIkyo8ssJYCMWmXxLSwtYloXRaIRYLCag6I3rmKUKERmswyJtA5bDWKAtcElORAmgo4MMBqFQCIFAAH6/Hz6fj6RhGAasuw3xqTtIhZ4h8roZCeYpMvMjYLqqkwSgaW8nAKvVCrlcjmAwSNLIZDLM0ibEJ29jLTGCxMdaxMeuwmuoBK0t+zKmOLOHAFQqFQFEo1FEIhGEw2GSZp4x4ytTj7WkCyv+CiSDpViapjCnORJ9Lz1+cHOIcrmCAGw2G5RKJYHY9HxE3tVtmMuRDFzAt8kGsKoifJAcPvTHLzRLJAQQi8WI2FEjpvtvZmM7kJyrxGqwDIvZJH7NSTyUCnK/USgUpocdjnW73Y6+R3xMvaAw8bIVn9wlWJkrRXz8FrzqUxgZ6FsXikSJHABFUYxA0LgiFIrQc/8YsDQPtv0sBqmdcLYVY0BQgAfCetwVNK5m37pyAL9LcDE/nXIpkXLL4W4qRE/VruX++v0Htr7bFlBSsCMpqtibfnWvOG2XHh1+Xrdv93ZmTj8Aff0H4WdEl0kAAAAASUVORK5CYII=', 'Greek', 'vitae quam suspendisse potenti nullam', 5, 5);
insert into Books (ISBN, Library_id, Title, Publisher, Publication_date, Page_count, Summary, Image, Language, Keywords, Total_copies, Available_copies) values ('870090951-3', 2, 'Hexed', 'Abbott-Kreiger', '1985-06-26', 306, 'Morbi non lectus. Aliquam sit amet diam in magna bibendum imperdiet. Nullam orci pede, venenatis non, sodales sed, tincidunt eu, felis.', 'data:image/png;base64,iVBORw0KGgoAAAANSUhEUgAAABAAAAAQCAYAAAAf8/9hAAAABGdBTUEAAK/INwWK6QAAABl0RVh0U29mdHdhcmUAQWRvYmUgSW1hZ2VSZWFkeXHJZTwAAAJGSURBVDjLpZNLTxpRFMdd+EX8BixZ6VfxQ9imq3YzSdNVE2MNyEMYAeUNofIKEBjA8CoiM4BCgiQgaJqWtjySAc2/585iogG76eI/czN3/r9z7jnnbgDY+B8pj3w+v5nNZncEQdhLp9N8KpUqJhKJYTwel2OxmByJRIbn5+fFUCjEB4PBPZ/Pt+PxeDZVAJm5SqUCURTRarVUNZtNdd1oNFCtVkHBEA6H4XK5OBWQyWQwnU4xHA7RbrdRr9eVn8vlsiK2ZnC2NxqNMB6PcXZ2BhVAacu3t7eYTCYQbr4jIP2ErzWHt/0I780jnOIUjsoDYlcDjH//UYAOh0NWAXTmbTrzUmpew3bRA196gONqAndrARfJevkLXzJ9fI5dwxkvwG63L09OTrZVABMVTBuNRpfVegPWlIRPvhI+nF7gHZ/FG4sAzl2AP1V8YX4BYKJKa6nSy8srEZakiPeneby1CvjoKeJrurRiXgEwUZu0fr9/+a16iVStC9/FNSLCevNaAJPX69W63e6nxWKhdIfMT+vMrwKYnE6nl7WtVCqB53nbPyfxuSjyFvV4l9pU6Xa7yOVysFgsebPZvGs0GrdeBdBoami6ioFAADQXoPHFYDBQ3lQXUHFxfHwMnU5XPDw81KwAyPxDkiTIsozZbIa7uztFDHJ/f698Y3vJZBIHBwejFQClzbFIhUIBnU4H/X4f8/lcUa/XQ61WU+7A0dER9vf3ubU1sNlsGqvVylGqWZPJ1DEYDNDr9SztLqWdpcgcmTXPPX8BpLUNr3FYePgAAAAASUVORK5CYII=', 'Greek', 'vestibulum eget vulputate ut', 2, 2);
insert into Books (ISBN, Library_id, Title, Publisher, Publication_date, Page_count, Summary, Image, Language, Keywords, Total_copies, Available_copies) values ('543837623-9', 4, 'Float', 'Zemlak, Stokes and Cremin', '1982-01-28', 379, 'Phasellus sit amet erat. Nulla tempus. Vivamus in felis eu sapien cursus vestibulum.', 'data:image/png;base64,iVBORw0KGgoAAAANSUhEUgAAABAAAAAQCAYAAAAf8/9hAAAABGdBTUEAAK/INwWK6QAAABl0RVh0U29mdHdhcmUAQWRvYmUgSW1hZ2VSZWFkeXHJZTwAAAIdSURBVDjLpZNPSFRxEMc/b9/P9b9uu5qWVG6soERCIringi6J5wKhTl2CvFQnQQi9dO3QoUudOkSHLkUQniL/ENWyrSRbUqC9dc1dXUXxubvvzft1sF1d6iA4MMwMzHznO8OMobXmKOLjiHJkALWysjIKXAXwPA+tNZ7nVaiI/GP/6jMjnU67LS0tJsDBfZT8/9mSn0gkRGmtzaqqKh7GhKK9zcb392hnB19rD8fD5xlq+EEkEmF0chM7X8TeLWLnHV7cjCAipjrYte/bI9z0J5Ysi8WsjR6bA8BxHCYu1eJ51eWxAEQEVQoAnLYLXOzt4LJfMfP5KwnTLCdOTU1VLG9wcHAPQET2il2Pj5mTKLVBQ1MTseIAuVweGvYAotFouXuJdQWDTWuB1vBZXqo+cr+K1AT9tO8slxPjTybwxV8jqxYSCNJ17S7S3LvPoKN+i/n1AF4wwLE2P/mtPI1eFqgl+/YprWsxum6MUB0+x+7cJMmZ5xhtSxjJZFJ3d3dXzGfbNoVCoUx5/k6Ugesj1P58B8vT0BxgTZ0h9mFhn4FlWWQyGUKhEJ2dndTV1ZUBZdWipj0MQ/f2L3D8BGpzHSUiyXg83iMi9Pf3G7OzszqVSlVeX3MQ+8sb6l/dprD7GxvY3jJxGwOucZhvnB7uGPc31o+dCrlK+VJsZ10WV01x8vq+cdh3nhk+PbqTS98yxTgjpl7W8PjKpPvgD7bjUD5Jjh8/AAAAAElFTkSuQmCC', 'English', 'lectus vestibulum quam sapien varius', 5, 5);
insert into Books (ISBN, Library_id, Title, Publisher, Publication_date, Page_count, Summary, Image, Language, Keywords, Total_copies, Available_copies) values ('764884073-1', 1, 'Bleak Night', 'Kilback-Simonis', '1958-03-07', 112, 'Cras mi pede, malesuada in, imperdiet et, commodo vulputate, justo. In blandit ultrices enim. Lorem ipsum dolor sit amet, consectetuer adipiscing elit.

Proin interdum mauris non ligula pellentesque ultrices. Phasellus id sapien in sapien iaculis congue. Vivamus metus arcu, adipiscing molestie, hendrerit at, vulputate vitae, nisl.

Aenean lectus. Pellentesque eget nunc. Donec quis orci eget orci vehicula condimentum.', 'data:image/png;base64,iVBORw0KGgoAAAANSUhEUgAAABAAAAAQCAYAAAAf8/9hAAAABGdBTUEAAK/INwWK6QAAABl0RVh0U29mdHdhcmUAQWRvYmUgSW1hZ2VSZWFkeXHJZTwAAAIhSURBVDjLpZM9SJVhFMd/Vy8pV40yIRHvBY0QUcHUqAgXo7YapKGm1oJ2scGWcI2mIBojh5YIgoYkl5sNkZGUaH6QkhejED/vfd/nfDS8emloEDxwOHCe8/9xnuc5J+XuHMYqOKQdGpDO55/89w5mgpnjLpgpZjEiiqoAAREhhEAaoKmpqyx0d9xtzxOAu2Gm5WhmuCszM28TAEAUbeHue4dJQSLSPdG+Jx1VV9cRQjEBJGQjkzlGNtvD7u46a2uz5HJnMQtMT7+is/MqlZVp5ubesb6+jFlAJKJCJJTJ2WwPS0sfECmRy/WxuJhne/s3LS0XuPfyGnef93Okug6RgGoghIgKVcFdUA0AbG4WWFjIUyyu09Y2QE1NPYXCNyINNDe0MzJ+m0iKmCkiJdJmRVSFBASqAVXl/uubuAViF2IRmo6fpr3xHFulHR5+fcTQmWFUI9IhRJgJqjEhFOntvUEIEc/mH3O54xbqhppiOKsbK3Q1X2Q7LjI8OcT16j7SItFeBzFTUy/K71GSGHXjx5/vBBPEAkEDm9EW3dl+tsMuT5fypKMowixQVVXzz7cZJSkhKpw8mkNMUTcKG8vU1zbyaSXPl5XPDNZ0kxobu+PuMSLJdLlHiDhvbIpSHBNbTEliTjV0cL71Ch+X3zM5P8FgbScnKjOkDrqNnQ8qdvpyA5mJufGfsXFpddRngYMDWkdSO2qVmaJp669RX9rP/wXZZaE2eCuTIAAAAABJRU5ErkJggg==', 'Greek', 'consequat in consequat ut', 3, 3);
insert into Books (ISBN, Library_id, Title, Publisher, Publication_date, Page_count, Summary, Image, Language, Keywords, Total_copies, Available_copies) values ('621208097-6', 3, 'Greatest Show on Earth, The', 'Durgan, Weimann and Bayer', '1906-04-05', 336, 'Duis bibendum. Morbi non quam nec dui luctus rutrum. Nulla tellus.

In sagittis dui vel nisl. Duis ac nibh. Fusce lacus purus, aliquet at, feugiat non, pretium quis, lectus.

Suspendisse potenti. In eleifend quam a odio. In hac habitasse platea dictumst.', 'data:image/png;base64,iVBORw0KGgoAAAANSUhEUgAAABAAAAAQCAYAAAAf8/9hAAAABGdBTUEAAK/INwWK6QAAABl0RVh0U29mdHdhcmUAQWRvYmUgSW1hZ2VSZWFkeXHJZTwAAABjSURBVDjLY/j//z8DJZiBagb8y8/+D8NgsVXF/+EYyP9wNf0/DA9SAygOgwuvN/2HYRA/4EzufxgG8RM2vP4Pw4PUAIrDIKJqw38YBvFvzr77H4bBaso3/ofjwWnAwGcmcjEAc0v+JGPFQvwAAAAASUVORK5CYII=', 'Greek', 'vivamus metus arcu adipiscing', 3, 3);
insert into Books (ISBN, Library_id, Title, Publisher, Publication_date, Page_count, Summary, Image, Language, Keywords, Total_copies, Available_copies) values ('980456902-7', 1, 'Human Touch', 'Reilly Inc', '1950-12-08', 861, 'Quisque porta volutpat erat. Quisque erat eros, viverra eget, congue eget, semper rutrum, nulla. Nunc purus.', 'data:image/png;base64,iVBORw0KGgoAAAANSUhEUgAAABAAAAAQCAYAAAAf8/9hAAAABGdBTUEAAK/INwWK6QAAABl0RVh0U29mdHdhcmUAQWRvYmUgSW1hZ2VSZWFkeXHJZTwAAAKFSURBVDjLhVNNaxNRFD3vzUwSJ622YEwgYoVaNBUVilZwqStBtJBNxC4EEel/sDsXLhRcVxSUQo07QVy0jbpQqiANsS5ciNpowBhM2kk7nWS+vPdJqi0tXjhz39x595zz7syIMAxRKBSilM8TLgZBcIjyAIGWwQfKnyjfIxRGRkZ8bAoxOzs7SJumEonE0VQqhXg8DtM0wcTLy8toNpsol8uo1WqvqJbLZrOVDQzT09MvFhcXWS7cLlzXDYvFYpjP5x8w8b+QdDmcTCbxv0in0yCRs5vrOhUVU7VaRSwWQzQahWEYqmbbNur1OiqVCvr7+5kA2xLouo5GowHHcdS953mwLAutVks949qWBJ2zaJqmHPBmxs0ndXRHe2G3PfR2RfBo/geEHEy8v1sKg1CgYa3hebFyct0BK9KwVBZCYM12cHr4IC4MdeHpm+8Yv5TZoPzwZY0cibeyQ+D7vmpm8Npuuag3PbV55l11vdGhktUCakttEgr+zoDVGdzMx5FSQAsB1w9we2yI1OioRKDR1dShZmOttv8QMDrqHcKYIeGQixv5ryAueEQUEJiEn/PCNAJIVuRXRV+ieoWd8Eix5XvQpEFWdZAfyho1SiIQcEmsTQNmB5fn5uYeZzKZeF9fnyLhITbtKgxqHDvXTWRtopRKNaRzx/QIbk2V8ctahZ7L5Z5NTk4eWVhYuF4qlbJSyl38L/hBijQNBFjD/flr2G3uIxcSNfsbrp64Q6sYDZpmwHZHR0e/ULrCmJiY6F5ZWTmg6+n5/Skg2dXEmWPD6ImklYklJ409cQ9mhD4icirUQLaI42Mzrwf27jjVE+0hyzvpGC4EDViEPgJh42P5M35aLn4DnlayCCcx84IAAAAASUVORK5CYII=', 'Greek', 'vel nisl duis', 4, 4);
insert into Books (ISBN, Library_id, Title, Publisher, Publication_date, Page_count, Summary, Image, Language, Keywords, Total_copies, Available_copies) values ('286591392-9', 1, 'Third Part of the Night, The (Trzecia czesc nocy)', 'Stiedemann-Haley', '2001-11-10', 180, 'Maecenas ut massa quis augue luctus tincidunt. Nulla mollis molestie lorem. Quisque ut erat.', 'data:image/png;base64,iVBORw0KGgoAAAANSUhEUgAAABAAAAAQCAYAAAAf8/9hAAAABGdBTUEAAK/INwWK6QAAABl0RVh0U29mdHdhcmUAQWRvYmUgSW1hZ2VSZWFkeXHJZTwAAAG+SURBVDjLnZNNSwJRFIbfGccPCKJMoqSwdBcEobUQWrmIChJs07pVuA36By0KWrTtB7hqGSQSFBGCbdq0ECkhSmgxldmHOuP9aO4VpSEV6cDhHu7c85z3nLkXnHP048/RKO+0r6JPO9nc7LivCErL8vk8p5SCEILWKlzXdWSzWfj9foRCIcTjcaWVo/2mNRoNBINBGf8GizgWi8k1k8nYFNgAopqwi0KzM2oxKAMYZ5YiYHmGwDCM7gDTNGWV8Fi54yCBof4AudKwrEpYUwGxqjPGkZgjqNfrvQHCFsZfuvzO4d4KxEdx8PLBa/XPpQJGm7PgloKN+UZvBRX6LgGLk3oXBV588c/OgJ1ccso15MEKX7X6ZUilUlBVFYqiyDWRSKBivONxvGgDtG+ilTStOh3IV25lNU3TEA6HEYlEZCyg5VoZrgEX1o6W122A7ezWIKhyPuL04ayUlodFkvCWihqpYv9qFwFfAMSkB0uHsdk2gBKaNEyT3+kFfL9Wkbk5BXMyOByONiR9nYZWd+Ht40VcOD8lbLc9A3rs2ZMPw/IqKAq4l/JKxZKtX68yitenMibMgNtteuJ/HtN/7AcakErwOe40HwAAAABJRU5ErkJggg==', 'Greek', 'erat eros viverra eget congue', 2, 2);
insert into Books (ISBN, Library_id, Title, Publisher, Publication_date, Page_count, Summary, Image, Language, Keywords, Total_copies, Available_copies) values ('273847535-3', 1, 'Blacula', 'Brekke Inc', '1939-03-07', 928, 'Fusce consequat. Nulla nisl. Nunc nisl.

Duis bibendum, felis sed interdum venenatis, turpis enim blandit mi, in porttitor pede justo eu massa. Donec dapibus. Duis at velit eu est congue elementum.

In hac habitasse platea dictumst. Morbi vestibulum, velit id pretium iaculis, diam erat fermentum justo, nec condimentum neque sapien placerat ante. Nulla justo.', 'data:image/png;base64,iVBORw0KGgoAAAANSUhEUgAAABAAAAAQCAYAAAAf8/9hAAAABGdBTUEAAK/INwWK6QAAABl0RVh0U29mdHdhcmUAQWRvYmUgSW1hZ2VSZWFkeXHJZTwAAAGASURBVDjLxVO7agJRED3XN4gPkEWwET/AysoqoE3+wcIPCEvEVsgnhJXgF4j+QraJLFjkAyxEsFCwsBYU32bPyF7WkEDAIsMOcxnmzJx5rLpcLrhHArhTQt5jMpl8nE6niqs4Ho84HA5a9/u91t1uRzuo1+tV4hRbcMEPkUjEMQxDgr6Lv81wOAzHcTCfz6umaQ6EgVvxJZ1OY7lcIhqNapAfyPdisUAymUShUGDRluseqNFoJNUzmQxWq9UNXbZCoFIKwWBQqicSCcTjcdi2jel0Wg2weiqVkl4ZFIvFpAoTZrNZ0W63i+FwiF6vh/P5jO12i2KxyHm0Qqy0Xq+Rz+d/nXS73Uaj0YBlWdo3m82EJRNUPOfz26fQhdDmiOXD61MZm83mJilZExviWtgrrvEu8ArWFj8fmrdiScDdUyyz/OcD4ix0Ag5sPB7r1VEZ4K2x0+mgVCqh2WyiVquJP5fLCXPV7/ff3V4efVemraf+qySIjKluIlv9+890d4IvgMkS1vrQFCsAAAAASUVORK5CYII=', 'Greek', 'ut tellus nulla', 5, 5);
insert into Books (ISBN, Library_id, Title, Publisher, Publication_date, Page_count, Summary, Image, Language, Keywords, Total_copies, Available_copies) values ('866618754-9', 2, 'Hardcover', 'Hyatt-Bradtke', '2013-11-11', 240, 'Integer ac leo. Pellentesque ultrices mattis odio. Donec vitae nisi.

Nam ultrices, libero non mattis pulvinar, nulla pede ullamcorper augue, a suscipit nulla elit ac nulla. Sed vel enim sit amet nunc viverra dapibus. Nulla suscipit ligula in lacus.

Curabitur at ipsum ac tellus semper interdum. Mauris ullamcorper purus sit amet nulla. Quisque arcu libero, rutrum ac, lobortis vel, dapibus at, diam.', 'data:image/png;base64,iVBORw0KGgoAAAANSUhEUgAAABAAAAAQCAYAAAAf8/9hAAAABGdBTUEAAK/INwWK6QAAABl0RVh0U29mdHdhcmUAQWRvYmUgSW1hZ2VSZWFkeXHJZTwAAAJ8SURBVDjLpZNLaFwFFIa/O8m0lTxm2hJHU61Omuk0M2o1aBOl1a3QkKXQlWRhXImCGxWkCxVCobhQcGFwJeJKKIgQQSFqrWBS0zRFE2xTOiZpHpMmITNzc+95dBHQlKTZeDYHDvwf5/GfwN35P1G/U/GDsXcnzLSoaq6q333U/XHP/QCJ7eJ3DmAU8415cs25QFS7d+tgG+D9pweWI4kqscdUogoiMr4bIHB3PrzynpspqoZuZu/YfywQE67Mja+KqKpqQkQY7P1y/7YdqClHG3KYG+aOY4Ga4Q6FlkJKXXE31qeHmfzqjNc1PkllaZggnHl1E6CKumFuzK7fYiVcQVwwdxJBHWbOS3uhK/0ED7SfIpV9hpXpPH99P3huEyDKxNIEzckUmYZWFqtLqOvmOL7BUVngZEsXTY88y/L1P9kTRDQ1P0TjwcOpYKsP3vrxdS+0FJgoj6FmmCuP2x1ea+0k3fYyG3NfUysHLExWWQ1DErVq/p4riCjqiqgiJhyOy/Q/fJz0kdOEs58TJO+QbGyCqMSn1X947o1vpuoB3vyh30WU9L40akbsMa3lefqOnCDV3ks48xmJpBCtZSkNX+J8HFEy++8KIkox04HiTK/doCtq4Pl0Jw8WTxPdHqRujxOuPsbsT79RX6tmv3j70s17jBSLICh/LIyQnVnnhSCD+qPMXf0EI6SyfIhbF0c5G4fkt4j/BUgsqBnFg0+RKc1SONnP3tIvTF24yNjQMqNDPzOUzXFbbednEhF+nxpBVKlenye69i3Z46dYXSzz9+VrXMgdsrmrl2tqurajlbfGKy8eqHW2ZepPdGTx5MavtYXFvp6B8Rv3+4W77h1o9knDsw0AAAAASUVORK5CYII=', 'Greek', 'magnis dis parturient', 2, 2);
insert into Books (ISBN, Library_id, Title, Publisher, Publication_date, Page_count, Summary, Image, Language, Keywords, Total_copies, Available_copies) values ('392539793-0', 5, 'King Is Dead!, The', 'Shanahan-Weber', '1963-09-24', 513, 'Fusce posuere felis sed lacus. Morbi sem mauris, laoreet ut, rhoncus aliquet, pulvinar sed, nisl. Nunc rhoncus dui vel sem.', 'data:image/png;base64,iVBORw0KGgoAAAANSUhEUgAAABAAAAAQCAYAAAAf8/9hAAAABGdBTUEAAK/INwWK6QAAABl0RVh0U29mdHdhcmUAQWRvYmUgSW1hZ2VSZWFkeXHJZTwAAAGWSURBVDjLlZNNSwJRFIa1Tf8hElq1qCDJxk22CdsErVvbLotQbGFkZBYWRqCghqv2tXHRokACw4IICvoHbRS/8HPGGbXe7hkcGTU/uvAwA3Pf555zhqsBoGFrkmFgGIcwxRijjIKmJTCIolhsNBrfzWYTf8G+IxgMBrolisBI4Wq1Cp7n25RKJRQKBaTTaVmSSqUQCoU6JLS0JKANtVoNkiTJT6JSqaBYLCKTycgCQRBAh0QiEVnSI6CwAgkoUC6Xkc1me1pqzUTbIWBttDfQO/WttJLL5eRKkslkf0E3aglVQvPI5/OjC9QSaodmQqJ/CYh6vS7PhSTEvwVUBQm8iUOcxl2jCSikQBW44064Hh1wPuzCEd0ZXVATBThjNhzE7Lj+DCPyEcDWjQUr3qUvzj4/PvQv+BInsNxuwHFnxdW7H4E3H2xRK0xHnMTt6+/Vgp9Bc1gPr8L/eg7fiwdrl2bozBOb6ruwyIbEs419L5P5Yhlnz8fwPLmwsDdHIYNaoCPJoKtscnNgJUNvn8XM9jSFdJT9BVHxpMfQmzHDAAAAAElFTkSuQmCC', 'German', 'turpis a pede posuere nonummy', 2, 2);
insert into Books (ISBN, Library_id, Title, Publisher, Publication_date, Page_count, Summary, Image, Language, Keywords, Total_copies, Available_copies) values ('306720798-X', 1, 'Grass', 'Stroman, Rippin and Hoeger', '1918-11-05', 687, 'Nullam sit amet turpis elementum ligula vehicula consequat. Morbi a ipsum. Integer a nibh.

In quis justo. Maecenas rhoncus aliquam lacus. Morbi quis tortor id nulla ultrices aliquet.

Maecenas leo odio, condimentum id, luctus nec, molestie sed, justo. Pellentesque viverra pede ac diam. Cras pellentesque volutpat dui.', 'data:image/png;base64,iVBORw0KGgoAAAANSUhEUgAAABAAAAAQCAYAAAAf8/9hAAAABGdBTUEAAK/INwWK6QAAABl0RVh0U29mdHdhcmUAQWRvYmUgSW1hZ2VSZWFkeXHJZTwAAAGeSURBVDjLxdO9SwJhHAdwIdpqrKmxNZqKuEUhSIyixCI0yjPv1PM1z8KDEonrOPF8OzcVhYoCh2gXp/wzcnmGgiDX1m+PQsZR9EJEw5fnWX6f5/e8mQCYfhPTnwHZbMapKPL9jwFNy47QYllVlWdZPsGXQKGQZwqF3CC5nMbQ4rt6vYabm2uk08fvAOLfHzcA+byGclmHrhdRKhVxcXGGZrOJ8/MzSMlDA0B8MZ7sBqYMgKZl0Oncot1uo9VqodFoQJZlCuoQ49EhQLgo98SHQDZYiaw4J4YA3Suuri6hqioURUEqlYIoinR+ikhEGACP664ucfGLj04PyPKWoStT/6BqtQp4nofb7YbD4YDNZoMg+Gl8r0CP2HcW6QhiWTMCR0cSqtUKJCmJWCwKu30dZrOZYjvw+71vW7BuCr3VTZB5q0hmLWND4OAgjkQiRotDg5bDYWGAeDxu2pXHeIhzS0EyY540dBDfDzOhYIAJBDjG59tjeJ7t9qFkUgTHse+vcXph9NOHRFcd4bysQvP8EfDtp0yhbZqH//tM380L5ZG0STFOrDMAAAAASUVORK5CYII=', 'Greek', 'ante nulla justo aliquam quis', 1, 1);
insert into Books (ISBN, Library_id, Title, Publisher, Publication_date, Page_count, Summary, Image, Language, Keywords, Total_copies, Available_copies) values ('517545515-X', 4, 'Geri''s Game', 'Schoen LLC', '1947-02-04', 952, 'Aenean lectus. Pellentesque eget nunc. Donec quis orci eget orci vehicula condimentum.

Curabitur in libero ut massa volutpat convallis. Morbi odio odio, elementum eu, interdum eu, tincidunt in, leo. Maecenas pulvinar lobortis est.

Phasellus sit amet erat. Nulla tempus. Vivamus in felis eu sapien cursus vestibulum.', 'data:image/png;base64,iVBORw0KGgoAAAANSUhEUgAAABAAAAAQCAYAAAAf8/9hAAAABGdBTUEAAK/INwWK6QAAABl0RVh0U29mdHdhcmUAQWRvYmUgSW1hZ2VSZWFkeXHJZTwAAAKBSURBVDjLhZJdSFNhHMZfkQLxIhKKJPWum6KkpIxAh9KQIWTrZhfe2EWIxK5CIgJBTEphhJBkCYGI9EFLZFAtlTnnNudm80yP82xO3RzqcZp5ds7OhuTTeyYsMmkvPHfv83v+XwQAOazaNqahuS9sMwzFhKdGXqg3MLZCnbHhqL9Hmg2m2IYnlMB8JIXZcBLj8yIau4MbuaqXDVkBD2iyYg6upzAdkuEKJjCzIsM8E0dZk9mWFdAxyAtzkQPzZEDGhF+CZU6EfUGEtoMVsgJa3/MCs5zEJJeALW2WMMyIsNI2NK1MdoC2zWuzsHF4l2WM+ER88SrpEj44fyKvZiB7Cydq37bUG1jZOi/B5BHwybULM0P711v3yEl9138Bl/VOnb435O//uoS+byt49jGKJ+8ieDG4gB6jD6pm2zYpbG85EnChcbT0/qsgO0GH5Y8m4VmS4V5MwEHLd7a/xuKx4wjS74oWSI7MEaL5C1DR7Oz9/H0XbESme5fgCSkAGdOdb7BafAZ81TVs31FjW3sTa9dLsXSqAH5C1BnA3edcwM7FYfEJGGdFTNF0VyCRTuZVV7GlqcR6SQnWiouxRSHR8otgCdnJAPS9YdkdkNA/zGOM7t1J16hMXylZST78NuuqMEvIfgbQ2B1KOjgJA6ObGPXFD25gVjwA0MSU243U1FRG/K1DAPUjb6jfEsOQI5YGjNFbMM8I4PLysVZ+CbHb1YgWFaXF11UjXHZeAfz4s45ykyZf5+pp6uIwQo12v0iHKcDabcTi6QKs0p6VspXk8JW0eZ8hpPKfQzqrG94o07ujNY+ZHdVDZu/cPeee+kZnfDI3/5eP5KSNVFvUXKH8/w2+ut3dWHFeZAAAAABJRU5ErkJggg==', 'Greek', 'tristique fusce congue diam id', 2, 2);
insert into Books (ISBN, Library_id, Title, Publisher, Publication_date, Page_count, Summary, Image, Language, Keywords, Total_copies, Available_copies) values ('034396504-6', 4, 'Arrapaho', 'Nikolaus-Zieme', '1931-04-14', 966, 'Integer ac leo. Pellentesque ultrices mattis odio. Donec vitae nisi.

Nam ultrices, libero non mattis pulvinar, nulla pede ullamcorper augue, a suscipit nulla elit ac nulla. Sed vel enim sit amet nunc viverra dapibus. Nulla suscipit ligula in lacus.

Curabitur at ipsum ac tellus semper interdum. Mauris ullamcorper purus sit amet nulla. Quisque arcu libero, rutrum ac, lobortis vel, dapibus at, diam.', 'data:image/png;base64,iVBORw0KGgoAAAANSUhEUgAAABAAAAAQCAYAAAAf8/9hAAAABGdBTUEAAK/INwWK6QAAABl0RVh0U29mdHdhcmUAQWRvYmUgSW1hZ2VSZWFkeXHJZTwAAAHaSURBVDjLlZO7a1NRHMfzfzhIKQ5OHR1ddRRBLA6lg4iTd5PSas37YR56Y2JiHgg21uoFxSatCVFjbl5iNBBiMmUJgWwZhCB4pR9/V4QKfSQdDufF5/v7nu85xwJYprV0Oq0kk8luIpEw4vG48f/eVDiVSikCTobDIePxmGg0yokEBO4OBgNGoxH5fJ5wOHwygVgsZpjVW60WqqqWzbVgMIjf78fn8xlTBcTy736/T7VaJRQKfQoEArqmafR6Pdxu9/ECkUjkglje63Q6NBoNisUihUKBcrlMpVLB6XR2D4df3VQnmRstsWzU63WazSZmX6vV0HWdUqmEw+GY2Gw25SC8dV1l1wrZNX5s3qLdbpPL5fB6vXumZalq2O32rtVqVQ6GuGnCd+HbFnx9AZrC+MkSHo/np8vlmj/M7f4ks6yysyawgB8fwPv70HgKG8v8cp/7fFRO/+AllewqNJ/DhyBsi9A7J1QTkF4E69mXRws8u6ayvSJwRqoG4K2Md+ygxyF5FdbPaMfdlIXUZfiyAUWx/OY25O4JHBP4CtyZ16a9EwuRi1CXs+5K1ew6lB9DXERX517P8tEsPDzfNIP6C5YeQewSrJyeCd4P0bnwXYISy3MCn5oZNtsf3pH46e7XBJcAAAAASUVORK5CYII=', 'German', 'proin at turpis', 1, 1);
insert into Books (ISBN, Library_id, Title, Publisher, Publication_date, Page_count, Summary, Image, Language, Keywords, Total_copies, Available_copies) values ('868249354-3', 1, 'Carrie', 'Smith, Nienow and Rogahn', '1924-05-10', 718, 'Nullam porttitor lacus at turpis. Donec posuere metus vitae ipsum. Aliquam non mauris.

Morbi non lectus. Aliquam sit amet diam in magna bibendum imperdiet. Nullam orci pede, venenatis non, sodales sed, tincidunt eu, felis.', 'data:image/png;base64,iVBORw0KGgoAAAANSUhEUgAAABAAAAAQCAYAAAAf8/9hAAAABGdBTUEAAK/INwWK6QAAABl0RVh0U29mdHdhcmUAQWRvYmUgSW1hZ2VSZWFkeXHJZTwAAAJ6SURBVDjLjZO7T1NhGMY7Mji6uJgYt8bElTjof6CDg4sMSqIxJsRGB5F4TwQSIg1QKC0KWmkZEEsKtEcSxF5ohV5pKSicXqX3aqGn957z+PUEGopiGJ583/A+v3znvPkJAAjWR0VNJG0kGhKahCFhXcN3YBFfx8Kry6ym4xIzce88/fbWGY2k5WRb77UTTbWuYA9gDGg7EVmSIOF4g5T7HZKuMcSW5djWDyL0uRf0dCc8inYYxTcw9fAiCMBYB3gVj1z7gLhNTjKCqHkYP79KENC9Bq3uxrrqORzy+9D3tPAAccspVx1gWg0KbaZFbGllWFM+xrKkFQudV0CeDfJsjN4+C2nracjunoPq5VXIBrowMK4V1gG1LGyWdbZwCalsBYUyh2KFQzpXxVqkAGswD3+qBDpZwow9iYE5v26/VwfUQnnznyhvjguQYabIIpKpYD1ahI8UTT92MUSFuP5Z/9TBTgOgFrVjp3nakaG/0VmEfpX58pwzjUEquNk362s+PP8XYD/KpYTBHmRg9Wch0QX1R80dCZhYipudYQY2Auib8RmODVCa4hfUK4ngaiiLNFNFdKeCWWscXZMbWy9Unv9/gsIQU09a4pwvUeA3Uapy2C2wCKXL0DqTePLexbWPOv79E8f0UWrencZ2poxciUWZlKssB4bcHeE83NsFuMgpo2iIpMuNa1TNu4XjhggWvb+R2K3wZdLlAZl8Fd9jRb5sD+Xx0RJBx5gdom6VsMEFDyWF0WyCeSOFcDKPnRxZYTQL5Rc/nn1w4oFsBaIhC3r6FRh5erPRhYMyHdeFw4C6zkRhmijM7CnMu0AUZonCDCnRJBqSus5/ABD6Ba5CkQS8AAAAAElFTkSuQmCC', 'Greek', 'sem duis aliquam convallis', 5, 5);
insert into Books (ISBN, Library_id, Title, Publisher, Publication_date, Page_count, Summary, Image, Language, Keywords, Total_copies, Available_copies) values ('198897076-8', 3, 'Amsterdamned', 'Metz, Armstrong and D''Amore', '1971-05-18', 308, 'Phasellus sit amet erat. Nulla tempus. Vivamus in felis eu sapien cursus vestibulum.

Proin eu mi. Nulla ac enim. In tempor, turpis nec euismod scelerisque, quam turpis adipiscing lorem, vitae mattis nibh ligula nec sem.', 'data:image/png;base64,iVBORw0KGgoAAAANSUhEUgAAABAAAAAQCAYAAAAf8/9hAAAABGdBTUEAAK/INwWK6QAAABl0RVh0U29mdHdhcmUAQWRvYmUgSW1hZ2VSZWFkeXHJZTwAAAJySURBVDjLjVJNa1NBFD3vvXxhWprShrSxbTbGYEs2hUoXBaELaTaCICEQJd2Im+JfcF2EUgT/gH8gKymIttkIIlRS3dgs4kfSpMFUmqRJXvI+xnsnJiZ2oZc3794Zzpx7zswoQggcHx8L27bBw7IsOUzTHOThYRjGIMfjccUBCgYGg3M4r9cBIkTvk7WQSQxqzpOTPuztveQZBgTntRoeP3uL/4mnj1bQ7Xb/ELCkHj0wN7+AsSsuzPu98Lgd0A0Bw7RhWNSIMO/eZyFsgU6nI/Eq/9iPlEmhKApauonTcx2tjiUdmbSzSyQds4fhtREFTGD39REBkzRaJmzRgc/rhMOhQaWu4jeBLezLBHQNvf1DJO2uha5hw0uWNE2FqvR6MPYSAYYs8JAkDGZLZEVRRW9dKvjLAk9UTR4Hvn398s9b0MhSn0Dhw0un02Jl5SbqjQbabZ0e1mcUC9/h9/tRLp/iWvg6Qgsh7O+/xsxMANXqGYrFArLZ7FhfwU4mc3BL13Xl6OjoajgcDqRSKTSbTQIWkclkGp8+Zp3JZNLtcrmUcrmMw0MX8vn8E6V/fRzLy8t31tfXXyQ3Nyee7+6eVSqVqdnZWUSjUfCmarWKUqlkjY+Pv9ra2oqR8po67M3tdt+eoOD6/oPUFD+WRCKBtbU1xGIxbGxs4OLiok1xjzEEdTuGCXw+H6irrDMHb2Te3t6G1+uVNVtSVdWjaVqa5ycnJ/qIhcXFxRtLS0sfVldXPcFgEB6PRxLmcjlWh1AohEAgwE//Z6FQUOlsTkcIIpGIRp6j1DFNBH7apPFzJ+8PueH09DR3dpI1i87iBym6+wuQ3GjC/VvaWwAAAABJRU5ErkJggg==', 'Greek', 'donec dapibus duis', 4, 4);
insert into Books (ISBN, Library_id, Title, Publisher, Publication_date, Page_count, Summary, Image, Language, Keywords, Total_copies, Available_copies) values ('907451875-3', 5, 'Rebirth of Mothra II', 'Lindgren Inc', '1969-11-08', 850, 'Cras non velit nec nisi vulputate nonummy. Maecenas tincidunt lacus at velit. Vivamus vel nulla eget eros elementum pellentesque.', 'data:image/png;base64,iVBORw0KGgoAAAANSUhEUgAAABAAAAAQCAYAAAAf8/9hAAAABGdBTUEAAK/INwWK6QAAABl0RVh0U29mdHdhcmUAQWRvYmUgSW1hZ2VSZWFkeXHJZTwAAAHISURBVDjLpVPNK0RRFP+9D98syMwUspHkm9I0YkFZWBFKkZ0s7a3Ewh+ilChK7FgoZCJFKYlYKB8zk2+Z5t0P577He29kQU7dd+6575zf+d1zztWklPiPmOozt/U4SThjXIoyIQS4AJjSXO0lGGlvcXAm6Vzsz4xUhm0AIeX4QLig+C+ZpxbOG1wGhGYHr1zMUmZGWRgs0ha3PE1nX/8mWmdgWTzLB+DUYbhm9FfZ35IEyrhXA3VXJfPbsV8B9LQUIeUHYJ8ASobag1jcucNgW8g9W4reYSDi2YnnZDoDiwCokDANct6NwTB0LEdj0HRA/wxa2SN25JNBEdWluUhZ366gqmAaGvrCAXKOozccTGPgt8+vn8GYSGcgyTYp3dpBnBg42nbQPRBTo5bTvqYkmxL6AQhNTWQGBXY3B7BxlEBXozcW64dxRKoKUZBju+P06gl5WaaviMJBM3TNDlbypemIZgHYOnlwASsCmW7nHADGnBoQ3c76YmweJ9BR5zFYjsbRHwm4tmJg6PhWA7pCXXk+bu7fURHKweXtq/sWaksz7SC/CCGFrwtyZ3r+rCnFRZ7qr1qc6mLZj4f9OEyPL8lVpbX/PucPv5QPKHB1TdEAAAAASUVORK5CYII=', 'German', 'nam tristique tortor eu pede', 1, 1);
insert into Books (ISBN, Library_id, Title, Publisher, Publication_date, Page_count, Summary, Image, Language, Keywords, Total_copies, Available_copies) values ('779472209-8', 5, 'Killer, The (Die xue shuang xiong)', 'Cummings, Jacobson and Thompson', '2016-11-18', 627, 'Lorem ipsum dolor sit amet, consectetuer adipiscing elit. Proin risus. Praesent lectus.

Vestibulum quam sapien, varius ut, blandit non, interdum in, ante. Vestibulum ante ipsum primis in faucibus orci luctus et ultrices posuere cubilia Curae; Duis faucibus accumsan odio. Curabitur convallis.

Duis consequat dui nec nisi volutpat eleifend. Donec ut dolor. Morbi vel lectus in quam fringilla rhoncus.', 'data:image/png;base64,iVBORw0KGgoAAAANSUhEUgAAABAAAAAQCAYAAAAf8/9hAAAABGdBTUEAAK/INwWK6QAAABl0RVh0U29mdHdhcmUAQWRvYmUgSW1hZ2VSZWFkeXHJZTwAAAKrSURBVDjLfZNbSFNxHMcX9WLgQ1h0kXrp/lhQdjGIEotegiCKiiIjjSx88SEpzZRIpWKFnGmCOubAS1YkmZlpXnLedtrUIpdTJ9N53Jnb2cy55fbt9z9OmQke+Jz/4fy+3+//rgCgCOfik7qjRD7BE3bCSQwQKlb7Xx9ujCQ4wv9Jb0H/qIRh0Ycxz19YHdP4zI+C1UKayCUBIXOdtmkAc4EgrBLwpsuN6l43Ohw+eEkUIFiNaZh2IWQhgGMFlx/y4yG1ptmF0vYpGF0BBOkfNZAC8/VQCCcH0MchImBx+KHRiTCJ86JavReqLyIGpyGPYIJeHmp9jGCQBQSYV+69nuZX2yuhqNmOwiY7+qzA7wlAZ/LQdGbhmAUECpBoKM45wE3Uz68JxwIMRosL6rZJChCg+irgPS+hsnWQCWyM121meMg0RqMxTQHGsTkYLRKrG1iA+MP6h3oWUEjmVxTSafaw4jgRHWI8tTweN0v2oarHJdNnnWEacTFA1SiAa5hAfoMNXUPLA+6UHcejmku4ULAHZZ0O9IYFGAwjTnCNNtlcQekmMYgU7THc1RxGkvoAEor348Hb86jsfoHUqrM4pdwCfti1OAV5EduHvDAKwOgMYHYDyZoYvOM5VOvzZWN5txLKhlSodXm4pY1HTM5aCvjILW6jn7ZGoD365QT0NuAGzZeZn9enILcuGY9rE5FZcx1ZH5JQ0JKNK6Wx2PlwlX/JQbLTdhntQKsFuFy0FxVdSmg7nkHdnofibzkUchuqliwkak9jd0aUMzpNEbHsKFvdQXynEZwr2I4zL7ciTrkRsU/X4WrJEXDNmUjQxJN5s/tE1r31K14mfkTCT5sP/eOz6DG7cDA3CtfUJ7ErfdNkXHZG1LLbuMJ1ZvA70iO82+6vxoY0xZpw/T9xhOmhB93shgAAAABJRU5ErkJggg==', 'Greek', 'sit amet eros suspendisse', 2, 2);
insert into Books (ISBN, Library_id, Title, Publisher, Publication_date, Page_count, Summary, Image, Language, Keywords, Total_copies, Available_copies) values ('937896130-4', 5, 'Joe + Belle', 'Schuster and Sons', '1999-08-13', 369, 'Quisque id justo sit amet sapien dignissim vestibulum. Vestibulum ante ipsum primis in faucibus orci luctus et ultrices posuere cubilia Curae; Nulla dapibus dolor vel est. Donec odio justo, sollicitudin ut, suscipit a, feugiat et, eros.

Vestibulum ac est lacinia nisi venenatis tristique. Fusce congue, diam id ornare imperdiet, sapien urna pretium nisl, ut volutpat sapien arcu sed augue. Aliquam erat volutpat.', 'data:image/png;base64,iVBORw0KGgoAAAANSUhEUgAAABAAAAAQCAYAAAAf8/9hAAAABGdBTUEAAK/INwWK6QAAABl0RVh0U29mdHdhcmUAQWRvYmUgSW1hZ2VSZWFkeXHJZTwAAAJ/SURBVDjLbVJBaxNBGH2bpEkTmxi1NTRKTZtoQUHEWz0Igj2I4kG9eVNQhEBO7bEHc+yv8JAiHnr2B4gFqVrQRhObljQolBSTJqZJdnZmfbNr2rU68DEz33zfm/fejGHbNrxjaWlpRCk1J6WcYZxkgPGTsWJZ1mIul/vlrTe8AIVC4Qqbl5PJ5GQsFoPP5wP36PV6qNfr2OIg0L35+fm1fwDYPMLDj+l0OmOaJmq1Gjqdjr4dgUAAiUTCqSsWixvMXV5YWOjqvW+AxOSz8fHxjBAC5XJ5s91up7gO6tDrUqn0QwOTXYZSsoO+wGDB5EwkEkGlUgGb7mSz2apHajWfz9+sVqvFVCrl1P4PYExr5m16vYUjQ+c0O11DtmN/ebD95pG9UpnGzl7Y0Xz30ir8toAtLdiWG0JIvFi76piaGG7g9plVTD/5YLgMCPLg/g0YtMTwhznfApRBfsP6kAYJSKuN57Md5oXTsvHy7aEEfZMutHZfIRAahWGMsHAICMeZVsD+HmTrG8zudyhrH+HJLGyz7wEgRSh9k4nm+nvqPIb4xWuovV5k/2lMXJ9F8+s6ARqIpk6QsIQtTC+AcGTYpBqfvgBfcJTuKMi+xKfdMCZgIp6eRK8TYu2+w2oA4PwDm+5qVK218XmNLN7xxILqKfS7pGqTWekLmuVtV65STs8hA73RqJQQP5+CP3KKACamHj7FlGBDawfH00kEW0MuA8o9AmA6qMrSHqwTIAoM08hAkHkN0ES3UYfotBGdiNFu5cr2AmgJobOPET7nhxEMuU/o40soSjO7iHbbVNgnUen6pY0/AOCTbC7PuV44H0f8Cetg5g9zP5aU7loDcfwGcrKyzYdvwUUAAAAASUVORK5CYII=', 'Greek', 'in felis donec semper sapien', 4, 4);
insert into Books (ISBN, Library_id, Title, Publisher, Publication_date, Page_count, Summary, Image, Language, Keywords, Total_copies, Available_copies) values ('705928918-6', 1, 'Booker''s Place: A Mississippi Story', 'Nicolas-Dickinson', '1943-06-01', 120, 'Integer tincidunt ante vel ipsum. Praesent blandit lacinia erat. Vestibulum sed magna at nunc commodo placerat.

Praesent blandit. Nam nulla. Integer pede justo, lacinia eget, tincidunt eget, tempus vel, pede.

Morbi porttitor lorem id ligula. Suspendisse ornare consequat lectus. In est risus, auctor sed, tristique in, tempus sit amet, sem.', 'data:image/png;base64,iVBORw0KGgoAAAANSUhEUgAAABAAAAAQCAYAAAAf8/9hAAAABGdBTUEAAK/INwWK6QAAABl0RVh0U29mdHdhcmUAQWRvYmUgSW1hZ2VSZWFkeXHJZTwAAAMESURBVDjLpZNrSNNRGMb/ViR9qw9FUSQFQX0IMshI9EMXJIIuZGFZGWZpqSHmxM25dNq8pk7LzTSdc1u6malo3vI6bHmZrmmp0+mclrfNuTmvk3r6zw8rKfzSgQfec16e33vew3kJAMT/aN2msTDxjKzoaX1nOXXmczXd0lkRbmkRB0/W5ASXlr4KP7UhQCqJ5XTXUlfGVK2YnhiCyWSA0ajHt5FudLcUovq137w4NZDxT0BTIStNLefCoNNCpTXgbYMGnOKvSJd8gaBKja6BSWhUMlRmPwSPdT90HaBGEO8iL6dY9FMaSBXjeNeogXrMBL3JDJ1pHqpREwS1apQ0D6NfUQVhzI2F7Fh/Rxugjh9WOUgm+kZmIKkfhnUZjEYMfJ/AEhlbZf4JZFao0aLU4oMwBJkRNwU2QEP+44lxbQ+ENYPoJSsvrP6EeWEBGbk8TJGgueVlFNc0QDpgRFKBEj3tYmTT3TU2QD0/cMmg/4ZEkRJTixYYln9ghczQopgQvitDWCQTtbI2hIjd8IDniFFNG3Lp1xZtgOosvyX99BCYPAVGzRYS8gNjxjk8e568ZpYquqFbBQJEp8Es94RH5mHk0Nx/A4pTvIaHeqrAlijRPGjEONn02JwFQSJXBAmd8SjfCT65xxFRch2SjjRQii7DLXU3XJN22K0B8lhevCYxFTLlAOIlKujIBzNYyIqCkyjt4qC48+WasbCDDXYdBfxPiXgocsOJOPvVozF2dkROXMCx/GiPxX55PkRVnUiQ9EOhmYUP2a/VnFIbhITqALAqfRFV7o3o937IlMbgdp4LDkUSK2t9ZDG9qW/ir6O3lYPGdjliea24lX0E4nY2RK3J4MsSkfsxnoT4gyuNhq/oPA4wiL69NGKb7UdlRNxhZFGvmMu4nuiqZ+Eq9yAupO/DudRdcEnaDi+eMzjNUbgncIMDg1DuoRH2fw1TBsPbKS3UveDFk0taLuXiolXWmE25Kj4as2n2Lv8sHOiEnDRv/ec0biTyyrr99M3YSSO2/Hn+CweZ2kRiltpxAAAAAElFTkSuQmCC', 'French', 'a libero nam dui', 1, 1);
insert into Books (ISBN, Library_id, Title, Publisher, Publication_date, Page_count, Summary, Image, Language, Keywords, Total_copies, Available_copies) values ('940271712-9', 5, 'Land of the Pharaohs', 'Schowalter LLC', '2016-01-01', 398, 'Cras non velit nec nisi vulputate nonummy. Maecenas tincidunt lacus at velit. Vivamus vel nulla eget eros elementum pellentesque.

Quisque porta volutpat erat. Quisque erat eros, viverra eget, congue eget, semper rutrum, nulla. Nunc purus.

Phasellus in felis. Donec semper sapien a libero. Nam dui.', 'data:image/png;base64,iVBORw0KGgoAAAANSUhEUgAAABAAAAAQCAYAAAAf8/9hAAAABGdBTUEAAK/INwWK6QAAABl0RVh0U29mdHdhcmUAQWRvYmUgSW1hZ2VSZWFkeXHJZTwAAAHHSURBVDjLjZPNSxtRFMX9WPk/VHBpoZRiJEtx0S5K20XFTVEKCq3g0hYXLhu6SjeFZJFNcSluxH03IiJocYINpgkYxEXSfDWTzMd7b2bs8d3XzviGRHTgMIt55zfnnpk7BGCIJK8HUgmp5B2akBqJfBogwTk3fd+/CoIAgySfI5PJfNUhOiBJZtu24ThOpG63i06ng3q9riC1Wg3ZbDaChOZhAtABxhiEEOpOsiwLpmmi0WgogOu6oJfkcrl/EB3gd/Pgf44VIISQodfrodls9o2kOtEBrLQGdrYSHZAjqbnDUVqtlkpSrVZvALz0bswuLMwaO0+/8eJ78NM34JU0vPYBAs+OQSgJ9dFut3XAck78WgUvf4B3kYY4/wR28hr2/hTYz/VYEhqHOiHQDaC4OMpP53Z5+aMEfJGAFNz8PFxjCYEvonE8z1O9EIQU68A8fvGY5V9CVFIQpQ3Ye4/gmYVYYZQiLJfSxADWj2fPmfEKzuETWPsPZfwExO/vyhSKEpDI3A84mnlrbE1uBrwFX4oVP4NfbveZdQ38jIN+Xz2FrtsAf2/bgwG6igD/IdOyIIce3Mcsz1pqezXAOEHusc6haPXHrwEWI98D8WYq8gAAAABJRU5ErkJggg==', 'Greek', 'dolor quis odio', 4, 4);
insert into Books (ISBN, Library_id, Title, Publisher, Publication_date, Page_count, Summary, Image, Language, Keywords, Total_copies, Available_copies) values ('568292203-4', 2, 'Crying Out Love in the Center of the World (Sekai no chshin de, ai o sakebu)', 'Boyle, Collins and Bernier', '1923-11-04', 346, 'Aliquam quis turpis eget elit sodales scelerisque. Mauris sit amet eros. Suspendisse accumsan tortor quis turpis.

Sed ante. Vivamus tortor. Duis mattis egestas metus.', 'data:image/png;base64,iVBORw0KGgoAAAANSUhEUgAAABAAAAAQCAYAAAAf8/9hAAAABGdBTUEAAK/INwWK6QAAABl0RVh0U29mdHdhcmUAQWRvYmUgSW1hZ2VSZWFkeXHJZTwAAAIiSURBVDjLpdNdSFNhGAdw6baL7qUuuonA6Cojoiw6qwth0VUsDIxKggohIXGtpA+1DxQhwoltsXKjNpbruC9q5jypMwf2sdlqbc120ixzfqzV8Lhz/r3vWRw0yAt38eeF857nx/McnlMEoKiQ/Pei5ayluP2YnzUdeZd8XpMWzef4hRtV24zXNRtA4iQpXxGwMvPSgFbEzHsJU6+BoTrgUVUIi9lZ+Bq2y4gM3DplWePdK3R59giCu0yAk4TdLeCjXUI6CWRTQJoH5hJAn8sEvqcJ5pqtFDguAy0nrGtd+3L9Yy5gzAt8Iue3IJCKAJMvSWEc+BoAvvgBfXUpxrlWtFZupECxDNyp9GxyqMQQBQIXgUEdEDHlsR9hYJpkYpA8M4uwa0sRc1TTYigf0aAJHGLV4BNuMmc9yRXy8n0g6QNmoqSLYQL0A7GeDPqaGQJfWg48PBhrjNowP2oEgg0kTQTozLecmQS+j+S7eOVNImy8gKHbBygwqgDdqp/dCSdytHWuFggbAL4XmHpDxnBLIqfL/uZqc4v+q7N429aJJ/U7KXBNATxMbjj+GPj8jOQpaXcA8J0UYVNlJPZ8fCRqFTVcY+peyfrNCLVr0XG6hAJlCtBx9MVdm5r/5WAyUheTlizlEwv6Ci6wdCdIAWM4swWRB4eXzb/iIv0D3GQv7yoI+BDUqwsC5OLe5v3KCq8KsOt2UKBuNUDb37+QnuuW3v0BGUzmBpilPwcAAAAASUVORK5CYII=', 'German', 'ut blandit non', 4, 4);
insert into Books (ISBN, Library_id, Title, Publisher, Publication_date, Page_count, Summary, Image, Language, Keywords, Total_copies, Available_copies) values ('080366475-3', 4, 'Fatty and Mabel Adrift', 'Jerde-Armstrong', '1981-03-23', 507, 'Quisque porta volutpat erat. Quisque erat eros, viverra eget, congue eget, semper rutrum, nulla. Nunc purus.', 'data:image/png;base64,iVBORw0KGgoAAAANSUhEUgAAABAAAAAQCAYAAAAf8/9hAAAABGdBTUEAAK/INwWK6QAAABl0RVh0U29mdHdhcmUAQWRvYmUgSW1hZ2VSZWFkeXHJZTwAAAI7SURBVDjLpVPPaxNBGH2bbGq0pgYTsE0a05pWg0Wov9BLDlaloCfFQ/BQ8FQUvHgKCNKTV/Gi+B9UL6KgQiWNxUTwZCzBSFKjwTQ1TWxpkv2R3ZldZzaagL20dODxvpnded/3zZsRTNPEToYNOxzivyCXy03ruv6AocWGrKpqQ1GUKkNaluVVxhuM8wxvY7EY2STAfnjINoIhFolEnmy7gmaz6WBZ3zChp9tpQVgokJ+MB6V8AkwA7qOToNQAsUChEwqiU2iMdZ3PicVaOy5xAfOA2Ogocle4MQaHYVpzypjHfI0ahhUzfSxk17oujPhcKK1KGPX3oVhpIBzoQ6Fcx9iQG/nSBsZH9iNbXMfpI15rjVeoaQRCYkljFTRRqkqWMv/AMxKepdOK2eHxkAcnDnsw/2kF8cUqbIS0S5o4PoALJ32sVwOXzwbQ0iiuRoagagaunw+h7/Msjj2/hvrtQaSmQqCJR9Z5CK8zkulzKvi+UgchPHM3K69AZ+zJPMPoehzhc1ewa3gMyuIcviTjeN9zEcKLdN30O1Wrx9n5AqIThzZZ9eFGGKeiN7H72ztgOQnsc6MmBpFMLkHUdALiMPDxaw3BfhdSmYp1woZhtJm54CgX4ewfBi7d6V6gmQG4mr8htjRSy0qm9z9/2/HfO3Bmrxdy+hV6X95CS/kFmQk06nZIezyGsJXXmIz6Z3pcvXcDHiKKthIaVYIfFTvVVfOesNXnnIoejElr5Wk7FYLUbi6zXY8n58j9P8T+gmJP+OvyAAAAAElFTkSuQmCC', 'German', 'morbi vel lectus in quam', 1, 1);
insert into Books (ISBN, Library_id, Title, Publisher, Publication_date, Page_count, Summary, Image, Language, Keywords, Total_copies, Available_copies) values ('682217327-7', 1, 'Blood from the Mummy''s Tomb', 'Denesik LLC', '1907-09-25', 881, 'Donec diam neque, vestibulum eget, vulputate ut, ultrices vel, augue. Vestibulum ante ipsum primis in faucibus orci luctus et ultrices posuere cubilia Curae; Donec pharetra, magna vestibulum aliquet ultrices, erat tortor sollicitudin mi, sit amet lobortis sapien sapien non mi. Integer ac neque.

Duis bibendum. Morbi non quam nec dui luctus rutrum. Nulla tellus.', 'data:image/png;base64,iVBORw0KGgoAAAANSUhEUgAAABAAAAAQCAYAAAAf8/9hAAAABGdBTUEAAK/INwWK6QAAABl0RVh0U29mdHdhcmUAQWRvYmUgSW1hZ2VSZWFkeXHJZTwAAAK2SURBVBgZBcHLjxN1AADg79eZttvddttll+WxIGrAV4QYTbxoYsSLgjc5arx68qCGf8G7J+NBEg8e9GqURDEmEiOJAWNUwIi8sryWDbSdmc60Mx2/Lxw78caZ1fXVo1EUAYAAACAIgICymrt/7/6P8er66tHPPzklNIJyPgNAENRqAWSzBEFdN9TzWq3y0ckPj8ZRFKmUwuxL6fcXrJzJbJ18xFKv6/LlX1xMP3Nra6jXW3Z3eyiKm0Zp7t1jtWYcaQAMh9uGT7eMkkR2+m9JcluSJEJxQTEZm2Rj00liMkmUeSqEOYI4APr9ndQzi+/v4OPz2m+tWd+zV2d2xaQ8pDfoaUUNcbMlyXIhFAgaQDAcDiXJ2MP1ymilNPn6X6q5OvvZrEhk49SsyBR5alpkQqhBDNDvr1PPDPrLhu89Y+XTbeUre7TXCo9MtzW7+y22I81W0zibYkSgQQB5XkiTzHA0NF6qPHiC/Iv/1FWuMf1WPklMi1SeJubTVABBHACdzkB3OdVfXgbNtx/V+eCsuDpg7+pf8s7ERvcP7daW6eSaqPGOgDgAxsNUkhRI/bZ5x41Zw66DlSdPXbZ5PLUr+kYx+slg8Yj2uW1hNRPQEIKA5cFuFgZ+z0rXpk2DwU53XjtgX7xisrXXoDuycX1B54dLbrQqdbMFYqjr2rmbV13YvKTb7cnzXJKkkqLw61MNh7+6Ijl/3eZK0+3nHzdqBvtbbRAHZGVqq5ppt7qWOn15MdVd6Or/ed2+W5lWkwfPHnbzsZZ2e8HStKCuQUwQQkPPsknItKuOxdC16+I9rc2Jqy8dURxMvHz2oX/27xa1m5irZqWAuCwrVVXZ2PGcjVUCCMIhvMpaCCC8OPdCNBMttESNSDWvlFUlvHni+Hc719dej5oxggAIAAAIAIGyrGzd3Tr9P5JrNp8Zt4rCAAAAAElFTkSuQmCC', 'Greek', 'pede posuere nonummy integer non', 5, 5);
insert into Books (ISBN, Library_id, Title, Publisher, Publication_date, Page_count, Summary, Image, Language, Keywords, Total_copies, Available_copies) values ('943037843-0', 5, 'Down to You', 'Marks LLC', '1965-12-25', 839, 'Aenean lectus. Pellentesque eget nunc. Donec quis orci eget orci vehicula condimentum.

Curabitur in libero ut massa volutpat convallis. Morbi odio odio, elementum eu, interdum eu, tincidunt in, leo. Maecenas pulvinar lobortis est.', 'data:image/png;base64,iVBORw0KGgoAAAANSUhEUgAAABAAAAAQCAYAAAAf8/9hAAAABGdBTUEAAK/INwWK6QAAABl0RVh0U29mdHdhcmUAQWRvYmUgSW1hZ2VSZWFkeXHJZTwAAAJgSURBVDjLY/j//z8DJZgsTV+9fAu+uHo8+GzvXECWAV+c3R//mTn9/ydLu4eka3ZyY/ts63T3k4Xt+4/GlqS74JONY+9Hc5tdH4wsmAmGgWv9xQKX2nMPnapOF4D4zxotum4sjfh/e2Pr/wtz3f5fnKodx/A7O3P97/TU37+Sk9ajG+Bcc/bJnI0X/hfM3/t/YlfJ/ef7yv9/uLTl///PT/+/v7Tm/8Eun08Mv9NSf//buun/z9jYvz8iIs0Qms/YO1ae/GBfdvTNtMm5y99dqv338/Gm/88PdP//dnnd/z8Pjvw/PzfjH8PPxIT1P2Nifv8Ij7j0PSjk3jdf/5Mr4poWOZUfe2hXdsT+yXYVj3eXa/79/Xbk/7e7Of/fnsr9f31x8v/j05P+Ruf1tqI4Gehftv6UybvP+CZ9+mDr/OpVnPGjd5cr///9fvz/1zvx/78/iv7/6VrV//szHV6c7XUxQAlEoH8lHKtOHbMvP7bUtuQQ5/F8pbLnp8uhmuP+f38Y9f/jler/d6Y6fbrZY2YCT4mudRcKgP59DvTvG6B/S0GC25olg6/tKP7599uh/9/vJ///8Sj2/wegS25Pdf52o8dCASUpO1WfeTB5zcX/QP++BAnMyZRNvrqt6v/F7RP+PzkZ+v/r/ej/by9U/L81xfHljV4LJYy84FBxvMCu9PADm6L94Lhe1en8//+nB/9vzAr5v69K6v/RGZ7/DzaZPL3UYa5DVGZqTtX+/fP4lP8/T078f7LV8f+qFJnPOyv19InOjaG2gt/b4zV+7+3w/L2n1+ng5nJdJXypFQA6mcPFnqo5OgAAAABJRU5ErkJggg==', 'Greek', 'interdum in ante vestibulum ante', 2, 2);
insert into Books (ISBN, Library_id, Title, Publisher, Publication_date, Page_count, Summary, Image, Language, Keywords, Total_copies, Available_copies) values ('710729665-5', 2, 'American Beauty', 'Boyle LLC', '1969-11-05', 900, 'Morbi non lectus. Aliquam sit amet diam in magna bibendum imperdiet. Nullam orci pede, venenatis non, sodales sed, tincidunt eu, felis.

Fusce posuere felis sed lacus. Morbi sem mauris, laoreet ut, rhoncus aliquet, pulvinar sed, nisl. Nunc rhoncus dui vel sem.', 'data:image/png;base64,iVBORw0KGgoAAAANSUhEUgAAABAAAAAQCAYAAAAf8/9hAAAABGdBTUEAAK/INwWK6QAAABl0RVh0U29mdHdhcmUAQWRvYmUgSW1hZ2VSZWFkeXHJZTwAAAMESURBVDjLXZNrSFNxGMYPgQQRfYv6EgR9kCgKohtFgRAVQUHQh24GQReqhViWlVYbZJlZmZmombfVpJXTdHa3reM8uszmWpqnmQuX5drmLsdjenR7ev9DR3Xgd3h43+d5/pw/HA4AN9zITSPUhJ14R0xn87+h2ZzJvZVInJpzAQOXQOQMt+/5rvhMCLXv9Vjrt1rSXitmwj+Jua1+Ox+2HfGNdGf6yW8l5sUKPNVcRsiaPDA22Ahv6/7Ae/0aKdviQ0G7B/c6f8Zg+gbfh079Mjno0MhS58lflOsgEjh3BXc+bM/0DzbvDwj314znt/bjof0HdPw3FBq6kP+oCxVNfdDZvqPsrQmf6zdFRtyPJgbrFoqUTeS+FnPrekpmiC2lS+QcUx+qrf0wmFzodYfgC0nwhoYh9oegfdmLsmYXHj7JhV23erS7ZNYHyibGLiLtXsO19BoHSiwu6Ok09gwFg/gy8BO/STOkKFBk7EWh2YkLeh5Hy4Ws2B2w157iDvOpxw4UPRPRTSfL41FIsow7ZeXwUFF4dBQ1L96A/xLEFf1HMC/LxAt25PH+VN0HXH1gh2dEwdBoBGO0OKvW4L7hCdIvavBSsMIRVHCi0ArmZZl4wbYrz/yHSq1Ql9vQLylUEoE7GMal3OuxMG/7CO848N6n4HheK5iXZeIFmy88Nu+8aYJG24G3ziB+0Ee7wwqemlvQ5w9hcAJwyUDtpwBOFLeBeVkmXpB0qlK9RV2HlLsCsvUivHRhQwoQjhCkA1TgJX1OK0JVzIN5WSZesPZ44XKia+P5BqSS4aq+BzZXABLdhyQrsJPOqv4MVcEbMA/zsky8gLHyYO7hI9laecOZWuzLfYXU2zzSblmQerMZqjwTknOeY9dlIw5kVcrMG/8XpoQgCEkOhwNNJn5i7bFSrFDpsCrFEIPpLacr0WxpibYIQpS86/8pMBqNswnJ6XSivqHBv3R3pmbxzgwz4Z+EaTXtwqIogrzjxIJ4QVVV1UyihxgjFv3/K09Bu/lEkBgg5rLZH+fT5dvfn7iFAAAAAElFTkSuQmCC', 'Greek', 'hendrerit at vulputate', 4, 4);
insert into Books (ISBN, Library_id, Title, Publisher, Publication_date, Page_count, Summary, Image, Language, Keywords, Total_copies, Available_copies) values ('181592295-8', 1, 'Emperor''s New Clothes, The', 'Koelpin Inc', '1987-07-05', 600, 'Duis aliquam convallis nunc. Proin at turpis a pede posuere nonummy. Integer non velit.

Donec diam neque, vestibulum eget, vulputate ut, ultrices vel, augue. Vestibulum ante ipsum primis in faucibus orci luctus et ultrices posuere cubilia Curae; Donec pharetra, magna vestibulum aliquet ultrices, erat tortor sollicitudin mi, sit amet lobortis sapien sapien non mi. Integer ac neque.

Duis bibendum. Morbi non quam nec dui luctus rutrum. Nulla tellus.', 'data:image/png;base64,iVBORw0KGgoAAAANSUhEUgAAABAAAAAQCAYAAAAf8/9hAAAABGdBTUEAAK/INwWK6QAAABl0RVh0U29mdHdhcmUAQWRvYmUgSW1hZ2VSZWFkeXHJZTwAAAKrSURBVDjLpVNNSFRRGD33zZs3P85vOs3kOEUK4qqQCqzcDE0F2eBQgbQIhMAWGWREQdAyaF2LFkaLJCLbBBVoCga5KNEwChK00kYdHWfGnzfjzPu93ffGooTceOG89937vnPued93L6GUYjuDwzYHf7v7w5Dd6W7MiEpFvqRyOjOkg0Jjgc7caQy6Xp5vgIJoirK+mklOTE3xAb83cqm13iMplNhtln/UyeaYlN9FSbUUJa36/F2pxKXX1FpZ1cmToRSSGRkFiWImqyOZ0zG7oiO1qiMtUmQKFIoGzGZl3HuVwnJB4tyBSB1XkDRis3II7/LgzVgaK3kFQQ+BlZkRLAQCbwDwOQiyazJ6hxfh2+FBpc9meuLWS6ppsTbkQk3Qg77RNJZFBVUuziQKTMhrJ8iJBjmNqkoPasMukI3mcYWSVq4mS6ytdiHgd+LZ26RJMIhuhiyLHw8k4fU6zRwH/1cXCsWyA8Kqoyoq7LyO3WEfXo+kcbyxylzv/5hBhK0VM5PofngfLpcLPaoKPhwDvy5pMNzIsorFnIhI0A1BsCKVs+PdxJp5UOojfmhiEv3Dz9F46AiaWi6iIQjcuH7NEFAp6y1JZxk54IbDboWhuHenE7sZjLYlv33Fy95u7D/YjH3Np3Hz8gW0xk9iITXHfiE3Ny3J6p6GGgdxOThCOM3c1bBO2OPzp3G8eNqDpqbDSJxN4NyZBBKnWujo+2FSqkv85OX80syxq31+m7uigrdZCM+qybH2WZhKiM5w5McA9yUNOhUKa3eORi3NsTjGRkfItP9Ecml64TuMy/Q/dHR0UEEQHsTj8bzf7xe7uroetbe301gsZv2dQ7a6jYw8Jsvygc7OzhDLuyKK4q35+Xnn4OBg8U/SVg42xMedTudkW1sbjUajls3ffwGqPWPVeFFgygAAAABJRU5ErkJggg==', 'Greek', 'cras in purus', 3, 3);
insert into Books (ISBN, Library_id, Title, Publisher, Publication_date, Page_count, Summary, Image, Language, Keywords, Total_copies, Available_copies) values ('312846511-8', 2, 'Die', 'Douglas, Kovacek and Von', '1972-10-23', 488, 'Duis aliquam convallis nunc. Proin at turpis a pede posuere nonummy. Integer non velit.

Donec diam neque, vestibulum eget, vulputate ut, ultrices vel, augue. Vestibulum ante ipsum primis in faucibus orci luctus et ultrices posuere cubilia Curae; Donec pharetra, magna vestibulum aliquet ultrices, erat tortor sollicitudin mi, sit amet lobortis sapien sapien non mi. Integer ac neque.

Duis bibendum. Morbi non quam nec dui luctus rutrum. Nulla tellus.', 'data:image/png;base64,iVBORw0KGgoAAAANSUhEUgAAABAAAAAQCAYAAAAf8/9hAAAABGdBTUEAAK/INwWK6QAAABl0RVh0U29mdHdhcmUAQWRvYmUgSW1hZ2VSZWFkeXHJZTwAAAFOSURBVDjLtVK7SgNRED0b9iuM2lr4QK1DQIyk0FZsJAj+gH+ilRZb2NjaRHTLmA9QFKz9huzm7t37Hu+u7IJgQjR6YLjDzOXMmcMERIR5EE5qXA4z4sqACYWEC5wfLQXf/WtMIuDSoL0A7DZDjBj/uYI0l8jzEEJYJMkvCEZM4PqZIxlzpGk+kSCY18TGtGYcx9Tv96dOqBUMBgNyzsFaC621312Ac+59yJFlGRhj5VvVoigKvniglEK32w1mkd3r9ejPPAjOhqdknYX18p1/rzo3pYqTh0OSRkJI5UMgPn4s61sX66SkhtEGcISGsQad5gH2FvehfV5BaIF2cwet5RZyKeu68pe5ubKG7dUNP5AQGltMN57Mosgr5EIiVQmYGvtc1PVicqHY+dXpk8Dg7v22XKFo1ARe9v1bDOlXKKKCs4Sn1xdU1v3vIc2CD3bN4xJjfJWvAAAAAElFTkSuQmCC', 'Greek', 'pharetra magna ac consequat', 3, 3);
insert into Books (ISBN, Library_id, Title, Publisher, Publication_date, Page_count, Summary, Image, Language, Keywords, Total_copies, Available_copies) values ('850155164-3', 1, 'Below', 'Bogan-Halvorson', '1959-02-22', 851, 'Nulla ut erat id mauris vulputate elementum. Nullam varius. Nulla facilisi.

Cras non velit nec nisi vulputate nonummy. Maecenas tincidunt lacus at velit. Vivamus vel nulla eget eros elementum pellentesque.

Quisque porta volutpat erat. Quisque erat eros, viverra eget, congue eget, semper rutrum, nulla. Nunc purus.', 'data:image/png;base64,iVBORw0KGgoAAAANSUhEUgAAABAAAAAQCAQAAAC1+jfqAAAABGdBTUEAAK/INwWK6QAAABl0RVh0U29mdHdhcmUAQWRvYmUgSW1hZ2VSZWFkeXHJZTwAAAC6SURBVCjPfdHhDoIgFAVg6jlq6x10vGdbrQfsR7bcskSTgE73gjAtirP5Qz/hsiNEWIuvpLUWhZCZbMQygEK31ll85rCNRPJnjQc6SosrzjgSUNiNRLLXGNATUmhQo6I3PU7YMwngSSBE4YbLeMwAmiUC3sP4Z0ekpjCbAeP/Mp60uBObAONjE+GR1RTYCbD+KL7XDMwTZvoDjL9XBC4PaGzHoNSdfWV3cUNDPVFZZbYsTiFWv8pOhb8BUJ5M7qO6PVQAAAAASUVORK5CYII=', 'Greek', 'ipsum praesent blandit lacinia', 1, 1);
insert into Books (ISBN, Library_id, Title, Publisher, Publication_date, Page_count, Summary, Image, Language, Keywords, Total_copies, Available_copies) values ('445687793-6', 5, 'Page One: Inside the New York Times', 'Gusikowski LLC', '2021-09-08', 849, 'In hac habitasse platea dictumst. Etiam faucibus cursus urna. Ut tellus.

Nulla ut erat id mauris vulputate elementum. Nullam varius. Nulla facilisi.', 'data:image/png;base64,iVBORw0KGgoAAAANSUhEUgAAABAAAAAQCAYAAAAf8/9hAAAABGdBTUEAAK/INwWK6QAAABl0RVh0U29mdHdhcmUAQWRvYmUgSW1hZ2VSZWFkeXHJZTwAAAH8SURBVDjLjZPLaxNRFIfHLrpx10WbghXxH7DQx6p14cadiCs31Y2LLizYhdBFWyhYaFUaUxLUQFCxL61E+0gofWGLRUqGqoWp2JpGG8g4ybTJJJm86897Ls4QJIm98DED9/6+mXNmjiAIwhlGE6P1P5xjVAEQiqHVlMlkYvl8/rhQKKAUbB92u91WSkKrlcLJZBK6rptomoZoNApFUbhElmU4HA4u8YzU1PsmWryroxYrF9CBdDqNbDbLr0QikUAsFkM4HOaCVCoFesjzpwMuaeXuthYcw4rtvG4KKGxAAgrE43FEIhGzlJQWxE/RirQ6i8/T7XjXV2szBawM8yDdU91GKaqqInQgwf9xCNmoB7LYgZn+Oud0T121KfiXYokqf8X+5jAyR3NQvtzEq96z4os7lhqzieW6TxJN3UVg8yEPqzu38P7xRVy+cPoay52qKDhUf0HaWsC3xRvstd3Qvt9mTWtEOPAJf/+L8oKAfwfLnil43z7Bkusqdr2X4Btvg1+c5fsVBZJ/H9aXbix/2EAouAVx4zVmHl2BtOrkPako2DsIwulexKhnG/cmfbg+uIbukXkooR/I5XKcioLu+8/QNTyGzqE36OidQNeDJayLe7yZBuUEv8t9iRIcU6Z4FprZ36fTxknC7GyCBrBY0ECSE4yzAY1+gyH4Ay9cw2Ifwv9mAAAAAElFTkSuQmCC', 'Greek', 'quisque id justo sit', 3, 3);
insert into Books (ISBN, Library_id, Title, Publisher, Publication_date, Page_count, Summary, Image, Language, Keywords, Total_copies, Available_copies) values ('535454084-4', 5, 'Slam', 'Legros Group', '1959-09-23', 775, 'Praesent id massa id nisl venenatis lacinia. Aenean sit amet justo. Morbi ut odio.

Cras mi pede, malesuada in, imperdiet et, commodo vulputate, justo. In blandit ultrices enim. Lorem ipsum dolor sit amet, consectetuer adipiscing elit.', 'data:image/png;base64,iVBORw0KGgoAAAANSUhEUgAAABAAAAAQCAYAAAAf8/9hAAAABGdBTUEAAK/INwWK6QAAABl0RVh0U29mdHdhcmUAQWRvYmUgSW1hZ2VSZWFkeXHJZTwAAAHWSURBVDjLzZPdS1NxGMf3L3TbXV5EEN5030UJpTdClBBKSgh2Y5cyW0QXISY2eiGxklYgGoaE2YtFdTjHvZyO25i6uReOuRc3T7TNnOFOw8bHs2MmZUEQRRefm9+P74fn9zzPzwJY/gTLPxUsjB04Hh06ifq4i+m7R5jp29/82+HFiT2NmmBlZfYpfMrwcXYU+Urte/PS4XDUGLw14Gc8G+4gF7pIaXEcTeylGHzEl4SL4L02fUsQ9vtl0mnVJJOpML9JbITl0AXKRRfFd+3kp84SGWwlMHC6PHXj2N4twYd4PIzH40KSJBOn04lX6GM5eI6yLrM234KeamI1bCNxv54HA/bStyZuCiIoimwG3W430lgvmtf6NdyMnmykEDqPeqsOLSJWnqZ/J0gmY/h8XmRZZnL8KuEXHUbZk+jxVj6nTrFiVKL21zLnFclmMzsFqZRKIODn5VA3c89tzExcI600sBZvIj/dSex2vRmORiPkctq2oNJlQXhlHC6Rzy/xsKcGVhNE75xAsO3GbZTssR8lu+CjUMga5ExEUTAnZPlxZJfaqinJNykp11G6DjFyporB/h5+NeIdC9NwcJfe3bJv/c3luvXX9sPSE2t11f/zF/6KYAOj9QWRU1s5XQAAAABJRU5ErkJggg==', 'English', 'tristique est et tempus', 4, 4);
insert into Books (ISBN, Library_id, Title, Publisher, Publication_date, Page_count, Summary, Image, Language, Keywords, Total_copies, Available_copies) values ('949590791-8', 2, 'Melbourne', 'Hamill, Pagac and Walker', '1970-10-10', 920, 'Cras non velit nec nisi vulputate nonummy. Maecenas tincidunt lacus at velit. Vivamus vel nulla eget eros elementum pellentesque.

Quisque porta volutpat erat. Quisque erat eros, viverra eget, congue eget, semper rutrum, nulla. Nunc purus.

Phasellus in felis. Donec semper sapien a libero. Nam dui.', 'data:image/png;base64,iVBORw0KGgoAAAANSUhEUgAAABAAAAAQCAYAAAAf8/9hAAAABGdBTUEAAK/INwWK6QAAABl0RVh0U29mdHdhcmUAQWRvYmUgSW1hZ2VSZWFkeXHJZTwAAAKiSURBVDjLfVNdSFNhGH7Oz7Q5N3dshrKRGP4wFElMKALL7McIDDIKopuIorsuIqLLuopdxKSbIqmroKIuVCjtIoQk03BtF7FYyCxIUMmpyXQ7O+frfb9Nxai+8X7vztn3Ps/zvc87RQiB/61IJPI4l8udN01TpwzKMrLZLOenyr8AYrFYGRX0eb3e08XFJchQEWwb8jTVGIYXw8Ovof+tOBqNdnGxz+fzu1wuJKd/gNltW8AWNgEJWASWyWSgx+PxjGVZRRTy0LpMzqlU6k/JWFhIEZCNI0ePy3c6FwcCO7G4uCTZBX8EqxQy+IE4UW6UYXCgH41NLZKdf5MKGJWLb/RF6JgCRaE9v8nM8Wt5GaHLbZLxU+QDWG3ViZN5BSyVWfmgUb4dqqpCoVALwd9rSxNwzD0ErAo0NbdBUA9EoQcqK6BnAlChadqWUCmcDgtdu+Iwqvag2vMd8+4kHi2G5bWkArNgj6Iq0HR9g11mUtXsHkNdsB2eqhb4nc/w/GsM35bWpAoJwBs3hK/AjDU7SuT9eZViHkExCrfvHKzlAQRaLuDK5CvMVndTjS1dkQDMyI3imErkZ0GhvpypHUOg8xSwFsHEk37svXQTRStfUIwGAvBvKnA4dNy5uFvaY5o5pNNkz2oClaoHbiNN7Emy04a18hE1B68h/eY+RG5fXgF18u7IyNsD64NCudzjdtXUiSF428/CTo9T7SpaexpgZ2ewzZVAIHgYKz/fyWHb8l/o7e29SiDd++uVQ35DRWW9k1gnSG4Wky/jBBKEopUBzmMYfXALQzO1yQ2AcDhcQdbNdXR0Yu39dTT23IOmTpPUlJzPzUV2Oxsw+zmKxODtFxsAoVBII/njpKC1wzUM1TKlVTz4ishleHDWB6jwnt2b/A3aCqjQmVNP6QAAAABJRU5ErkJggg==', 'Greek', 'amet diam in magna', 5, 5);
insert into Books (ISBN, Library_id, Title, Publisher, Publication_date, Page_count, Summary, Image, Language, Keywords, Total_copies, Available_copies) values ('522930878-8', 3, 'Gotti', 'Kutch-Luettgen', '1930-08-04', 365, 'Curabitur gravida nisi at nibh. In hac habitasse platea dictumst. Aliquam augue quam, sollicitudin vitae, consectetuer eget, rutrum at, lorem.

Integer tincidunt ante vel ipsum. Praesent blandit lacinia erat. Vestibulum sed magna at nunc commodo placerat.

Praesent blandit. Nam nulla. Integer pede justo, lacinia eget, tincidunt eget, tempus vel, pede.', 'data:image/png;base64,iVBORw0KGgoAAAANSUhEUgAAABAAAAAQCAYAAAAf8/9hAAAABGdBTUEAAK/INwWK6QAAABl0RVh0U29mdHdhcmUAQWRvYmUgSW1hZ2VSZWFkeXHJZTwAAAIsSURBVDjLpVMxbBJhFH6HR1sKNG01jbkEGYgDjMLk0GgYiZODBEZ1cHDASAJMLiwkspAwECRMOhkhcXNwUTGmZWhs0RqtXmutBrGDHoT7//987wfaQrv1T77/3d3/3nff++6dYlkWnGaptOVyOR2JPIhWKpUKTCal0+mXpmleEUK08vl84BgBLk8kEoF6ve5/tmJYggOQLooCY7fbhVgsBpVKxX+iAs55s1arXXLMLcHirE0WWbgJZKEO585dgFKpBIyx15MEysiDp+8M66zLJgvEEch7JNvdF3Dr6qxyogJao8Q3z4vQ+bUD6owbLl+7C/YZ1+CMC5kXDodX0I8gYrXRaIRsIwLZLya293SIRqPw++cOrG+3Ye1bB9a22rD3Zx8ePNGtXq8XzGQy5EtwTAHDYo6wO+ahWCzCmSknLLlVmHbYgSOzwEOKzgUNkskkoILmgQeJRELKcs6fh+Xr9+E9vlVbmMKWsBD7IvUcN04kiM3vBhTuXJR+yBZITjwehx/6Jux22CBZWDIyhuoYRQvYkMA0D4dPEmBfzUKhIOPtsEsxKZGKOBUJCT4iGcaxr1CtVoNHP83gbYeSDzwYXjPGj8/BaIVCIb3f73vcixrcuPdIFpIS8oOjH48f3oQvG29p+FqoOGCbHAx86Mlms+jHJ/i4bcAH/R/CgI2vf6G1ZcDn9QaUy2WaSv9wgKwx+Hy+Va/XKzRNa0yeEVRVfaEoCsl+RffKaX/n/x+oi531jRZtAAAAAElFTkSuQmCC', 'Greek', 'quam nec dui', 3, 3);
insert into Books (ISBN, Library_id, Title, Publisher, Publication_date, Page_count, Summary, Image, Language, Keywords, Total_copies, Available_copies) values ('455591386-8', 1, 'Hitch Hikers Guide to the Galaxy, The', 'Pfeffer Inc', '2022-10-01', 337, 'Proin leo odio, porttitor id, consequat in, consequat ut, nulla. Sed accumsan felis. Ut at dolor quis odio consequat varius.

Integer ac leo. Pellentesque ultrices mattis odio. Donec vitae nisi.

Nam ultrices, libero non mattis pulvinar, nulla pede ullamcorper augue, a suscipit nulla elit ac nulla. Sed vel enim sit amet nunc viverra dapibus. Nulla suscipit ligula in lacus.', 'data:image/png;base64,iVBORw0KGgoAAAANSUhEUgAAABAAAAAQCAYAAAAf8/9hAAAABGdBTUEAAK/INwWK6QAAABl0RVh0U29mdHdhcmUAQWRvYmUgSW1hZ2VSZWFkeXHJZTwAAAKbSURBVDjLpZNLbIxRGIaf/9Lfpa1rZ0hNtYpEVRBiNkUiEZFoKjSxQmLBglizIQiJILEgWHQlgkpLGg1BU6E3imorLkElLmOmM1XV6mXm/8/5LH5GI7EQJ/lyztm85/ne872GiPA/ywa40NC3X4TtSnRIa43S4GmNUhqlBU/pUaVQnqC0fnRk89ywDaBFdpeHs3P+5eUDlW8XpgmU1jkAmdU7QQSUB1qB6/rnVBLcFCRdcF0G99bjumrMKIFfPgjkBkB7fon3UyQJbhK8FLyIAuB66rcHSumfAgZ8ToBon0Rrn0T5+6AzyKd5eVi3j7HDuUfnmchWRITTN6PyfdiViw3dIiJS2RgTEZErzf69qiUmg59rJFq/R/o6a0UGIvK1s0paTqyN2QCu0mgRbAuqW+JYlsnVB3FsC2pa4yQSuxjKLmbK3BJ6u17iGCmyJ0wna+rMiekWBLAtgw3hADWtCdaHg9Q+jrO64BVDmUVMKlxDMnoZZ7zB+/ZX9A+ZGMmeRWkC0WCbUPskQWvPcR7eEEI6xvDYPCbNKWMkcg7T8cjIysfxPnC+dwun95a/Nn1HNSJChgWlSwMAFNtDbJw+g4lzyhiJnMXMcEn1F9B9vwNZto/vTggAE/ypA7BMg7qOHnL6PrBYxhEsXkcqVoHlCMn+fLob2mDVSQIFC9M/ZwN4nud7YMKMgTpyJ8/GkyDRZ6eYHHQY6c2jp/Ul5qqTBHLz0VqwTH4TuMpvYcHMLDoaK5i/fAdjPjbyuqaJ9lu9PL/zFKPkEMFQoU9qGWgtetQgSdPBS28Wp5TOzO1KkHpey6xFK/iW+EJX2xvuhg7z5do34GE6C30DI9cBjD/jvGnllOElhdPscNEsJCPZPBxPbCs92vnub6H6AWmNdrgLt0FkAAAAAElFTkSuQmCC', 'English', 'tempus vel pede', 3, 3);
insert into Books (ISBN, Library_id, Title, Publisher, Publication_date, Page_count, Summary, Image, Language, Keywords, Total_copies, Available_copies) values ('678497433-6', 4, 'Wrestler, The', 'Thompson, Beier and Mraz', '1915-03-19', 904, 'In congue. Etiam justo. Etiam pretium iaculis justo.', 'data:image/png;base64,iVBORw0KGgoAAAANSUhEUgAAABAAAAAQCAYAAAAf8/9hAAAABGdBTUEAAK/INwWK6QAAABl0RVh0U29mdHdhcmUAQWRvYmUgSW1hZ2VSZWFkeXHJZTwAAAJMSURBVDjLpVPPaxNBGH3ZJCQkVSEkJJja0MSCabHoSUEKerAgggRy0ZP9F4QeDAhepKeeBA8GPFQCEutdCMRSSYkimouIVqUkNW1iyJZN0mR/zvrNwtbUGjw48JiZb773vvfN7jhM08T/DNfwplgsekjwBuEWY+wMzVMEWrKPNH+j+QmhmEqlDJvjsB0QeZrWz0Kh0GwkEoHf74fP5wM/lyQJ3W4XtVoNrVarRLGb6XS6bhF5AkehUFirVqu8nDlqaJpmVioVM5/Pr9g8wbZCm5lwOPzPnqPRKKjItSN3QEFLsdlswuv1wuPxwO12W7F+vw9RFFGv15FIJKzckQIulwt7e3uQZdna67qOTqcDRVGsMx77q4Ddk9PptBzwZA7q2xJZrWYw0PaRmXwBwzj4CL/vwHbAkzmJgydy8JiiqxgPJpF5eR0aUxwjW7AJD98swGQaVKZDpf3JwBSSkQvoyvtY/XE/+HT57tjrRbF3RMCurjMVV2duwzAZDGaATrEjbePs+CX01AHe19al2QdC4JAAB6/OIZNlTq62v5JlipEbzdDQUbo4d2oOPa0vvN0qtQ8EuHX+qehPRKPRIAEZuqEjfHyCyIYltivVEBiL4MP2Bja+l1qqjvlhBwvlcvl5Mpn0x2IxDHQFK+VlugPVchMPTuNifB7vqiWsbRbbso7LO0vmJ8fwa8zlcpMkdI+QFgThBH8LvB3u7LF4xzw/MedY33y1qzDzCpG/HHpMf45sNnuMyKcJjC718yNpUTSY0zdgRvznkrll5/0CZpfQA8IRXj8AAAAASUVORK5CYII=', 'Greek', 'primis in faucibus', 5, 5);
insert into Books (ISBN, Library_id, Title, Publisher, Publication_date, Page_count, Summary, Image, Language, Keywords, Total_copies, Available_copies) values ('254582227-2', 1, 'My Name Is Joe', 'Blanda-Romaguera', '1918-11-28', 809, 'Lorem ipsum dolor sit amet, consectetuer adipiscing elit. Proin risus. Praesent lectus.

Vestibulum quam sapien, varius ut, blandit non, interdum in, ante. Vestibulum ante ipsum primis in faucibus orci luctus et ultrices posuere cubilia Curae; Duis faucibus accumsan odio. Curabitur convallis.

Duis consequat dui nec nisi volutpat eleifend. Donec ut dolor. Morbi vel lectus in quam fringilla rhoncus.', 'data:image/png;base64,iVBORw0KGgoAAAANSUhEUgAAABAAAAAQCAYAAAAf8/9hAAAABGdBTUEAAK/INwWK6QAAABl0RVh0U29mdHdhcmUAQWRvYmUgSW1hZ2VSZWFkeXHJZTwAAAJ0SURBVDjLlZPdT9JRGMe5qFu2Lrt1a63LWv9ATRdN5xvLsnLRipzZpIVpigjyIs3XAOUHgopoWkggP5QXSRJwJQmtm/IlAWtt3XXTfubS+nZ+P1eby6ldPGdn5+zzfb7Pc57DA8DbL9rjrYxuVsXf7W5fuC2mYawpE7QRJZpDDfz/EngYVTN9qR4EPvlgXjCiKVCPWvou/0ACxDJjSbIwDefqMPxrEzC87IDUW4Pq8Vv8PQVaX7Qw5qQRgY9ePP0wDMeSFfWTUkxmPeiI61DlFOP6SAV/VwFtRMFQCwb4CdwW10IbVcK+aMHgohmPlwdBZ11oCctx1X5p/R8B9Uzzuum1ntj1Iv1tGRtb3zH2dgSa2eZtOOOCMizD5cGyzR0lGBNdx1TP5T96E4+4WttiWg6mYr3Ifk1DF1PBmxmHYlrGZkbFUDku2oSHOAFjolOuIpZ65rs5+MmKg9hWcJlZWB1UbsOhRjYz5r/MoSn4AKWWQg0nwFoyzndhijRobGWIq3XgPQU1sa2LqjCRHoc81IBK9w0OnvscRWQtBGFfEc4b8o7wNDMKOwnY3lDwZZ+h1idB/zsThpf6CezkstVN3yNwHFMrNGqCVRvlA2UQ6POkud1nTvE0EcVR1gU7JNSCnrPrWLRtw+RM7BKBXnJDP9eOYqogVNAj0Av0uTk7mtjov2+1p2yQ0hIYXnXCs+qEzF+HC9YSyIiIsK84XWTKP5tvPHdi11GupSXHW8JNW+FMAHdclSCCKDEX/iKdDgotRY17jTu31LhvHybT5RGPin5K3NWs1c0yW+lp0umc/T7b383NUdHJa44rSfJU+Qf54n/iNzi8zBtL0z1zAAAAAElFTkSuQmCC', 'Greek', 'lobortis convallis tortor risus dapibus', 2, 2);
insert into Books (ISBN, Library_id, Title, Publisher, Publication_date, Page_count, Summary, Image, Language, Keywords, Total_copies, Available_copies) values ('307642384-3', 5, 'Scorcher', 'Funk-Hintz', '1911-01-13', 58, 'Cras mi pede, malesuada in, imperdiet et, commodo vulputate, justo. In blandit ultrices enim. Lorem ipsum dolor sit amet, consectetuer adipiscing elit.

Proin interdum mauris non ligula pellentesque ultrices. Phasellus id sapien in sapien iaculis congue. Vivamus metus arcu, adipiscing molestie, hendrerit at, vulputate vitae, nisl.', 'data:image/png;base64,iVBORw0KGgoAAAANSUhEUgAAABAAAAAQCAYAAAAf8/9hAAAABGdBTUEAAK/INwWK6QAAABl0RVh0U29mdHdhcmUAQWRvYmUgSW1hZ2VSZWFkeXHJZTwAAAFUSURBVDjLrZM/SAJxGIZdWwuDlnCplkAEm1zkaIiGFFpyMIwGK5KGoK2lphDKkMDg3LLUSIJsSKhIi+684CokOtTiMizCGuzEU5K3vOEgKvtBDe/2Pc8H3x8NAM1fQlx4H9M3pcOWp6TXWmM8A7j0629v1nraiAVC0IrrwATKIgs5xyG5QiE+Z4iQdoeU2oAsnqCSO1NSTu+D9VhqRLD8nIB8F0Q2MgmJDyipCzjvYJkIfpN2UBLG8MpP4dxvQ3ZzGuyyBQ2H+AnOOCBd9aL6soh81A5hyYSGWyCFvxUcerqI4S+CvYVOFPMHxLAq8I3qdHVY5LbBhJzEsCrwutpRFBlUHy6wO2tEYtWAzLELPN2P03kjfj3luqDycV2F8AgefWbEnVqEHa2IznSD6BdsVDNStB0lfh0FPoQjdx8RrAqGzC0YprSgxzsUMOY2bf37N/6Ud1Vc9yYcH50CAAAAAElFTkSuQmCC', 'Greek', 'suspendisse potenti nullam', 1, 1);
insert into Books (ISBN, Library_id, Title, Publisher, Publication_date, Page_count, Summary, Image, Language, Keywords, Total_copies, Available_copies) values ('935806148-0', 1, 'Fearless', 'Strosin, Wisozk and Stroman', '1930-08-06', 448, 'Vestibulum quam sapien, varius ut, blandit non, interdum in, ante. Vestibulum ante ipsum primis in faucibus orci luctus et ultrices posuere cubilia Curae; Duis faucibus accumsan odio. Curabitur convallis.', 'data:image/png;base64,iVBORw0KGgoAAAANSUhEUgAAABAAAAAQCAYAAAAf8/9hAAAABGdBTUEAAK/INwWK6QAAABl0RVh0U29mdHdhcmUAQWRvYmUgSW1hZ2VSZWFkeXHJZTwAAAKsSURBVDjLhZJfSFNxFMcHPUUP0aP0EoSEVEaY5QixFzMTRtLDCH1QqIbEKBCzTEyxPwotsbLUETSHmTUTm86mrk03N9eW253Oua2pW8OcS6Z3d7uzWd/uZi0qaQfOww/O93N+53wPCwDr7yyoJ0oqRG61oM9P3u3xkUUCQp3C7SnZqnZLsUDqXzK6wpjxrGPKHcHYDAVei3NpW86TkqSAcqZzTOz8vI4PLhp6ZxjmBRpycxAZZXJ1UkBjr4+c9myKJxw0NLYQlNMUxmcpFDZayaSAum4fScxHMGEPQx0XhzBMUBhlxsivI5IDCutNaqU1CNM8jRELhUFTrHsIL3Wr2J7XmXyEnQVdNUUCKz06E4LUSOK1fg1ygpmfPxpl7eI3/xdwmK/j8oUum/jtHERDC2iQeHHrhQePemfR2mNBToV6hZVyu2ZLwH6e4tClNqdVwyzL5o3AOEfD8DEMLfN96ZtevOuqhk7WAKXkJoRVJ+1VnPTcPwDZFTqhbHINVg/N+B6C0RUD0Bjol8KqbYduahEq8wqGDH7I9XY8rT0VOp994EQCUNpkd4zbg1BaSIxZKbxnuusdYfQ/vYIxsxerwa+4U1mNWCwGIuge1OAa56AqAeAL3bTBEYJ42AcV47uOsTG2fZnoKmSG5bjwFyC6sYEOlRvNl9mrCQCvxRXR2kPoVCxDYQlu3sAUhVcPStGtWcT3n4BYfmMeDwdmcY+XGUgAcq+bXGKlH31afxygYm5BbiZxv/wcOmUqfApE45BYzH+J4nHHM5SxUxW/7Tgmzd/B1beWNdsxwgjHbRSzTBIdXQo08dkQSSR4PkRAPDCJdlEbqjhpgTOZaex/Dmk3d3gpg2/w5t0gAjmVRDT1gi6653Rr8OzxPLq2+OhGfXF64GLWXjnnyL6sWP0PKd/8SStdk8YAAAAASUVORK5CYII=', 'English', 'donec ut dolor', 3, 3);

/* INSERT AUTHORS */

insert into Authors (ISBN, Author_name) values ('530652409-5', 'Gerald Reyes');
insert into Authors (ISBN, Author_name) values ('752859166-1', 'Gerald Reyes');
insert into Authors (ISBN, Author_name) values ('009934891-8', 'Jason Murphy');
insert into Authors (ISBN, Author_name) values ('011065924-4', 'Penelope Rivera');
insert into Authors (ISBN, Author_name) values ('034396504-6', 'Jason Murphy');
insert into Authors (ISBN, Author_name) values ('035653718-8', 'Miles Kim');
insert into Authors (ISBN, Author_name) values ('045094214-7', 'Luke Ramirez');
insert into Authors (ISBN, Author_name) values ('055577969-6', 'Scott Ward');
insert into Authors (ISBN, Author_name) values ('063994786-7', 'Miles Kim');
insert into Authors (ISBN, Author_name) values ('067961860-0', 'Jennifer Wilson');
insert into Authors (ISBN, Author_name) values ('071106571-3', 'Michael Davis');
insert into Authors (ISBN, Author_name) values ('074872591-1', 'Aubrey Long');
insert into Authors (ISBN, Author_name) values ('080366475-3', 'Olivia Torres');
insert into Authors (ISBN, Author_name) values ('097345226-9', 'Caroline Stewart');
insert into Authors (ISBN, Author_name) values ('105473640-5', 'Isaac Peterson');
insert into Authors (ISBN, Author_name) values ('127146835-2', 'Maria Torres');
insert into Authors (ISBN, Author_name) values ('146171565-2', 'Monica Cox');
insert into Authors (ISBN, Author_name) values ('175696219-7', 'Sara Ortiz');
insert into Authors (ISBN, Author_name) values ('180527993-9', 'Kimberly Reyes');
insert into Authors (ISBN, Author_name) values ('181592295-8', 'Paige Rivera');
insert into Authors (ISBN, Author_name) values ('198897076-8', 'Anna Stewart');
insert into Authors (ISBN, Author_name) values ('246142128-5', 'Jenny Mitchell');
insert into Authors (ISBN, Author_name) values ('254582227-2', 'Matthew Gonzalez');
insert into Authors (ISBN, Author_name) values ('256744639-7', 'Michelle Cooper');
insert into Authors (ISBN, Author_name) values ('271300504-3', 'Leo Ward');
insert into Authors (ISBN, Author_name) values ('273847535-3', 'Joseph Stewart');
insert into Authors (ISBN, Author_name) values ('274258625-3', 'Miles Kim');
insert into Authors (ISBN, Author_name) values ('286591392-9', 'Ashley Sanchez');
insert into Authors (ISBN, Author_name) values ('291272819-3', 'Haley Rivera');
insert into Authors (ISBN, Author_name) values ('306720798-X', 'Scott Ward');
insert into Authors (ISBN, Author_name) values ('307642384-3', 'Brian Scott');
insert into Authors (ISBN, Author_name) values ('307658291-7', 'Craig Ramirez');
insert into Authors (ISBN, Author_name) values ('311045061-5', 'Thomas Green');
insert into Authors (ISBN, Author_name) values ('312185510-7', 'Nathan Foster');
insert into Authors (ISBN, Author_name) values ('312846511-8', 'Liam Ward');
insert into Authors (ISBN, Author_name) values ('317544039-8', 'Henry Reyes');
insert into Authors (ISBN, Author_name) values ('334755997-5', 'Anthony Ramirez');
insert into Authors (ISBN, Author_name) values ('367610946-5', 'Max Ramirez');
insert into Authors (ISBN, Author_name) values ('392539793-0', 'Harper Stewart');
insert into Authors (ISBN, Author_name) values ('409539985-6', 'Keith Foster');
insert into Authors (ISBN, Author_name) values ('412585693-1', 'Gerald Reyes');
insert into Authors (ISBN, Author_name) values ('427914829-5', 'Ryan Kim');
insert into Authors (ISBN, Author_name) values ('428330752-1', 'Charles Ortiz');
insert into Authors (ISBN, Author_name) values ('444040743-9', 'Jesse Reyes');
insert into Authors (ISBN, Author_name) values ('445687793-6', 'Penelope Rivera');
insert into Authors (ISBN, Author_name) values ('446529459-X', 'Alyssa Long');
insert into Authors (ISBN, Author_name) values ('455591386-8', 'Thomas Green');
insert into Authors (ISBN, Author_name) values ('456548464-1', 'Caleb Reyes');
insert into Authors (ISBN, Author_name) values ('459427977-5', 'Ashley Sanchez');
insert into Authors (ISBN, Author_name) values ('464034332-9', 'Olivia Torres');
insert into Authors (ISBN, Author_name) values ('467960431-X', 'Elizabeth King');
insert into Authors (ISBN, Author_name) values ('485062401-4', 'Beth Evans');
insert into Authors (ISBN, Author_name) values ('517545515-X', 'Gerald Reyes');
insert into Authors (ISBN, Author_name) values ('522930878-8', 'Haley Rivera');
insert into Authors (ISBN, Author_name) values ('530652409-5', 'Anna Stewart');
insert into Authors (ISBN, Author_name) values ('533235522-X', 'Eli Carter');
insert into Authors (ISBN, Author_name) values ('533675037-9', 'Olivia Torres');
insert into Authors (ISBN, Author_name) values ('535454084-4', 'Lily Long');
insert into Authors (ISBN, Author_name) values ('543837623-9', 'Michael Davis');
insert into Authors (ISBN, Author_name) values ('556428089-X', 'Liam Ward');
insert into Authors (ISBN, Author_name) values ('568292203-4', 'Ethan Kim');
insert into Authors (ISBN, Author_name) values ('568632440-9', 'Jenny Mitchell');
insert into Authors (ISBN, Author_name) values ('619018678-5', 'Christopher Perez');
insert into Authors (ISBN, Author_name) values ('621208097-6', 'Isaac Peterson');
insert into Authors (ISBN, Author_name) values ('642428292-0', 'Grace Cooper');
insert into Authors (ISBN, Author_name) values ('642528595-8', 'Kevin Wright');
insert into Authors (ISBN, Author_name) values ('648506248-3', 'Michael Davis');
insert into Authors (ISBN, Author_name) values ('665791057-6', 'Melissa Hernandez');
insert into Authors (ISBN, Author_name) values ('668526087-4', 'Ashley Sanchez');
insert into Authors (ISBN, Author_name) values ('678497433-6', 'Chloe Mitchell');
insert into Authors (ISBN, Author_name) values ('682217327-7', 'Juan Peterson');
insert into Authors (ISBN, Author_name) values ('705928918-6', 'Sophia Rivera');
insert into Authors (ISBN, Author_name) values ('710729665-5', 'Tiffany Powell');
insert into Authors (ISBN, Author_name) values ('735242804-6', 'Molly Ortiz');
insert into Authors (ISBN, Author_name) values ('750367191-2', 'Anna Stewart');
insert into Authors (ISBN, Author_name) values ('751010292-8', 'Rebecca Parker');
insert into Authors (ISBN, Author_name) values ('752859166-1', 'Monica Cox');
insert into Authors (ISBN, Author_name) values ('764884073-1', 'Paige Rivera');
insert into Authors (ISBN, Author_name) values ('779472209-8', 'Daniel Rodriguez');
insert into Authors (ISBN, Author_name) values ('802296206-6', 'Amanda Taylor');
insert into Authors (ISBN, Author_name) values ('813320838-6', 'Andrew Reed');
insert into Authors (ISBN, Author_name) values ('828439612-2', 'Rebecca Parker');
insert into Authors (ISBN, Author_name) values ('848735059-3', 'Haley Rivera');
insert into Authors (ISBN, Author_name) values ('850155164-3', 'Chloe Mitchell');
insert into Authors (ISBN, Author_name) values ('856429358-7', 'Brian Scott');
insert into Authors (ISBN, Author_name) values ('866618754-9', 'Brandon Carter');
insert into Authors (ISBN, Author_name) values ('868249354-3', 'Erica Peterson');
insert into Authors (ISBN, Author_name) values ('870090951-3', 'Frank Carter');
insert into Authors (ISBN, Author_name) values ('907451875-3', 'Patrick Cox');
insert into Authors (ISBN, Author_name) values ('909260968-4', 'Lauren Rivera');
insert into Authors (ISBN, Author_name) values ('923675497-X', 'Gerald Reyes');
insert into Authors (ISBN, Author_name) values ('928039011-2', 'Maria Torres');
insert into Authors (ISBN, Author_name) values ('935806148-0', 'John Smith');
insert into Authors (ISBN, Author_name) values ('937896130-4', 'Kathryn Long');
insert into Authors (ISBN, Author_name) values ('940271712-9', 'Matthew Gonzalez');
insert into Authors (ISBN, Author_name) values ('943037843-0', 'Aubrey Long');
insert into Authors (ISBN, Author_name) values ('949590791-8', 'Gerald Reyes');
insert into Authors (ISBN, Author_name) values ('957043135-0', 'Natalie Ortiz');
insert into Authors (ISBN, Author_name) values ('978371882-7', 'Sarah Johnson');
insert into Authors (ISBN, Author_name) values ('978526780-6', 'Brandon Carter');
insert into Authors (ISBN, Author_name) values ('980456902-7', 'Harper Stewart');
insert into Authors (ISBN, Author_name) values ('999346577-1', 'Tiffany Powell');
insert into Authors (ISBN, Author_name) values ('009934891-8', 'George Powell');
insert into Authors (ISBN, Author_name) values ('011065924-4', 'Stephanie Martinez');
insert into Authors (ISBN, Author_name) values ('034396504-6', 'Scott Ward');
insert into Authors (ISBN, Author_name) values ('035653718-8', 'Holly Torres');
insert into Authors (ISBN, Author_name) values ('045094214-7', 'Liam Ward');
insert into Authors (ISBN, Author_name) values ('055577969-6', 'Sophia Rivera');
insert into Authors (ISBN, Author_name) values ('063994786-7', 'Stephanie Martinez');
insert into Authors (ISBN, Author_name) values ('067961860-0', 'William Martin');
insert into Authors (ISBN, Author_name) values ('071106571-3', 'Kathryn Long');
insert into Authors (ISBN, Author_name) values ('074872591-1', 'Gerald Reyes');
insert into Authors (ISBN, Author_name) values ('080366475-3', 'Jeremy Cooper');
insert into Authors (ISBN, Author_name) values ('097345226-9', 'Liam Ward');
insert into Authors (ISBN, Author_name) values ('105473640-5', 'Liam Ward');
insert into Authors (ISBN, Author_name) values ('127146835-2', 'Haley Rivera');
insert into Authors (ISBN, Author_name) values ('146171565-2', 'Patrick Cox');


/* INSERT CATEGORIES */

insert into Categories (Category_name, ISBN) values ('Biography', '009934891-8');
insert into Categories (Category_name, ISBN) values ('Young Adult', '011065924-4');
insert into Categories (Category_name, ISBN) values ('Horror', '034396504-6');
insert into Categories (Category_name, ISBN) values ('Science Fiction', '035653718-8');
insert into Categories (Category_name, ISBN) values ('Cooking', '045094214-7');
insert into Categories (Category_name, ISBN) values ('Horror', '055577969-6');
insert into Categories (Category_name, ISBN) values ('Poetry', '063994786-7');
insert into Categories (Category_name, ISBN) values ('Fantasy', '067961860-0');
insert into Categories (Category_name, ISBN) values ('Mystery', '071106571-3');
insert into Categories (Category_name, ISBN) values ('Biography', '074872591-1');
insert into Categories (Category_name, ISBN) values ('Science Fiction', '080366475-3');
insert into Categories (Category_name, ISBN) values ('Memoir', '097345226-9');
insert into Categories (Category_name, ISBN) values ('Young Adult', '105473640-5');
insert into Categories (Category_name, ISBN) values ('Historical Fiction', '127146835-2');
insert into Categories (Category_name, ISBN) values ('Science Fiction', '146171565-2');
insert into Categories (Category_name, ISBN) values ('Cooking', '175696219-7');
insert into Categories (Category_name, ISBN) values ('Graphic Novel', '180527993-9');
insert into Categories (Category_name, ISBN) values ('Poetry', '181592295-8');
insert into Categories (Category_name, ISBN) values ('Horror', '198897076-8');
insert into Categories (Category_name, ISBN) values ('Self-Help', '246142128-5');
insert into Categories (Category_name, ISBN) values ('Travel', '254582227-2');
insert into Categories (Category_name, ISBN) values ('Science Fiction', '256744639-7');
insert into Categories (Category_name, ISBN) values ('Cooking', '271300504-3');
insert into Categories (Category_name, ISBN) values ('Biography', '273847535-3');
insert into Categories (Category_name, ISBN) values ('Memoir', '274258625-3');
insert into Categories (Category_name, ISBN) values ('Science Fiction', '286591392-9');
insert into Categories (Category_name, ISBN) values ('Memoir', '291272819-3');
insert into Categories (Category_name, ISBN) values ('Thriller', '306720798-X');
insert into Categories (Category_name, ISBN) values ('Travel', '307642384-3');
insert into Categories (Category_name, ISBN) values ('Mystery', '307658291-7');
insert into Categories (Category_name, ISBN) values ('Poetry', '311045061-5');
insert into Categories (Category_name, ISBN) values ('Travel', '312185510-7');
insert into Categories (Category_name, ISBN) values ('Fantasy', '312846511-8');
insert into Categories (Category_name, ISBN) values ('Cooking', '317544039-8');
insert into Categories (Category_name, ISBN) values ('Romance', '334755997-5');
insert into Categories (Category_name, ISBN) values ('Science Fiction', '367610946-5');
insert into Categories (Category_name, ISBN) values ('Travel', '392539793-0');
insert into Categories (Category_name, ISBN) values ('Memoir', '409539985-6');
insert into Categories (Category_name, ISBN) values ('Travel', '412585693-1');
insert into Categories (Category_name, ISBN) values ('Travel', '427914829-5');
insert into Categories (Category_name, ISBN) values ('Romance', '428330752-1');
insert into Categories (Category_name, ISBN) values ('Graphic Novel', '444040743-9');
insert into Categories (Category_name, ISBN) values ('Fantasy', '445687793-6');
insert into Categories (Category_name, ISBN) values ('Science Fiction', '446529459-X');
insert into Categories (Category_name, ISBN) values ('Memoir', '455591386-8');
insert into Categories (Category_name, ISBN) values ('Graphic Novel', '456548464-1');
insert into Categories (Category_name, ISBN) values ('Graphic Novel', '459427977-5');
insert into Categories (Category_name, ISBN) values ('Biography', '464034332-9');
insert into Categories (Category_name, ISBN) values ('Cooking', '467960431-X');
insert into Categories (Category_name, ISBN) values ('Fantasy', '485062401-4');
insert into Categories (Category_name, ISBN) values ('Graphic Novel', '517545515-X');
insert into Categories (Category_name, ISBN) values ('Graphic Novel', '522930878-8');
insert into Categories (Category_name, ISBN) values ('Young Adult', '530652409-5');
insert into Categories (Category_name, ISBN) values ('Science Fiction', '533235522-X');
insert into Categories (Category_name, ISBN) values ('Memoir', '533675037-9');
insert into Categories (Category_name, ISBN) values ('Self-Help', '535454084-4');
insert into Categories (Category_name, ISBN) values ('Horror', '543837623-9');
insert into Categories (Category_name, ISBN) values ('Biography', '556428089-X');
insert into Categories (Category_name, ISBN) values ('Romance', '568292203-4');
insert into Categories (Category_name, ISBN) values ('Memoir', '568632440-9');
insert into Categories (Category_name, ISBN) values ('Mystery', '619018678-5');
insert into Categories (Category_name, ISBN) values ('Graphic Novel', '621208097-6');
insert into Categories (Category_name, ISBN) values ('Mystery', '642428292-0');
insert into Categories (Category_name, ISBN) values ('Poetry', '642528595-8');
insert into Categories (Category_name, ISBN) values ('Historical Fiction', '648506248-3');
insert into Categories (Category_name, ISBN) values ('Poetry', '665791057-6');
insert into Categories (Category_name, ISBN) values ('Self-Help', '668526087-4');
insert into Categories (Category_name, ISBN) values ('Cooking', '678497433-6');
insert into Categories (Category_name, ISBN) values ('Thriller', '682217327-7');
insert into Categories (Category_name, ISBN) values ('Romance', '705928918-6');
insert into Categories (Category_name, ISBN) values ('Fantasy', '710729665-5');
insert into Categories (Category_name, ISBN) values ('Historical Fiction', '735242804-6');
insert into Categories (Category_name, ISBN) values ('Young Adult', '750367191-2');
insert into Categories (Category_name, ISBN) values ('Young Adult', '751010292-8');
insert into Categories (Category_name, ISBN) values ('Mystery', '752859166-1');
insert into Categories (Category_name, ISBN) values ('Horror', '764884073-1');
insert into Categories (Category_name, ISBN) values ('Travel', '779472209-8');
insert into Categories (Category_name, ISBN) values ('Biography', '802296206-6');
insert into Categories (Category_name, ISBN) values ('Fantasy', '813320838-6');
insert into Categories (Category_name, ISBN) values ('Graphic Novel', '828439612-2');
insert into Categories (Category_name, ISBN) values ('Graphic Novel', '848735059-3');
insert into Categories (Category_name, ISBN) values ('Romance', '850155164-3');
insert into Categories (Category_name, ISBN) values ('Graphic Novel', '856429358-7');
insert into Categories (Category_name, ISBN) values ('Mystery', '866618754-9');
insert into Categories (Category_name, ISBN) values ('Historical Fiction', '868249354-3');
insert into Categories (Category_name, ISBN) values ('Self-Help', '870090951-3');
insert into Categories (Category_name, ISBN) values ('Self-Help', '907451875-3');
insert into Categories (Category_name, ISBN) values ('Poetry', '909260968-4');
insert into Categories (Category_name, ISBN) values ('Science Fiction', '923675497-X');
insert into Categories (Category_name, ISBN) values ('Thriller', '928039011-2');
insert into Categories (Category_name, ISBN) values ('Travel', '935806148-0');
insert into Categories (Category_name, ISBN) values ('Young Adult', '937896130-4');
insert into Categories (Category_name, ISBN) values ('Memoir', '940271712-9');
insert into Categories (Category_name, ISBN) values ('Mystery', '943037843-0');
insert into Categories (Category_name, ISBN) values ('Horror', '949590791-8');
insert into Categories (Category_name, ISBN) values ('Poetry', '957043135-0');
insert into Categories (Category_name, ISBN) values ('Graphic Novel', '978371882-7');
insert into Categories (Category_name, ISBN) values ('Horror', '978526780-6');
insert into Categories (Category_name, ISBN) values ('Science Fiction', '980456902-7');
insert into Categories (Category_name, ISBN) values ('Historical Fiction', '999346577-1');
insert into Categories (Category_name, ISBN) values ('Children''s', '080366475-3');
insert into Categories (Category_name, ISBN) values ('Autobiography', '105473640-5');
insert into Categories (Category_name, ISBN) values ('Self-Help', '467960431-X');
insert into Categories (Category_name, ISBN) values ('Religion and Spirituality', '063994786-7');
insert into Categories (Category_name, ISBN) values ('Religion and Spirituality', '254582227-2');
insert into Categories (Category_name, ISBN) values ('Action and Adventure', '306720798-X');
insert into Categories (Category_name, ISBN) values ('Cookbook', '127146835-2');
insert into Categories (Category_name, ISBN) values ('Historical Fiction', '940271712-9');
insert into Categories (Category_name, ISBN) values ('Poetry', '035653718-8');
insert into Categories (Category_name, ISBN) values ('Biography', '271300504-3');
insert into Categories (Category_name, ISBN) values ('Memoir', '180527993-9');
insert into Categories (Category_name, ISBN) values ('Historical Fiction', '180527993-9');
insert into Categories (Category_name, ISBN) values ('Mystery', '045094214-7');
insert into Categories (Category_name, ISBN) values ('Young Adult', '764884073-1');
insert into Categories (Category_name, ISBN) values ('Children''s', '428330752-1');
insert into Categories (Category_name, ISBN) values ('Thriller', '009934891-8');
insert into Categories (Category_name, ISBN) values ('Poetry', '813320838-6');
insert into Categories (Category_name, ISBN) values ('Autobiography', '459427977-5');
insert into Categories (Category_name, ISBN) values ('Memoir', '456548464-1');
insert into Categories (Category_name, ISBN) values ('Fantasy', '367610946-5');
insert into Categories (Category_name, ISBN) values ('Fantasy', '180527993-9');
insert into Categories (Category_name, ISBN) values ('Memoir', '828439612-2');
insert into Categories (Category_name, ISBN) values ('Self-Help', '254582227-2');
insert into Categories (Category_name, ISBN) values ('Fantasy', '464034332-9');
insert into Categories (Category_name, ISBN) values ('Comedy', '705928918-6');
insert into Categories (Category_name, ISBN) values ('Memoir', '535454084-4');
insert into Categories (Category_name, ISBN) values ('Young Adult', '999346577-1');
insert into Categories (Category_name, ISBN) values ('Memoir', '428330752-1');
insert into Categories (Category_name, ISBN) values ('Romance', '444040743-9');
insert into Categories (Category_name, ISBN) values ('Thriller', '522930878-8');
insert into Categories (Category_name, ISBN) values ('Comedy', '317544039-8');
insert into Categories (Category_name, ISBN) values ('Young Adult', '648506248-3');
insert into Categories (Category_name, ISBN) values ('Horror', '311045061-5');
insert into Categories (Category_name, ISBN) values ('Memoir', '045094214-7');
insert into Categories (Category_name, ISBN) values ('Memoir', '530652409-5');
insert into Categories (Category_name, ISBN) values ('Autobiography', '367610946-5');
insert into Categories (Category_name, ISBN) values ('Comedy', '999346577-1');
insert into Categories (Category_name, ISBN) values ('Comedy', '533675037-9');
insert into Categories (Category_name, ISBN) values ('Memoir', '802296206-6');
insert into Categories (Category_name, ISBN) values ('Horror', '446529459-X');
insert into Categories (Category_name, ISBN) values ('Travel', '306720798-X');
insert into Categories (Category_name, ISBN) values ('Mystery', '312185510-7');
insert into Categories (Category_name, ISBN) values ('Romance', '011065924-4');
insert into Categories (Category_name, ISBN) values ('Religion and Spirituality', '937896130-4');
insert into Categories (Category_name, ISBN) values ('Romance', '923675497-X');
insert into Categories (Category_name, ISBN) values ('Travel', '055577969-6');
insert into Categories (Category_name, ISBN) values ('Action and Adventure', '517545515-X');
insert into Categories (Category_name, ISBN) values ('Biography', '642528595-8');
insert into Categories (Category_name, ISBN) values ('Mystery', '009934891-8');
insert into Categories (Category_name, ISBN) values ('Travel', '307658291-7');

/* INSERT OLD BORROWS */

insert into Borrows (Borrow_id, User_id, Borrow_date, Return_date, Book_id) values (1, 58, '2021-04-10', '2021-04-11', 36);
insert into Borrows (Borrow_id, User_id, Borrow_date, Return_date, Book_id) values (2, 45, '2022-02-15', '2022-02-18', 82);
insert into Borrows (Borrow_id, User_id, Borrow_date, Return_date, Book_id) values (3, 45, '2022-02-14', '2022-02-15', 19);
insert into Borrows (Borrow_id, User_id, Borrow_date, Return_date, Book_id) values (4, 15, '2022-11-03', '2022-11-04', 205);
insert into Borrows (Borrow_id, User_id, Borrow_date, Return_date, Book_id) values (5, 35, '2021-09-11', '2021-09-17', 143);
insert into Borrows (Borrow_id, User_id, Borrow_date, Return_date, Book_id) values (6, 72, '2022-05-25', '2022-05-31', 93);
insert into Borrows (Borrow_id, User_id, Borrow_date, Return_date, Book_id) values (7, 45, '2022-02-14', '2022-02-21', 192);
insert into Borrows (Borrow_id, User_id, Borrow_date, Return_date, Book_id) values (8, 21, '2021-10-01', '2021-10-07', 114);
insert into Borrows (Borrow_id, User_id, Borrow_date, Return_date, Book_id) values (9, 27, '2022-09-25', '2022-09-27', 171);
insert into Borrows (Borrow_id, User_id, Borrow_date, Return_date, Book_id) values (10, 71, '2021-10-19', '2021-10-21', 29);
insert into Borrows (Borrow_id, User_id, Borrow_date, Return_date, Book_id) values (11, 27, '2022-09-21', '2022-09-26', 230);
insert into Borrows (Borrow_id, User_id, Borrow_date, Return_date, Book_id) values (12, 27, '2022-09-21', '2022-09-23', 182);
insert into Borrows (Borrow_id, User_id, Borrow_date, Return_date, Book_id) values (13, 74, '2023-04-20', '2023-04-26', 43);
insert into Borrows (Borrow_id, User_id, Borrow_date, Return_date, Book_id) values (14, 37, '2023-06-06', '2023-06-07', 16);
insert into Borrows (Borrow_id, User_id, Borrow_date, Return_date, Book_id) values (15, 3, '2023-04-03', '2023-04-10', 74);
insert into Borrows (Borrow_id, User_id, Borrow_date, Return_date, Book_id) values (16, 12, '2021-10-16', '2021-10-23', 129);
insert into Borrows (Borrow_id, User_id, Borrow_date, Return_date, Book_id) values (17, 29, '2022-03-16', '2022-03-19', 196);
insert into Borrows (Borrow_id, User_id, Borrow_date, Return_date, Book_id) values (18, 27, '2022-09-24', '2022-09-28', 96);
insert into Borrows (Borrow_id, User_id, Borrow_date, Return_date, Book_id) values (19, 59, '2021-09-28', '2021-09-29', 253);
insert into Borrows (Borrow_id, User_id, Borrow_date, Return_date, Book_id) values (20, 57, '2022-06-07', '2022-06-09', 144);
insert into Borrows (Borrow_id, User_id, Borrow_date, Return_date, Book_id) values (21, 46, '2022-03-06', '2022-03-08', 78);
insert into Borrows (Borrow_id, User_id, Borrow_date, Return_date, Book_id) values (22, 34, '2023-03-06', '2023-03-13', 237);
insert into Borrows (Borrow_id, User_id, Borrow_date, Return_date, Book_id) values (23, 2, '2021-12-10', '2021-12-14', 152);
insert into Borrows (Borrow_id, User_id, Borrow_date, Return_date, Book_id) values (24, 39, '2022-05-21', '2022-05-25', 82);
insert into Borrows (Borrow_id, User_id, Borrow_date, Return_date, Book_id) values (25, 10, '2022-05-18', '2022-05-23', 16);
insert into Borrows (Borrow_id, User_id, Borrow_date, Return_date, Book_id) values (26, 62, '2023-04-27', '2023-05-01', 36);
insert into Borrows (Borrow_id, User_id, Borrow_date, Return_date, Book_id) values (27, 72, '2022-05-24', '2022-05-27', 228);
insert into Borrows (Borrow_id, User_id, Borrow_date, Return_date, Book_id) values (28, 9, '2022-04-12', '2022-04-19', 113);
insert into Borrows (Borrow_id, User_id, Borrow_date, Return_date, Book_id) values (29, 26, '2021-12-21', '2021-12-27', 27);
insert into Borrows (Borrow_id, User_id, Borrow_date, Return_date, Book_id) values (30, 7, '2022-11-30', '2022-12-01', 141);
insert into Borrows (Borrow_id, User_id, Borrow_date, Return_date, Book_id) values (31, 4, '2021-08-02', '2021-08-09', 1);
insert into Borrows (Borrow_id, User_id, Borrow_date, Return_date, Book_id) values (32, 14, '2022-04-11', '2022-04-15', 300);
insert into Borrows (Borrow_id, User_id, Borrow_date, Return_date, Book_id) values (33, 67, '2022-12-30', '2022-12-31', 184);
insert into Borrows (Borrow_id, User_id, Borrow_date, Return_date, Book_id) values (34, 15, '2022-11-07', '2022-11-08', 107);
insert into Borrows (Borrow_id, User_id, Borrow_date, Return_date, Book_id) values (35, 24, '2021-08-18', '2021-08-25', 18);
insert into Borrows (Borrow_id, User_id, Borrow_date, Return_date, Book_id) values (36, 18, '2022-04-08', '2022-04-15', 85);
insert into Borrows (Borrow_id, User_id, Borrow_date, Return_date, Book_id) values (37, 66, '2023-01-04', '2023-01-06', 168);
insert into Borrows (Borrow_id, User_id, Borrow_date, Return_date, Book_id) values (38, 11, '2023-04-19', '2023-04-23', 167);
insert into Borrows (Borrow_id, User_id, Borrow_date, Return_date, Book_id) values (39, 65, '2022-04-15', '2022-04-22', 287);
insert into Borrows (Borrow_id, User_id, Borrow_date, Return_date, Book_id) values (40, 24, '2021-08-14', '2021-08-19', 160);
insert into Borrows (Borrow_id, User_id, Borrow_date, Return_date, Book_id) values (41, 45, '2022-02-16', '2022-02-18', 294);
insert into Borrows (Borrow_id, User_id, Borrow_date, Return_date, Book_id) values (42, 21, '2021-09-29', '2021-10-03', 228);
insert into Borrows (Borrow_id, User_id, Borrow_date, Return_date, Book_id) values (43, 70, '2022-01-20', '2022-01-24', 5);
insert into Borrows (Borrow_id, User_id, Borrow_date, Return_date, Book_id) values (44, 49, '2022-03-02', '2022-03-08', 250);
insert into Borrows (Borrow_id, User_id, Borrow_date, Return_date, Book_id) values (45, 48, '2022-02-24', '2022-02-25', 282);
insert into Borrows (Borrow_id, User_id, Borrow_date, Return_date, Book_id) values (46, 58, '2021-04-15', '2021-04-17', 80);
insert into Borrows (Borrow_id, User_id, Borrow_date, Return_date, Book_id) values (47, 12, '2021-10-17', '2021-10-23', 231);
insert into Borrows (Borrow_id, User_id, Borrow_date, Return_date, Book_id) values (48, 27, '2022-09-25', '2022-09-26', 203);
insert into Borrows (Borrow_id, User_id, Borrow_date, Return_date, Book_id) values (49, 27, '2022-09-20', '2022-09-25', 153);
insert into Borrows (Borrow_id, User_id, Borrow_date, Return_date, Book_id) values (50, 29, '2022-03-18', '2022-03-24', 54);
insert into Borrows (Borrow_id, User_id, Borrow_date, Return_date, Book_id) values (51, 59, '2021-10-03', '2021-10-08', 186);
insert into Borrows (Borrow_id, User_id, Borrow_date, Return_date, Book_id) values (52, 2, '2021-12-09', '2021-12-11', 219);
insert into Borrows (Borrow_id, User_id, Borrow_date, Return_date, Book_id) values (53, 17, '2022-02-12', '2022-02-19', 49);
insert into Borrows (Borrow_id, User_id, Borrow_date, Return_date, Book_id) values (54, 37, '2023-06-06', '2023-06-13', 26);
insert into Borrows (Borrow_id, User_id, Borrow_date, Return_date, Book_id) values (55, 54, '2022-08-20', '2022-08-27', 208);
insert into Borrows (Borrow_id, User_id, Borrow_date, Return_date, Book_id) values (56, 42, '2022-02-07', '2022-02-14', 13);
insert into Borrows (Borrow_id, User_id, Borrow_date, Return_date, Book_id) values (57, 39, '2022-05-27', '2022-06-02', 47);
insert into Borrows (Borrow_id, User_id, Borrow_date, Return_date, Book_id) values (58, 13, '2021-03-11', '2021-03-13', 200);
insert into Borrows (Borrow_id, User_id, Borrow_date, Return_date, Book_id) values (59, 5, '2022-04-16', '2022-04-17', 283);
insert into Borrows (Borrow_id, User_id, Borrow_date, Return_date, Book_id) values (60, 45, '2022-02-14', '2022-02-17', 280);
insert into Borrows (Borrow_id, User_id, Borrow_date, Return_date, Book_id) values (61, 18, '2022-04-07', '2022-04-11', 307);
insert into Borrows (Borrow_id, User_id, Borrow_date, Return_date, Book_id) values (62, 74, '2023-04-17', '2023-04-18', 41);
insert into Borrows (Borrow_id, User_id, Borrow_date, Return_date, Book_id) values (63, 10, '2022-05-17', '2022-05-19', 118);
insert into Borrows (Borrow_id, User_id, Borrow_date, Return_date, Book_id) values (64, 37, '2023-06-07', '2023-06-11', 97);
insert into Borrows (Borrow_id, User_id, Borrow_date, Return_date, Book_id) values (65, 73, '2021-12-29', '2021-12-31', 28);
insert into Borrows (Borrow_id, User_id, Borrow_date, Return_date, Book_id) values (66, 4, '2021-08-01', '2021-08-07', 269);
insert into Borrows (Borrow_id, User_id, Borrow_date, Return_date, Book_id) values (67, 26, '2021-12-17', '2021-12-20', 261);
insert into Borrows (Borrow_id, User_id, Borrow_date, Return_date, Book_id) values (68, 18, '2022-04-04', '2022-04-06', 57);
insert into Borrows (Borrow_id, User_id, Borrow_date, Return_date, Book_id) values (69, 49, '2022-03-05', '2022-03-08', 264);
insert into Borrows (Borrow_id, User_id, Borrow_date, Return_date, Book_id) values (70, 39, '2022-05-27', '2022-06-01', 179);
insert into Borrows (Borrow_id, User_id, Borrow_date, Return_date, Book_id) values (71, 51, '2023-06-04', '2023-06-10', 157);
insert into Borrows (Borrow_id, User_id, Borrow_date, Return_date, Book_id) values (72, 11, '2023-04-18', '2023-04-25', 200);
insert into Borrows (Borrow_id, User_id, Borrow_date, Return_date, Book_id) values (73, 18, '2022-04-04', '2022-04-09', 275);
insert into Borrows (Borrow_id, User_id, Borrow_date, Return_date, Book_id) values (74, 4, '2021-07-28', '2021-08-03', 282);
insert into Borrows (Borrow_id, User_id, Borrow_date, Return_date, Book_id) values (75, 51, '2023-06-07', '2023-06-12', 90);
insert into Borrows (Borrow_id, User_id, Borrow_date, Return_date, Book_id) values (76, 25, '2021-06-14', '2021-06-18', 128);
insert into Borrows (Borrow_id, User_id, Borrow_date, Return_date, Book_id) values (77, 55, '2021-01-10', '2021-01-12', 276);
insert into Borrows (Borrow_id, User_id, Borrow_date, Return_date, Book_id) values (78, 67, '2023-01-02', '2023-01-04', 11);
insert into Borrows (Borrow_id, User_id, Borrow_date, Return_date, Book_id) values (79, 36, '2021-09-03', '2021-09-10', 266);
insert into Borrows (Borrow_id, User_id, Borrow_date, Return_date, Book_id) values (80, 41, '2023-04-30', '2023-05-03', 122);
insert into Borrows (Borrow_id, User_id, Borrow_date, Return_date, Book_id) values (81, 13, '2021-03-13', '2021-03-20', 209);
insert into Borrows (Borrow_id, User_id, Borrow_date, Return_date, Book_id) values (82, 15, '2022-11-02', '2022-11-05', 156);
insert into Borrows (Borrow_id, User_id, Borrow_date, Return_date, Book_id) values (83, 18, '2022-04-09', '2022-04-16', 160);
insert into Borrows (Borrow_id, User_id, Borrow_date, Return_date, Book_id) values (84, 57, '2022-06-06', '2022-06-13', 25);
insert into Borrows (Borrow_id, User_id, Borrow_date, Return_date, Book_id) values (85, 59, '2021-09-28', '2021-09-29', 279);
insert into Borrows (Borrow_id, User_id, Borrow_date, Return_date, Book_id) values (86, 32, '2021-02-14', '2021-02-21', 2);
insert into Borrows (Borrow_id, User_id, Borrow_date, Return_date, Book_id) values (87, 52, '2022-03-05', '2022-03-07', 212);
insert into Borrows (Borrow_id, User_id, Borrow_date, Return_date, Book_id) values (88, 35, '2021-09-14', '2021-09-21', 110);
insert into Borrows (Borrow_id, User_id, Borrow_date, Return_date, Book_id) values (89, 3, '2023-03-29', '2023-04-03', 44);
insert into Borrows (Borrow_id, User_id, Borrow_date, Return_date, Book_id) values (90, 25, '2021-06-13', '2021-06-16', 121);
insert into Borrows (Borrow_id, User_id, Borrow_date, Return_date, Book_id) values (91, 62, '2023-04-23', '2023-04-28', 37);
insert into Borrows (Borrow_id, User_id, Borrow_date, Return_date, Book_id) values (92, 8, '2023-04-08', '2023-04-14', 275);
insert into Borrows (Borrow_id, User_id, Borrow_date, Return_date, Book_id) values (93, 39, '2022-05-23', '2022-05-26', 153);
insert into Borrows (Borrow_id, User_id, Borrow_date, Return_date, Book_id) values (94, 68, '2023-06-08', '2023-06-15', 275);
insert into Borrows (Borrow_id, User_id, Borrow_date, Return_date, Book_id) values (95, 55, '2021-01-13', '2021-01-17', 289);
insert into Borrows (Borrow_id, User_id, Borrow_date, Return_date, Book_id) values (96, 50, '2022-01-03', '2022-01-10', 204);
insert into Borrows (Borrow_id, User_id, Borrow_date, Return_date, Book_id) values (97, 19, '2021-08-14', '2021-08-17', 214);
insert into Borrows (Borrow_id, User_id, Borrow_date, Return_date, Book_id) values (98, 12, '2021-10-20', '2021-10-27', 80);
insert into Borrows (Borrow_id, User_id, Borrow_date, Return_date, Book_id) values (99, 61, '2021-07-21', '2021-07-23', 240);
insert into Borrows (Borrow_id, User_id, Borrow_date, Return_date, Book_id) values (100, 27, '2022-09-25', '2022-09-27', 190);

/* INSERT OLD RESESRVATIONS */

insert into Reservations (Reservation_id, User_id, Status, Reservation_date, Pickup_date, Book_id) values (73, '47', 'DENIED', '2022-03-24', null, 8);
insert into Reservations (Reservation_id, User_id, Status, Reservation_date, Pickup_date, Book_id) values (74, '30', 'DENIED', '2022-01-28', null, 294);
insert into Reservations (Reservation_id, User_id, Status, Reservation_date, Pickup_date, Book_id) values (75, '6', 'DENIED', '2022-10-09', null, 72);
insert into Reservations (Reservation_id, User_id, Status, Reservation_date, Pickup_date, Book_id) values (76, '20', 'PENDING', '2023-05-27', null, 116);
insert into Reservations (Reservation_id, User_id, Status, Reservation_date, Pickup_date, Book_id) values (77, '30', 'DENIED', '2022-02-20', null, 94);
insert into Reservations (Reservation_id, User_id, Status, Reservation_date, Pickup_date, Book_id) values (78, '33', 'DENIED', '2021-07-03', null, 94);
insert into Reservations (Reservation_id, User_id, Status, Reservation_date, Pickup_date, Book_id) values (79, '22', 'DENIED', '2022-12-19', null, 73);
insert into Reservations (Reservation_id, User_id, Status, Reservation_date, Pickup_date, Book_id) values (80, '28', 'DENIED', '2023-01-20', null, 185);
insert into Reservations (Reservation_id, User_id, Status, Reservation_date, Pickup_date, Book_id) values (81, '60', 'DENIED', '2021-10-12', null, 181);
insert into Reservations (Reservation_id, User_id, Status, Reservation_date, Pickup_date, Book_id) values (82, '56', 'PENDING', '2023-06-04', null, 8);
insert into Reservations (Reservation_id, User_id, Status, Reservation_date, Pickup_date, Book_id) values (83, '60', 'DENIED', '2021-10-31', null, 255);
insert into Reservations (Reservation_id, User_id, Status, Reservation_date, Pickup_date, Book_id) values (84, '53', 'DENIED', '2022-02-05', null, 134);
insert into Reservations (Reservation_id, User_id, Status, Reservation_date, Pickup_date, Book_id) values (85, '22', 'DENIED', '2022-12-21', null, 262);
insert into Reservations (Reservation_id, User_id, Status, Reservation_date, Pickup_date, Book_id) values (86, '43', 'DENIED', '2023-02-22', null, 219);
insert into Reservations (Reservation_id, User_id, Status, Reservation_date, Pickup_date, Book_id) values (87, '33', 'DENIED', '2021-05-18', null, 63);
insert into Reservations (Reservation_id, User_id, Status, Reservation_date, Pickup_date, Book_id) values (88, '56', 'DENIED', '2023-06-03', null, 71);
insert into Reservations (Reservation_id, User_id, Status, Reservation_date, Pickup_date, Book_id) values (1, 58, 'GRANTED', '2021-04-10', '2021-04-15', 80);
insert into Reservations (Reservation_id, User_id, Status, Reservation_date, Pickup_date, Book_id) values (2, 45, 'GRANTED', '2022-02-13', '2022-02-14', 192);
insert into Reservations (Reservation_id, User_id, Status, Reservation_date, Pickup_date, Book_id) values (3, 45, 'GRANTED', '2022-02-09', '2022-02-14', 19);
insert into Reservations (Reservation_id, User_id, Status, Reservation_date, Pickup_date, Book_id) values (4, 15, 'GRANTED', '2022-10-31', '2022-11-03', 156);
insert into Reservations (Reservation_id, User_id, Status, Reservation_date, Pickup_date, Book_id) values (5, 35, 'GRANTED', '2021-09-11', '2021-09-14', 143);
insert into Reservations (Reservation_id, User_id, Status, Reservation_date, Pickup_date, Book_id) values (6, 72, 'GRANTED', '2022-05-24', '2022-05-25', 228);
insert into Reservations (Reservation_id, User_id, Status, Reservation_date, Pickup_date, Book_id) values (7, 45, 'GRANTED', '2022-02-12', '2022-02-15', 280);
insert into Reservations (Reservation_id, User_id, Status, Reservation_date, Pickup_date, Book_id) values (8, 21, 'GRANTED', '2021-09-28', '2021-09-29', 114);
insert into Reservations (Reservation_id, User_id, Status, Reservation_date, Pickup_date, Book_id) values (9, 27, 'GRANTED', '2022-09-14', '2022-09-20', 190);
insert into Reservations (Reservation_id, User_id, Status, Reservation_date, Pickup_date, Book_id) values (10, 71, 'GRANTED', '2021-10-13', '2021-10-19', 29);
insert into Reservations (Reservation_id, User_id, Status, Reservation_date, Pickup_date, Book_id) values (11, 27, 'GRANTED', '2022-09-14', '2022-09-20', 203);
insert into Reservations (Reservation_id, User_id, Status, Reservation_date, Pickup_date, Book_id) values (12, 27, 'GRANTED', '2022-09-22', '2022-09-25', 230);
insert into Reservations (Reservation_id, User_id, Status, Reservation_date, Pickup_date, Book_id) values (13, 74, 'GRANTED', '2023-04-13', '2023-04-17', 43);
insert into Reservations (Reservation_id, User_id, Status, Reservation_date, Pickup_date, Book_id) values (14, 37, 'GRANTED', '2023-06-01', '2023-06-06', 97);
insert into Reservations (Reservation_id, User_id, Status, Reservation_date, Pickup_date, Book_id) values (15, 3, 'GRANTED', '2023-04-01', '2023-04-03', 44);
insert into Reservations (Reservation_id, User_id, Status, Reservation_date, Pickup_date, Book_id) values (16, 12, 'GRANTED', '2021-10-13', '2021-10-17', 129);
insert into Reservations (Reservation_id, User_id, Status, Reservation_date, Pickup_date, Book_id) values (17, 29, 'GRANTED', '2022-03-12', '2022-03-16', 196);
insert into Reservations (Reservation_id, User_id, Status, Reservation_date, Pickup_date, Book_id) values (18, 27, 'GRANTED', '2022-09-23', '2022-09-24', 182);
insert into Reservations (Reservation_id, User_id, Status, Reservation_date, Pickup_date, Book_id) values (19, 59, 'GRANTED', '2021-09-23', '2021-09-28', 186);
insert into Reservations (Reservation_id, User_id, Status, Reservation_date, Pickup_date, Book_id) values (20, 57, 'GRANTED', '2022-06-05', '2022-06-06', 144);
insert into Reservations (Reservation_id, User_id, Status, Reservation_date, Pickup_date, Book_id) values (21, 46, 'GRANTED', '2022-03-02', '2022-03-06', 78);
insert into Reservations (Reservation_id, User_id, Status, Reservation_date, Pickup_date, Book_id) values (22, 34, 'GRANTED', '2023-03-04', '2023-03-06', 237);
insert into Reservations (Reservation_id, User_id, Status, Reservation_date, Pickup_date, Book_id) values (23, 2, 'GRANTED', '2021-12-09', '2021-12-10', 152);
insert into Reservations (Reservation_id, User_id, Status, Reservation_date, Pickup_date, Book_id) values (24, 39, 'GRANTED', '2022-05-22', '2022-05-27', 47);
insert into Reservations (Reservation_id, User_id, Status, Reservation_date, Pickup_date, Book_id) values (25, 10, 'GRANTED', '2022-05-12', '2022-05-17', 16);
insert into Reservations (Reservation_id, User_id, Status, Reservation_date, Pickup_date, Book_id) values (26, 62, 'GRANTED', '2023-04-23', '2023-04-27', 36);
insert into Reservations (Reservation_id, User_id, Status, Reservation_date, Pickup_date, Book_id) values (27, 72, 'GRANTED', '2022-05-24', '2022-05-25', 93);
insert into Reservations (Reservation_id, User_id, Status, Reservation_date, Pickup_date, Book_id) values (28, 9, 'GRANTED', '2022-04-08', '2022-04-12', 113);
insert into Reservations (Reservation_id, User_id, Status, Reservation_date, Pickup_date, Book_id) values (29, 26, 'GRANTED', '2021-12-20', '2021-12-21', 261);
insert into Reservations (Reservation_id, User_id, Status, Reservation_date, Pickup_date, Book_id) values (30, 7, 'GRANTED', '2022-11-25', '2022-11-30', 141);
insert into Reservations (Reservation_id, User_id, Status, Reservation_date, Pickup_date, Book_id) values (31, 4, 'GRANTED', '2021-07-26', '2021-07-28', 1);
insert into Reservations (Reservation_id, User_id, Status, Reservation_date, Pickup_date, Book_id) values (32, 14, 'GRANTED', '2022-04-07', '2022-04-11', 300);
insert into Reservations (Reservation_id, User_id, Status, Reservation_date, Pickup_date, Book_id) values (33, 67, 'GRANTED', '2022-12-24', '2022-12-30', 11);
insert into Reservations (Reservation_id, User_id, Status, Reservation_date, Pickup_date, Book_id) values (34, 15, 'GRANTED', '2022-11-01', '2022-11-07', 156);
insert into Reservations (Reservation_id, User_id, Status, Reservation_date, Pickup_date, Book_id) values (35, 24, 'GRANTED', '2021-08-16', '2021-08-18', 160);
insert into Reservations (Reservation_id, User_id, Status, Reservation_date, Pickup_date, Book_id) values (36, 18, 'GRANTED', '2022-04-05', '2022-04-08', 160);
insert into Reservations (Reservation_id, User_id, Status, Reservation_date, Pickup_date, Book_id) values (37, 66, 'GRANTED', '2022-12-31', '2023-01-04', 168);
insert into Reservations (Reservation_id, User_id, Status, Reservation_date, Pickup_date, Book_id) values (38, 11, 'GRANTED', '2023-04-18', '2023-04-19', 167);
insert into Reservations (Reservation_id, User_id, Status, Reservation_date, Pickup_date, Book_id) values (39, 65, 'GRANTED', '2022-04-13', '2022-04-15', 287);
insert into Reservations (Reservation_id, User_id, Status, Reservation_date, Pickup_date, Book_id) values (40, 24, 'GRANTED', '2021-08-12', '2021-08-14', 18);
insert into Reservations (Reservation_id, User_id, Status, Reservation_date, Pickup_date, Book_id) values (41, 45, 'GRANTED', '2022-02-10', '2022-02-14', 19);
insert into Reservations (Reservation_id, User_id, Status, Reservation_date, Pickup_date, Book_id) values (42, 21, 'GRANTED', '2021-09-27', '2021-09-29', 114);
insert into Reservations (Reservation_id, User_id, Status, Reservation_date, Pickup_date, Book_id) values (43, 70, 'GRANTED', '2022-01-14', '2022-01-20', 5);
insert into Reservations (Reservation_id, User_id, Status, Reservation_date, Pickup_date, Book_id) values (44, 49, 'GRANTED', '2022-03-02', '2022-03-05', 264);
insert into Reservations (Reservation_id, User_id, Status, Reservation_date, Pickup_date, Book_id) values (45, 48, 'GRANTED', '2022-02-18', '2022-02-24', 282);
insert into Reservations (Reservation_id, User_id, Status, Reservation_date, Pickup_date, Book_id) values (46, 58, 'GRANTED', '2021-04-14', '2021-04-15', 80);
insert into Reservations (Reservation_id, User_id, Status, Reservation_date, Pickup_date, Book_id) values (47, 12, 'GRANTED', '2021-10-11', '2021-10-17', 129);
insert into Reservations (Reservation_id, User_id, Status, Reservation_date, Pickup_date, Book_id) values (48, 27, 'GRANTED', '2022-09-22', '2022-09-25', 230);
insert into Reservations (Reservation_id, User_id, Status, Reservation_date, Pickup_date, Book_id) values (49, 27, 'GRANTED', '2022-09-23', '2022-09-25', 96);
insert into Reservations (Reservation_id, User_id, Status, Reservation_date, Pickup_date, Book_id) values (50, 29, 'GRANTED', '2022-03-14', '2022-03-16', 196);
insert into Reservations (Reservation_id, User_id, Status, Reservation_date, Pickup_date, Book_id) values (51, 59, 'GRANTED', '2021-10-02', '2021-10-03', 279);
insert into Reservations (Reservation_id, User_id, Status, Reservation_date, Pickup_date, Book_id) values (52, 2, 'GRANTED', '2021-12-06', '2021-12-10', 219);
insert into Reservations (Reservation_id, User_id, Status, Reservation_date, Pickup_date, Book_id) values (53, 17, 'GRANTED', '2022-02-10', '2022-02-12', 49);
insert into Reservations (Reservation_id, User_id, Status, Reservation_date, Pickup_date, Book_id) values (54, 37, 'GRANTED', '2023-06-01', '2023-06-07', 26);
insert into Reservations (Reservation_id, User_id, Status, Reservation_date, Pickup_date, Book_id) values (55, 54, 'GRANTED', '2022-08-17', '2022-08-20', 208);
insert into Reservations (Reservation_id, User_id, Status, Reservation_date, Pickup_date, Book_id) values (56, 42, 'GRANTED', '2022-02-01', '2022-02-07', 13);
insert into Reservations (Reservation_id, User_id, Status, Reservation_date, Pickup_date, Book_id) values (57, 39, 'GRANTED', '2022-05-22', '2022-05-27', 82);
insert into Reservations (Reservation_id, User_id, Status, Reservation_date, Pickup_date, Book_id) values (58, 13, 'GRANTED', '2021-03-12', '2021-03-13', 209);
insert into Reservations (Reservation_id, User_id, Status, Reservation_date, Pickup_date, Book_id) values (59, 5, 'GRANTED', '2022-04-14', '2022-04-16', 283);
insert into Reservations (Reservation_id, User_id, Status, Reservation_date, Pickup_date, Book_id) values (60, 45, 'GRANTED', '2022-02-12', '2022-02-15', 280);
insert into Reservations (Reservation_id, User_id, Status, Reservation_date, Pickup_date, Book_id) values (61, 18, 'GRANTED', '2022-04-04', '2022-04-09', 85);
insert into Reservations (Reservation_id, User_id, Status, Reservation_date, Pickup_date, Book_id) values (62, 74, 'GRANTED', '2023-04-12', '2023-04-17', 43);
insert into Reservations (Reservation_id, User_id, Status, Reservation_date, Pickup_date, Book_id) values (63, 10, 'GRANTED', '2022-05-11', '2022-05-17', 118);
insert into Reservations (Reservation_id, User_id, Status, Reservation_date, Pickup_date, Book_id) values (64, 37, 'GRANTED', '2023-06-02', '2023-06-06', 26);
insert into Reservations (Reservation_id, User_id, Status, Reservation_date, Pickup_date, Book_id) values (65, 73, 'GRANTED', '2021-12-28', '2021-12-29', 28);
insert into Reservations (Reservation_id, User_id, Status, Reservation_date, Pickup_date, Book_id) values (66, 4, 'GRANTED', '2021-07-27', '2021-08-01', 282);
insert into Reservations (Reservation_id, User_id, Status, Reservation_date, Pickup_date, Book_id) values (67, 26, 'GRANTED', '2021-12-16', '2021-12-17', 261);
insert into Reservations (Reservation_id, User_id, Status, Reservation_date, Pickup_date, Book_id) values (68, 18, 'GRANTED', '2022-04-07', '2022-04-09', 85);
insert into Reservations (Reservation_id, User_id, Status, Reservation_date, Pickup_date, Book_id) values (69, 49, 'GRANTED', '2022-03-02', '2022-03-05', 250);
insert into Reservations (Reservation_id, User_id, Status, Reservation_date, Pickup_date, Book_id) values (70, 39, 'GRANTED', '2022-05-26', '2022-05-27', 47);
insert into Reservations (Reservation_id, User_id, Status, Reservation_date, Pickup_date, Book_id) values (71, 51, 'GRANTED', '2023-06-02', '2023-06-07', 157);
insert into Reservations (Reservation_id, User_id, Status, Reservation_date, Pickup_date, Book_id) values (72, 11, 'GRANTED', '2023-04-15', '2023-04-18', 200);

/* INSERT OLD REVIEWS */

insert into Reviews (Review_id, ISBN, User_id, Review_date, Text, Score, Status) values (1, '999346577-1', 63, '2021-11-20', 'magna vulputate luctus cum sociis natoque penatibus et magnis dis parturient montes nascetur ridiculus mus vivamus vestibulum sagittis sapien cum sociis natoque penatibus et magnis dis parturient montes nascetur ridiculus mus etiam vel augue vestibulum rutrum rutrum neque aenean auctor gravida sem praesent id massa id nisl venenatis lacinia aenean sit amet justo morbi ut odio cras mi pede', 3, 'GRANTED');
insert into Reviews (Review_id, ISBN, User_id, Review_date, Text, Score, Status) values (2, '274258625-3', 9, '2022-05-07', 'nullam varius nulla facilisi cras non velit nec nisi vulputate nonummy maecenas tincidunt lacus at velit vivamus vel nulla eget eros elementum pellentesque quisque porta volutpat erat quisque erat eros viverra eget congue eget semper rutrum nulla nunc purus phasellus in felis donec semper sapien a libero nam dui proin leo odio porttitor id consequat in consequat ut nulla sed accumsan felis ut at dolor quis odio consequat varius integer ac leo pellentesque ultrices mattis odio donec vitae nisi nam ultrices libero non mattis pulvinar nulla pede ullamcorper augue a suscipit nulla elit ac nulla sed vel enim', 5, 'GRANTED');
insert into Reviews (Review_id, ISBN, User_id, Review_date, Text, Score, Status) values (3, '445687793-6', 35, '2021-11-21', 'primis in faucibus orci luctus et ultrices posuere cubilia curae mauris viverra diam vitae quam suspendisse potenti nullam porttitor lacus at turpis donec posuere metus vitae ipsum aliquam non mauris morbi non lectus aliquam sit amet diam in magna bibendum imperdiet nullam orci pede venenatis non sodales sed tincidunt eu felis fusce posuere felis sed lacus morbi sem mauris laoreet ut rhoncus aliquet pulvinar sed nisl nunc rhoncus dui vel sem sed sagittis', 4, 'GRANTED');
insert into Reviews (Review_id, ISBN, User_id, Review_date, Text, Score, Status) values (4, '764884073-1', 60, '2022-02-02', 'ac diam cras pellentesque volutpat dui maecenas tristique est et tempus semper est quam pharetra magna ac consequat metus sapien ut nunc vestibulum ante ipsum primis in faucibus orci luctus et ultrices posuere cubilia curae mauris viverra diam vitae quam suspendisse potenti nullam porttitor lacus at turpis donec posuere metus vitae ipsum aliquam non mauris morbi non lectus aliquam sit amet diam in magna', 3, 'GRANTED');
insert into Reviews (Review_id, ISBN, User_id, Review_date, Text, Score, Status) values (5, '751010292-8', 7, '2023-04-23', 'in magna bibendum imperdiet nullam orci pede venenatis non sodales sed tincidunt eu felis fusce posuere felis sed lacus morbi sem mauris laoreet ut rhoncus aliquet pulvinar sed nisl nunc rhoncus dui vel sem sed sagittis nam congue risus semper porta volutpat quam pede lobortis ligula sit amet eleifend pede libero quis orci nullam molestie nibh in lectus pellentesque at nulla suspendisse potenti cras in purus eu magna vulputate luctus cum sociis natoque penatibus et magnis dis parturient montes nascetur ridiculus mus vivamus vestibulum sagittis', 2, 'GRANTED');
insert into Reviews (Review_id, ISBN, User_id, Review_date, Text, Score, Status) values (6, '940271712-9', 23, '2021-12-05', 'duis faucibus accumsan odio curabitur convallis duis consequat dui nec nisi volutpat eleifend donec ut dolor morbi vel lectus in quam fringilla rhoncus mauris enim leo rhoncus sed vestibulum sit amet cursus id turpis integer aliquet massa id lobortis', 2, 'GRANTED');
insert into Reviews (Review_id, ISBN, User_id, Review_date, Text, Score, Status) values (7, '311045061-5', 26, '2022-02-22', 'diam vitae quam suspendisse potenti nullam porttitor lacus at turpis donec posuere metus vitae ipsum aliquam non mauris morbi non lectus aliquam sit amet diam in magna bibendum imperdiet nullam orci pede venenatis non sodales sed tincidunt eu felis fusce posuere felis sed lacus morbi sem mauris laoreet ut rhoncus aliquet pulvinar sed nisl nunc rhoncus dui vel sem sed sagittis nam congue risus semper porta volutpat quam pede lobortis ligula sit amet eleifend pede libero quis orci', 5, 'GRANTED');
insert into Reviews (Review_id, ISBN, User_id, Review_date, Text, Score, Status) values (8, '530652409-5', 42, '2022-05-23', 'hac habitasse platea dictumst maecenas ut massa quis augue luctus tincidunt nulla mollis molestie lorem quisque ut erat curabitur gravida nisi at', 2, 'GRANTED');
insert into Reviews (Review_id, ISBN, User_id, Review_date, Text, Score, Status) values (9, '464034332-9', 26, '2022-02-05', null, 5, 'GRANTED');
insert into Reviews (Review_id, ISBN, User_id, Review_date, Text, Score, Status) values (10, '533675037-9', 52, '2022-07-17', 'ut mauris eget massa tempor convallis nulla neque libero convallis eget eleifend luctus ultricies eu nibh quisque id justo sit amet sapien dignissim vestibulum vestibulum ante ipsum primis in faucibus orci luctus et ultrices posuere cubilia curae nulla dapibus dolor vel est donec odio justo sollicitudin ut suscipit a feugiat et eros vestibulum ac est lacinia nisi venenatis tristique fusce congue diam id ornare imperdiet sapien urna pretium nisl ut volutpat sapien arcu sed augue aliquam erat volutpat in congue etiam justo etiam pretium iaculis', 1, 'GRANTED');
insert into Reviews (Review_id, ISBN, User_id, Review_date, Text, Score, Status) values (11, '035653718-8', 37, '2023-06-25', 'fermentum donec ut mauris eget massa tempor convallis nulla neque libero convallis eget eleifend luctus ultricies eu nibh quisque id justo sit amet sapien dignissim vestibulum vestibulum ante ipsum primis in faucibus orci luctus et ultrices posuere cubilia curae nulla dapibus dolor vel est donec odio justo sollicitudin ut suscipit a feugiat et eros vestibulum ac est lacinia nisi venenatis tristique fusce congue diam id ornare imperdiet sapien urna pretium nisl', 2, 'GRANTED');
insert into Reviews (Review_id, ISBN, User_id, Review_date, Text, Score, Status) values (12, '311045061-5', 2, '2022-04-08', 'maecenas tincidunt lacus at velit vivamus vel nulla eget eros elementum pellentesque quisque porta volutpat erat quisque erat eros viverra eget congue eget semper rutrum nulla nunc purus phasellus in felis donec semper sapien a libero nam dui proin leo odio porttitor id consequat in consequat ut nulla sed accumsan felis ut at dolor quis odio consequat varius integer ac leo pellentesque ultrices mattis odio donec vitae nisi nam ultrices libero non mattis pulvinar nulla pede ullamcorper', 1, 'GRANTED');
insert into Reviews (Review_id, ISBN, User_id, Review_date, Text, Score, Status) values (13, '105473640-5', 28, '2022-12-23', 'vestibulum rutrum rutrum neque aenean auctor gravida sem praesent id massa id nisl venenatis lacinia aenean sit amet justo morbi ut odio cras mi pede malesuada in imperdiet et commodo vulputate justo in blandit ultrices enim lorem ipsum dolor sit amet consectetuer adipiscing elit proin interdum mauris non ligula pellentesque ultrices phasellus id sapien in', 4, 'GRANTED');
insert into Reviews (Review_id, ISBN, User_id, Review_date, Text, Score, Status) values (14, '464034332-9', 1, '2023-04-27', 'quis turpis eget elit sodales scelerisque mauris sit amet eros suspendisse accumsan tortor quis turpis sed ante vivamus tortor duis mattis egestas metus aenean fermentum donec ut mauris eget massa tempor convallis nulla neque libero convallis', 2, 'GRANTED');
insert into Reviews (Review_id, ISBN, User_id, Review_date, Text, Score, Status) values (15, '445687793-6', 48, '2022-04-05', 'diam cras pellentesque volutpat dui maecenas tristique est et tempus semper est quam pharetra magna ac consequat metus sapien ut nunc vestibulum ante ipsum primis in faucibus orci luctus et ultrices posuere cubilia curae mauris viverra diam vitae quam suspendisse potenti nullam porttitor lacus at turpis donec posuere metus vitae ipsum aliquam non mauris morbi non lectus aliquam sit amet diam in magna bibendum imperdiet nullam orci pede venenatis non sodales sed tincidunt eu felis fusce posuere felis sed lacus morbi sem mauris laoreet ut rhoncus aliquet pulvinar sed nisl nunc rhoncus', 4, 'GRANTED');
insert into Reviews (Review_id, ISBN, User_id, Review_date, Text, Score, Status) values (16, '619018678-5', 6, '2022-11-28', 'sit amet diam in magna bibendum imperdiet nullam orci pede venenatis non sodales sed tincidunt eu felis fusce posuere felis sed lacus morbi sem mauris laoreet ut rhoncus aliquet pulvinar sed nisl nunc rhoncus dui vel sem sed sagittis nam congue risus semper porta volutpat quam pede lobortis ligula', 2, 'GRANTED');
insert into Reviews (Review_id, ISBN, User_id, Review_date, Text, Score, Status) values (17, '063994786-7', 25, '2021-10-06', 'non sodales sed tincidunt eu felis fusce posuere felis sed lacus morbi sem mauris laoreet ut rhoncus aliquet pulvinar sed nisl nunc rhoncus dui vel sem sed sagittis nam congue risus semper porta volutpat quam pede lobortis ligula sit amet eleifend pede libero quis orci nullam molestie nibh in lectus pellentesque at nulla suspendisse potenti cras in purus eu magna vulputate luctus cum sociis natoque penatibus et magnis dis parturient montes nascetur ridiculus mus vivamus vestibulum sagittis sapien cum sociis natoque penatibus et magnis dis parturient montes nascetur ridiculus mus etiam vel augue vestibulum rutrum rutrum neque aenean', 2, 'GRANTED');
insert into Reviews (Review_id, ISBN, User_id, Review_date, Text, Score, Status) values (18, '621208097-6', 18, '2022-04-19', 'nunc rhoncus dui vel sem sed sagittis nam congue risus semper porta volutpat quam pede lobortis', 5, 'GRANTED');
insert into Reviews (Review_id, ISBN, User_id, Review_date, Text, Score, Status) values (19, '412585693-1', 37, '2023-09-29', null, 5, 'GRANTED');
insert into Reviews (Review_id, ISBN, User_id, Review_date, Text, Score, Status) values (20, '779472209-8', 34, '2023-05-15', 'vestibulum sed magna at nunc commodo placerat praesent blandit nam nulla integer pede justo lacinia eget tincidunt eget tempus vel pede morbi porttitor lorem id ligula suspendisse ornare consequat lectus in est risus auctor sed tristique in tempus sit amet', 3, 'GRANTED');
insert into Reviews (Review_id, ISBN, User_id, Review_date, Text, Score, Status) values (21, '568632440-9', 11, '2023-05-14', 'tincidunt ante vel ipsum praesent blandit lacinia erat vestibulum sed magna at nunc commodo placerat praesent blandit nam nulla integer pede justo lacinia eget tincidunt eget tempus vel pede morbi porttitor lorem id ligula suspendisse ornare consequat lectus in est risus auctor sed tristique in tempus sit amet sem fusce consequat nulla nisl nunc nisl duis bibendum felis sed interdum venenatis turpis enim blandit mi in porttitor pede', 2, 'GRANTED');
insert into Reviews (Review_id, ISBN, User_id, Review_date, Text, Score, Status) values (22, '848735059-3', 24, '2021-09-28', 'quam suspendisse potenti nullam porttitor lacus at turpis donec posuere metus vitae ipsum aliquam non mauris morbi non lectus aliquam sit amet diam in magna bibendum imperdiet nullam orci pede venenatis non sodales sed tincidunt', 2, 'GRANTED');
insert into Reviews (Review_id, ISBN, User_id, Review_date, Text, Score, Status) values (23, '181592295-8', 50, '2022-01-30', 'vulputate nonummy maecenas tincidunt lacus at velit vivamus vel nulla eget eros elementum pellentesque quisque porta volutpat erat quisque erat eros viverra eget congue eget semper rutrum nulla nunc purus phasellus in felis donec semper sapien a libero nam dui proin leo odio porttitor id consequat in consequat ut nulla sed accumsan felis ut at dolor quis odio consequat varius integer ac leo pellentesque ultrices mattis odio donec vitae nisi nam ultrices libero non mattis pulvinar nulla pede ullamcorper augue a suscipit', 5, 'GRANTED');
insert into Reviews (Review_id, ISBN, User_id, Review_date, Text, Score, Status) values (24, '367610946-5', 67, '2023-03-31', 'ut tellus nulla ut erat id mauris vulputate elementum nullam varius nulla facilisi cras non velit nec nisi vulputate nonummy maecenas tincidunt lacus at velit vivamus', 4, 'GRANTED');
insert into Reviews (Review_id, ISBN, User_id, Review_date, Text, Score, Status) values (25, '286591392-9', 44, '2021-10-15', 'enim in tempor turpis nec euismod scelerisque quam turpis adipiscing lorem vitae mattis nibh ligula nec sem duis aliquam convallis nunc proin at turpis a pede posuere nonummy integer non velit donec diam neque vestibulum eget vulputate ut ultrices vel augue vestibulum ante ipsum primis in faucibus orci luctus et ultrices posuere cubilia curae donec pharetra magna vestibulum aliquet ultrices erat tortor sollicitudin mi sit amet lobortis', 3, 'GRANTED');
insert into Reviews (Review_id, ISBN, User_id, Review_date, Text, Score, Status) values (26, '312185510-7', 61, '2021-11-01', 'congue diam', 1, 'GRANTED');
insert into Reviews (Review_id, ISBN, User_id, Review_date, Text, Score, Status) values (27, '464034332-9', 24, '2021-11-22', 'donec pharetra magna vestibulum aliquet ultrices erat tortor sollicitudin mi sit amet lobortis sapien sapien non mi integer ac neque duis bibendum morbi non quam nec dui luctus rutrum nulla tellus in sagittis dui vel nisl duis ac nibh fusce lacus purus aliquet at feugiat non pretium quis lectus suspendisse potenti in eleifend quam a odio in hac habitasse platea dictumst maecenas ut massa quis augue luctus tincidunt nulla mollis molestie lorem quisque ut erat curabitur gravida nisi at nibh in hac habitasse platea dictumst aliquam augue quam', 5, 'GRANTED');
insert into Reviews (Review_id, ISBN, User_id, Review_date, Text, Score, Status) values (28, '334755997-5', 23, '2021-11-03', 'nulla tellus in sagittis dui vel nisl duis ac nibh fusce lacus purus aliquet at feugiat', 2, 'GRANTED');
insert into Reviews (Review_id, ISBN, User_id, Review_date, Text, Score, Status) values (29, '045094214-7', 20, '2023-08-06', 'rhoncus aliquet pulvinar sed nisl nunc rhoncus dui', 4, 'GRANTED');
insert into Reviews (Review_id, ISBN, User_id, Review_date, Text, Score, Status) values (30, '409539985-6', 31, '2021-10-22', 'elementum in hac habitasse platea dictumst morbi vestibulum velit id pretium iaculis diam erat fermentum justo', 5, 'GRANTED');
insert into Reviews (Review_id, ISBN, User_id, Review_date, Text, Score, Status) values (31, '543837623-9', 48, '2022-05-27', 'interdum venenatis turpis enim blandit mi in porttitor pede justo eu massa donec dapibus duis at velit eu est congue elementum in hac habitasse', 5, 'GRANTED');
insert into Reviews (Review_id, ISBN, User_id, Review_date, Text, Score, Status) values (32, '568632440-9', 39, '2022-08-16', null, 5, 'GRANTED');
insert into Reviews (Review_id, ISBN, User_id, Review_date, Text, Score, Status) values (33, '428330752-1', 23, '2021-11-20', 'eleifend quam a odio in hac habitasse platea dictumst maecenas ut massa quis augue luctus tincidunt nulla mollis molestie lorem quisque ut', 5, 'GRANTED');
insert into Reviews (Review_id, ISBN, User_id, Review_date, Text, Score, Status) values (34, '642428292-0', 51, '2023-06-11', null, 1, 'GRANTED');
insert into Reviews (Review_id, ISBN, User_id, Review_date, Text, Score, Status) values (35, '444040743-9', 71, '2022-02-17', 'pede posuere nonummy integer non velit donec diam neque vestibulum eget vulputate ut ultrices vel augue vestibulum ante ipsum primis in faucibus orci luctus et ultrices posuere cubilia curae donec pharetra magna vestibulum aliquet ultrices erat tortor sollicitudin mi sit amet lobortis sapien sapien non mi integer ac neque duis bibendum morbi non quam nec dui luctus rutrum nulla tellus in sagittis dui vel nisl duis ac nibh fusce lacus purus aliquet at feugiat non pretium quis lectus suspendisse potenti in eleifend quam a odio in hac habitasse platea dictumst maecenas', 3, 'GRANTED');
insert into Reviews (Review_id, ISBN, User_id, Review_date, Text, Score, Status) values (36, '180527993-9', 20, '2023-07-28', null, 5, 'GRANTED');
insert into Reviews (Review_id, ISBN, User_id, Review_date, Text, Score, Status) values (37, '868249354-3', 34, '2023-05-19', 'ac diam cras pellentesque volutpat dui maecenas tristique est et tempus semper est quam pharetra magna ac consequat metus sapien ut nunc vestibulum ante ipsum primis in faucibus orci luctus et ultrices posuere cubilia curae mauris viverra diam vitae quam suspendisse potenti nullam porttitor lacus at', 4, 'GRANTED');
insert into Reviews (Review_id, ISBN, User_id, Review_date, Text, Score, Status) values (38, '923675497-X', 5, '2022-05-12', 'velit donec diam neque vestibulum eget vulputate ut ultrices vel augue vestibulum ante ipsum primis in faucibus orci luctus et ultrices posuere cubilia curae donec pharetra magna vestibulum aliquet ultrices erat tortor sollicitudin mi sit amet lobortis sapien sapien non mi integer ac neque duis bibendum morbi non quam', 3, 'GRANTED');
insert into Reviews (Review_id, ISBN, User_id, Review_date, Text, Score, Status) values (39, '063994786-7', 43, '2023-02-20', 'cubilia curae donec pharetra magna vestibulum aliquet ultrices erat tortor sollicitudin mi sit amet lobortis sapien sapien non mi integer ac neque duis bibendum morbi non quam nec dui luctus rutrum nulla tellus in sagittis dui vel nisl duis ac nibh fusce lacus purus aliquet at feugiat non pretium quis lectus suspendisse potenti in', 4, 'GRANTED');
insert into Reviews (Review_id, ISBN, User_id, Review_date, Text, Score, Status) values (40, '568632440-9', 53, '2022-02-12', null, 5, 'GRANTED');
insert into Reviews (Review_id, ISBN, User_id, Review_date, Text, Score, Status) values (41, '923675497-X', 55, '2021-01-11', 'quam nec dui luctus rutrum nulla tellus in sagittis dui vel nisl duis ac nibh fusce lacus purus aliquet at feugiat non pretium quis lectus suspendisse potenti in eleifend quam a odio in hac habitasse platea dictumst maecenas ut massa quis augue luctus tincidunt nulla mollis molestie lorem quisque ut erat curabitur gravida nisi at nibh in hac habitasse platea dictumst aliquam augue quam sollicitudin vitae consectetuer eget rutrum at lorem integer tincidunt ante vel ipsum praesent blandit lacinia erat vestibulum sed magna at nunc commodo placerat praesent blandit nam nulla integer pede', 1, 'GRANTED');
insert into Reviews (Review_id, ISBN, User_id, Review_date, Text, Score, Status) values (42, '978371882-7', 37, '2023-06-11', 'blandit ultrices enim lorem ipsum dolor sit amet consectetuer adipiscing elit proin interdum mauris', 2, 'GRANTED');
insert into Reviews (Review_id, ISBN, User_id, Review_date, Text, Score, Status) values (43, '943037843-0', 71, '2022-02-09', 'ultrices vel augue vestibulum ante ipsum primis in faucibus orci luctus et ultrices posuere cubilia curae donec pharetra magna vestibulum aliquet ultrices erat tortor sollicitudin mi sit amet lobortis sapien sapien non mi integer ac', 2, 'GRANTED');
insert into Reviews (Review_id, ISBN, User_id, Review_date, Text, Score, Status) values (44, '180527993-9', 7, '2023-03-30', 'justo in blandit ultrices enim lorem ipsum dolor sit amet consectetuer adipiscing elit proin interdum mauris non ligula pellentesque ultrices phasellus id sapien in sapien iaculis congue vivamus metus arcu adipiscing molestie hendrerit at vulputate vitae nisl aenean lectus pellentesque eget nunc donec quis orci eget orci vehicula condimentum curabitur in libero ut massa volutpat convallis morbi odio odio elementum', 3, 'GRANTED');
insert into Reviews (Review_id, ISBN, User_id, Review_date, Text, Score, Status) values (45, '978526780-6', 5, '2022-06-03', null, 1, 'GRANTED');
insert into Reviews (Review_id, ISBN, User_id, Review_date, Text, Score, Status) values (46, '446529459-X', 74, '2023-04-23', null, 5, 'GRANTED');
insert into Reviews (Review_id, ISBN, User_id, Review_date, Text, Score, Status) values (47, '311045061-5', 41, '2023-07-04', 'libero quis orci nullam molestie nibh in lectus pellentesque at nulla suspendisse potenti cras in purus eu magna vulputate luctus cum sociis natoque penatibus et magnis dis parturient montes nascetur ridiculus mus vivamus vestibulum sagittis sapien cum sociis natoque penatibus et magnis dis parturient montes nascetur ridiculus mus etiam vel augue vestibulum rutrum rutrum neque aenean auctor gravida sem praesent id massa id nisl venenatis lacinia aenean sit amet justo morbi ut odio cras mi pede malesuada in imperdiet et commodo vulputate justo in blandit ultrices', 5, 'GRANTED');
insert into Reviews (Review_id, ISBN, User_id, Review_date, Text, Score, Status) values (48, '256744639-7', 48, '2022-03-02', 'nam dui proin leo odio porttitor id consequat in consequat ut nulla sed accumsan felis ut at dolor quis odio consequat varius integer ac leo pellentesque ultrices mattis odio donec vitae nisi nam ultrices libero non mattis pulvinar nulla pede ullamcorper augue a', 1, 'GRANTED');
insert into Reviews (Review_id, ISBN, User_id, Review_date, Text, Score, Status) values (49, '291272819-3', 14, '2022-05-06', null, 2, 'GRANTED');
insert into Reviews (Review_id, ISBN, User_id, Review_date, Text, Score, Status) values (50, '181592295-8', 4, '2021-08-16', 'fermentum justo nec condimentum neque sapien placerat ante nulla justo aliquam quis turpis eget elit sodales scelerisque mauris sit amet eros suspendisse accumsan tortor quis turpis sed ante vivamus tortor duis mattis egestas metus aenean fermentum donec ut mauris eget massa tempor convallis nulla neque', 5, 'GRANTED');
insert into Reviews (Review_id, ISBN, User_id, Review_date, Text, Score, Status) values (51, '535454084-4', 2, '2022-05-05', 'curae nulla dapibus dolor vel est donec odio justo sollicitudin ut suscipit a feugiat et eros vestibulum ac est lacinia nisi venenatis tristique fusce congue diam id ornare imperdiet sapien urna pretium nisl ut volutpat sapien arcu sed augue aliquam erat volutpat in congue etiam justo etiam pretium iaculis justo in hac habitasse platea dictumst etiam faucibus cursus urna ut tellus', 5, 'GRANTED');
insert into Reviews (Review_id, ISBN, User_id, Review_date, Text, Score, Status) values (52, '428330752-1', 48, '2022-06-07', 'pharetra magna vestibulum aliquet ultrices erat tortor sollicitudin mi sit amet lobortis sapien sapien non mi integer ac neque duis bibendum morbi non quam nec dui luctus rutrum nulla tellus in sagittis dui vel nisl duis ac nibh fusce lacus purus aliquet at feugiat non pretium quis lectus suspendisse potenti in eleifend quam a odio in hac habitasse platea dictumst maecenas ut massa quis augue luctus tincidunt nulla mollis molestie lorem', 1, 'GRANTED');
insert into Reviews (Review_id, ISBN, User_id, Review_date, Text, Score, Status) values (53, '307658291-7', 45, '2022-05-04', null, 3, 'GRANTED');
insert into Reviews (Review_id, ISBN, User_id, Review_date, Text, Score, Status) values (54, '412585693-1', 41, '2023-07-29', 'felis sed interdum venenatis turpis enim blandit mi in porttitor pede justo eu massa donec dapibus duis at', 5, 'GRANTED');
insert into Reviews (Review_id, ISBN, User_id, Review_date, Text, Score, Status) values (55, '802296206-6', 66, '2023-02-10', 'volutpat dui maecenas tristique est et tempus semper est quam pharetra magna ac consequat metus sapien ut nunc vestibulum ante ipsum primis in faucibus orci luctus et ultrices posuere cubilia curae mauris viverra diam vitae quam suspendisse potenti nullam porttitor lacus at turpis donec posuere metus vitae ipsum aliquam non mauris morbi non lectus aliquam sit amet diam in magna bibendum imperdiet nullam orci pede venenatis non sodales sed tincidunt eu', 5, 'GRANTED');
insert into Reviews (Review_id, ISBN, User_id, Review_date, Text, Score, Status) values (56, '568292203-4', 22, '2023-02-06', 'ac enim in tempor turpis nec euismod scelerisque quam turpis adipiscing lorem vitae mattis nibh ligula nec sem duis aliquam convallis nunc proin at turpis a pede posuere nonummy integer non velit donec diam neque vestibulum eget vulputate ut ultrices vel augue vestibulum ante ipsum primis in faucibus orci luctus et ultrices posuere cubilia curae donec pharetra magna vestibulum aliquet ultrices erat tortor sollicitudin mi sit amet lobortis sapien sapien non mi integer ac neque duis bibendum morbi non quam nec dui luctus rutrum nulla', 3, 'GRANTED');
insert into Reviews (Review_id, ISBN, User_id, Review_date, Text, Score, Status) values (57, '055577969-6', 72, '2022-06-01', 'hac habitasse platea dictumst etiam faucibus cursus urna ut tellus nulla ut erat id mauris vulputate elementum nullam varius nulla facilisi cras non velit nec nisi vulputate', 3, 'GRANTED');
insert into Reviews (Review_id, ISBN, User_id, Review_date, Text, Score, Status) values (58, '467960431-X', 16, '2022-08-17', null, 5, 'GRANTED');
insert into Reviews (Review_id, ISBN, User_id, Review_date, Text, Score, Status) values (59, '856429358-7', 43, '2023-01-30', 'et ultrices posuere cubilia curae duis faucibus accumsan odio curabitur convallis duis consequat dui nec', 3, 'GRANTED');
insert into Reviews (Review_id, ISBN, User_id, Review_date, Text, Score, Status) values (60, '312185510-7', 46, '2022-03-15', 'id mauris vulputate elementum nullam varius nulla facilisi cras non velit nec nisi vulputate nonummy maecenas tincidunt lacus at velit vivamus vel nulla eget eros elementum pellentesque quisque porta volutpat erat quisque erat eros', 1, 'GRANTED');
insert into Reviews (Review_id, ISBN, User_id, Review_date, Text, Score, Status) values (61, '752859166-1', 19, '2021-10-25', 'amet diam in magna bibendum imperdiet nullam orci pede venenatis non sodales sed tincidunt eu felis fusce posuere felis sed lacus morbi sem mauris laoreet ut rhoncus aliquet pulvinar sed nisl nunc rhoncus dui vel sem sed sagittis nam congue risus semper porta volutpat quam pede lobortis ligula sit', 1, 'GRANTED');
insert into Reviews (Review_id, ISBN, User_id, Review_date, Text, Score, Status) values (62, '978371882-7', 62, '2023-08-08', 'fusce congue diam id ornare imperdiet sapien urna pretium nisl ut volutpat sapien arcu sed augue aliquam erat volutpat in congue etiam justo etiam pretium iaculis justo in hac habitasse platea dictumst etiam faucibus cursus urna ut tellus nulla ut erat id mauris vulputate elementum nullam', 4, 'GRANTED');
insert into Reviews (Review_id, ISBN, User_id, Review_date, Text, Score, Status) values (63, '923675497-X', 40, '2023-01-21', null, 4, 'GRANTED');
insert into Reviews (Review_id, ISBN, User_id, Review_date, Text, Score, Status) values (64, '999346577-1', 64, '2023-02-10', null, 1, 'GRANTED');
insert into Reviews (Review_id, ISBN, User_id, Review_date, Text, Score, Status) values (65, '312846511-8', 5, '2022-05-22', 'mi pede malesuada in imperdiet et commodo vulputate justo in blandit ultrices enim lorem ipsum dolor sit amet consectetuer adipiscing elit proin', 2, 'GRANTED');
insert into Reviews (Review_id, ISBN, User_id, Review_date, Text, Score, Status) values (66, '648506248-3', 25, '2021-08-02', 'convallis eget eleifend luctus ultricies eu nibh quisque id justo sit amet sapien dignissim vestibulum vestibulum ante ipsum primis in faucibus orci luctus et ultrices posuere cubilia curae nulla dapibus dolor vel est donec odio justo sollicitudin ut suscipit a feugiat et eros vestibulum ac est lacinia nisi venenatis tristique fusce congue diam id ornare imperdiet sapien urna pretium nisl ut volutpat sapien arcu sed augue aliquam erat volutpat in congue etiam justo etiam pretium iaculis justo in hac habitasse platea dictumst etiam faucibus', 2, 'GRANTED');
insert into Reviews (Review_id, ISBN, User_id, Review_date, Text, Score, Status) values (67, '923675497-X', 65, '2022-08-24', 'at vulputate vitae nisl aenean lectus pellentesque eget nunc donec quis orci eget orci vehicula condimentum curabitur in libero ut massa volutpat convallis morbi odio odio elementum eu interdum eu tincidunt in leo maecenas pulvinar lobortis est phasellus sit amet erat nulla tempus vivamus in felis eu sapien cursus vestibulum proin eu mi nulla ac enim in tempor turpis nec euismod scelerisque quam turpis adipiscing lorem vitae mattis nibh ligula nec sem duis aliquam convallis nunc proin at turpis a pede posuere nonummy integer non velit donec diam neque vestibulum', 3, 'GRANTED');
insert into Reviews (Review_id, ISBN, User_id, Review_date, Text, Score, Status) values (68, '074872591-1', 11, '2023-07-15', 'ligula sit amet eleifend pede libero quis orci nullam molestie nibh in lectus pellentesque at nulla suspendisse potenti cras in purus eu magna vulputate luctus cum sociis natoque penatibus et magnis dis parturient montes nascetur ridiculus mus vivamus vestibulum sagittis sapien cum sociis natoque penatibus et magnis dis parturient montes nascetur ridiculus mus etiam vel augue vestibulum rutrum rutrum neque aenean auctor gravida sem praesent id massa id nisl venenatis lacinia aenean sit amet', 2, 'GRANTED');
insert into Reviews (Review_id, ISBN, User_id, Review_date, Text, Score, Status) values (69, '828439612-2', 62, '2023-06-15', null, 4, 'GRANTED');
insert into Reviews (Review_id, ISBN, User_id, Review_date, Text, Score, Status) values (70, '923675497-X', 54, '2023-01-10', 'vel augue vestibulum ante ipsum primis in faucibus orci luctus et ultrices posuere cubilia curae donec pharetra magna vestibulum aliquet ultrices erat tortor sollicitudin mi sit amet lobortis sapien sapien non mi integer ac neque duis bibendum morbi non quam nec dui luctus rutrum nulla tellus in sagittis dui vel nisl duis ac nibh fusce', 5, 'GRANTED');
insert into Reviews (Review_id, ISBN, User_id, Review_date, Text, Score, Status) values (71, '035653718-8', 42, '2022-03-02', 'morbi porttitor lorem id ligula suspendisse ornare consequat lectus in est risus auctor sed tristique in tempus sit amet sem fusce consequat nulla nisl nunc nisl duis bibendum felis sed interdum venenatis turpis enim blandit mi in porttitor pede justo eu massa donec dapibus duis at velit', 3, 'GRANTED');
insert into Reviews (Review_id, ISBN, User_id, Review_date, Text, Score, Status) values (72, '254582227-2', 20, '2023-07-20', 'habitasse platea dictumst morbi vestibulum velit id pretium iaculis diam erat fermentum justo nec condimentum neque sapien placerat ante nulla justo aliquam quis turpis eget elit sodales scelerisque mauris sit amet eros suspendisse accumsan tortor quis turpis sed ante vivamus tortor duis mattis egestas metus aenean fermentum donec ut mauris eget massa tempor convallis nulla neque libero convallis eget eleifend luctus ultricies eu nibh quisque id justo sit amet sapien dignissim vestibulum vestibulum ante ipsum primis in faucibus orci luctus et ultrices posuere cubilia curae nulla dapibus dolor vel est donec odio justo', 5, 'GRANTED');
insert into Reviews (Review_id, ISBN, User_id, Review_date, Text, Score, Status) values (73, '273847535-3', 64, '2022-12-11', 'tincidunt lacus at velit vivamus vel nulla eget eros elementum pellentesque quisque porta volutpat erat quisque erat eros viverra eget congue eget semper rutrum nulla nunc purus phasellus in felis donec semper sapien a libero nam dui', 4, 'GRANTED');
insert into Reviews (Review_id, ISBN, User_id, Review_date, Text, Score, Status) values (74, '556428089-X', 38, '2021-09-27', 'non quam nec dui luctus rutrum nulla tellus in sagittis dui vel nisl duis ac nibh fusce lacus purus aliquet at feugiat non pretium quis lectus suspendisse potenti in eleifend quam a odio in hac habitasse platea dictumst maecenas ut massa quis augue luctus tincidunt', 5, 'GRANTED');
insert into Reviews (Review_id, ISBN, User_id, Review_date, Text, Score, Status) values (75, '456548464-1', 40, '2022-11-01', 'justo sollicitudin ut suscipit a feugiat et eros vestibulum ac est lacinia nisi venenatis tristique fusce congue diam id ornare imperdiet sapien urna pretium nisl ut volutpat sapien arcu sed augue aliquam erat volutpat in congue etiam justo etiam pretium iaculis justo in hac habitasse platea dictumst etiam faucibus cursus urna ut tellus nulla ut erat id mauris vulputate elementum nullam varius nulla facilisi cras non velit nec nisi vulputate nonummy maecenas tincidunt lacus at velit vivamus vel nulla eget eros elementum pellentesque quisque porta volutpat erat quisque erat eros viverra eget congue eget semper rutrum nulla nunc', 2, 'GRANTED');
insert into Reviews (Review_id, ISBN, User_id, Review_date, Text, Score, Status) values (76, '455591386-8', 65, '2022-04-20', 'vel sem sed sagittis nam congue risus semper porta volutpat quam pede lobortis ligula sit amet eleifend pede libero quis orci nullam molestie nibh in lectus pellentesque at nulla suspendisse potenti cras in purus eu magna vulputate luctus cum sociis natoque penatibus et magnis dis parturient montes nascetur ridiculus mus vivamus vestibulum sagittis sapien cum sociis natoque penatibus et magnis dis parturient montes nascetur ridiculus mus etiam vel augue vestibulum rutrum rutrum neque aenean auctor gravida sem praesent id massa id nisl venenatis lacinia aenean sit amet justo morbi ut', 3, 'GRANTED');
insert into Reviews (Review_id, ISBN, User_id, Review_date, Text, Score, Status) values (77, '246142128-5', 74, '2023-09-07', null, 4, 'GRANTED');
insert into Reviews (Review_id, ISBN, User_id, Review_date, Text, Score, Status) values (78, '568632440-9', 14, '2022-04-16', 'adipiscing lorem vitae mattis nibh ligula nec sem duis aliquam convallis nunc proin at turpis a pede posuere nonummy integer non velit donec diam neque vestibulum eget vulputate ut ultrices vel augue vestibulum ante ipsum primis in faucibus orci luctus et ultrices posuere cubilia curae donec pharetra magna vestibulum aliquet ultrices erat tortor sollicitudin mi sit amet', 3, 'GRANTED');
insert into Reviews (Review_id, ISBN, User_id, Review_date, Text, Score, Status) values (79, '642528595-8', 65, '2022-04-16', null, 3, 'GRANTED');
insert into Reviews (Review_id, ISBN, User_id, Review_date, Text, Score, Status) values (80, '522930878-8', 21, '2022-01-11', null, 2, 'GRANTED');
insert into Reviews (Review_id, ISBN, User_id, Review_date, Text, Score, Status) values (81, '980456902-7', 42, '2022-03-10', null, 3, 'GRANTED');
insert into Reviews (Review_id, ISBN, User_id, Review_date, Text, Score, Status) values (82, '665791057-6', 41, '2023-07-12', 'odio donec vitae nisi nam ultrices libero non mattis pulvinar nulla pede ullamcorper augue a suscipit nulla elit ac nulla sed vel enim sit amet nunc viverra dapibus nulla suscipit ligula in lacus curabitur at ipsum ac tellus semper interdum', 5, 'GRANTED');
insert into Reviews (Review_id, ISBN, User_id, Review_date, Text, Score, Status) values (83, '011065924-4', 57, '2022-06-03', 'vulputate nonummy maecenas tincidunt lacus at velit vivamus vel nulla eget eros elementum pellentesque quisque porta volutpat erat quisque erat eros viverra eget congue eget semper rutrum nulla nunc purus phasellus in felis donec semper sapien a libero nam dui proin leo odio porttitor id consequat in consequat ut nulla sed accumsan felis ut at dolor quis odio consequat varius integer ac leo pellentesque ultrices mattis odio donec vitae nisi', 5, 'GRANTED');
insert into Reviews (Review_id, ISBN, User_id, Review_date, Text, Score, Status) values (84, '764884073-1', 44, '2021-06-20', 'bibendum morbi non quam nec dui luctus rutrum nulla tellus in sagittis dui vel nisl duis ac nibh fusce lacus purus aliquet at feugiat non pretium quis lectus suspendisse potenti in eleifend quam a odio in hac habitasse platea dictumst maecenas ut massa quis augue luctus tincidunt nulla mollis molestie lorem quisque ut erat curabitur gravida nisi at nibh in hac habitasse platea dictumst aliquam augue quam sollicitudin vitae consectetuer eget rutrum at lorem integer tincidunt ante vel ipsum praesent blandit lacinia erat vestibulum sed magna at nunc commodo placerat praesent blandit', 5, 'GRANTED');
insert into Reviews (Review_id, ISBN, User_id, Review_date, Text, Score, Status) values (85, '850155164-3', 42, '2022-04-14', 'tincidunt lacus at velit vivamus vel nulla eget eros elementum pellentesque quisque porta volutpat erat quisque erat eros viverra eget congue eget semper rutrum nulla nunc purus phasellus in felis donec semper sapien a libero nam dui proin leo odio porttitor id consequat in consequat ut nulla sed accumsan felis ut at dolor quis odio consequat varius integer ac leo pellentesque ultrices mattis odio donec vitae nisi nam ultrices libero non mattis pulvinar nulla', 1, 'GRANTED');
insert into Reviews (Review_id, ISBN, User_id, Review_date, Text, Score, Status) values (86, '750367191-2', 21, '2021-12-17', null, 4, 'GRANTED');
insert into Reviews (Review_id, ISBN, User_id, Review_date, Text, Score, Status) values (87, '456548464-1', 73, '2022-02-12', null, 2, 'GRANTED');
insert into Reviews (Review_id, ISBN, User_id, Review_date, Text, Score, Status) values (88, '367610946-5', 56, '2023-08-30', 'ante vivamus tortor duis mattis', 4, 'GRANTED');
insert into Reviews (Review_id, ISBN, User_id, Review_date, Text, Score, Status) values (89, '642528595-8', 52, '2022-06-24', 'ante vestibulum ante ipsum primis in faucibus orci luctus et ultrices posuere cubilia curae duis faucibus accumsan odio curabitur convallis duis consequat dui nec nisi volutpat eleifend donec ut dolor morbi vel lectus in quam fringilla rhoncus mauris enim leo rhoncus sed vestibulum sit amet cursus id turpis integer aliquet massa id lobortis convallis tortor risus dapibus augue', 2, 'GRANTED');
insert into Reviews (Review_id, ISBN, User_id, Review_date, Text, Score, Status) values (90, '866618754-9', 46, '2022-07-14', null, 5, 'GRANTED');
insert into Reviews (Review_id, ISBN, User_id, Review_date, Text, Score, Status) values (91, '428330752-1', 27, '2022-09-23', 'luctus et ultrices posuere cubilia curae nulla dapibus dolor vel est donec odio justo sollicitudin ut suscipit a feugiat et eros vestibulum ac est lacinia nisi venenatis tristique fusce congue diam id ornare imperdiet sapien urna pretium nisl ut volutpat sapien arcu sed augue aliquam erat volutpat in congue etiam justo etiam pretium iaculis justo in hac habitasse platea dictumst etiam faucibus cursus urna ut tellus nulla ut erat id mauris vulputate elementum nullam varius nulla facilisi cras non velit nec nisi vulputate nonummy maecenas tincidunt lacus at velit vivamus vel nulla eget eros elementum pellentesque', 5, 'GRANTED');
insert into Reviews (Review_id, ISBN, User_id, Review_date, Text, Score, Status) values (92, '071106571-3', 61, '2021-09-17', 'morbi non quam nec dui luctus rutrum nulla tellus in sagittis dui vel nisl duis ac nibh fusce lacus purus aliquet at feugiat non pretium quis lectus suspendisse potenti in eleifend quam a odio in hac habitasse platea dictumst maecenas ut massa quis augue luctus tincidunt nulla mollis molestie lorem quisque ut erat curabitur gravida nisi at nibh in hac habitasse platea dictumst aliquam augue quam sollicitudin vitae consectetuer eget rutrum at lorem integer tincidunt ante vel ipsum praesent blandit lacinia erat vestibulum sed magna at nunc commodo placerat praesent blandit nam nulla', 5, 'GRANTED');
insert into Reviews (Review_id, ISBN, User_id, Review_date, Text, Score, Status) values (93, '813320838-6', 7, '2023-01-02', 'platea dictumst etiam faucibus cursus urna ut tellus nulla ut erat id mauris vulputate elementum nullam varius nulla facilisi cras non velit nec nisi vulputate nonummy maecenas tincidunt lacus at velit vivamus vel nulla eget eros elementum pellentesque', 3, 'GRANTED');
insert into Reviews (Review_id, ISBN, User_id, Review_date, Text, Score, Status) values (94, '307642384-3', 65, '2022-08-06', null, 1, 'GRANTED');
insert into Reviews (Review_id, ISBN, User_id, Review_date, Text, Score, Status) values (95, '273847535-3', 5, '2022-06-07', 'fermentum donec ut mauris eget massa tempor convallis nulla neque libero convallis eget eleifend luctus ultricies eu nibh quisque id justo sit amet sapien dignissim vestibulum vestibulum ante ipsum primis in faucibus orci luctus et ultrices posuere cubilia curae nulla dapibus dolor vel est donec odio justo sollicitudin ut suscipit a feugiat et eros vestibulum ac est lacinia nisi venenatis tristique fusce congue diam id ornare imperdiet sapien urna pretium nisl ut volutpat sapien arcu sed augue aliquam erat volutpat in congue etiam justo etiam pretium iaculis justo in hac habitasse platea dictumst etiam faucibus cursus', 1, 'GRANTED');
insert into Reviews (Review_id, ISBN, User_id, Review_date, Text, Score, Status) values (96, '105473640-5', 40, '2022-12-10', 'dui proin leo odio porttitor id consequat in consequat ut nulla sed accumsan felis ut at dolor quis odio consequat varius integer ac leo pellentesque ultrices mattis odio donec vitae nisi nam ultrices libero non mattis pulvinar nulla pede ullamcorper augue a suscipit nulla elit ac nulla sed vel enim', 1, 'GRANTED');
insert into Reviews (Review_id, ISBN, User_id, Review_date, Text, Score, Status) values (97, '999346577-1', 9, '2022-07-30', 'eu interdum eu', 4, 'GRANTED');
insert into Reviews (Review_id, ISBN, User_id, Review_date, Text, Score, Status) values (98, '317544039-8', 53, '2022-01-29', 'in quam fringilla rhoncus mauris enim leo rhoncus sed vestibulum sit amet cursus id turpis integer aliquet massa id lobortis convallis tortor risus dapibus augue vel accumsan tellus nisi eu orci mauris lacinia sapien quis libero nullam sit amet turpis elementum ligula vehicula consequat morbi a ipsum integer a nibh in quis justo', 1, 'GRANTED');
insert into Reviews (Review_id, ISBN, User_id, Review_date, Text, Score, Status) values (99, '909260968-4', 9, '2022-05-13', 'convallis nulla neque libero convallis eget eleifend luctus ultricies eu nibh quisque id justo sit amet sapien dignissim vestibulum vestibulum ante ipsum primis in faucibus orci luctus et ultrices posuere cubilia curae nulla dapibus dolor vel est donec odio justo sollicitudin ut suscipit a feugiat et eros vestibulum ac est lacinia', 2, 'GRANTED');
insert into Reviews (Review_id, ISBN, User_id, Review_date, Text, Score, Status) values (100, '334755997-5', 48, '2022-07-17', 'dui maecenas tristique est et tempus semper est quam pharetra magna ac consequat metus sapien ut nunc vestibulum ante ipsum primis in faucibus orci luctus et ultrices posuere cubilia curae mauris viverra diam vitae quam suspendisse potenti nullam porttitor lacus at turpis donec posuere metus vitae ipsum aliquam non mauris morbi non lectus aliquam sit amet diam in magna bibendum imperdiet nullam orci pede venenatis non sodales sed tincidunt eu felis fusce posuere felis sed lacus morbi sem mauris', 2, 'GRANTED');
insert into Reviews (Review_id, ISBN, User_id, Review_date, Text, Score, Status) values (101, '274258625-3', 64, '2022-11-13', 'lobortis convallis tortor risus dapibus augue vel accumsan tellus nisi eu orci mauris lacinia sapien quis libero nullam sit amet turpis elementum ligula vehicula consequat morbi a ipsum integer', 5, 'GRANTED');
insert into Reviews (Review_id, ISBN, User_id, Review_date, Text, Score, Status) values (102, '392539793-0', 65, '2022-06-12', 'sed vestibulum sit amet cursus id turpis integer aliquet massa id lobortis convallis tortor risus dapibus augue vel accumsan tellus nisi eu orci mauris lacinia sapien quis libero nullam sit amet turpis', 5, 'GRANTED');
insert into Reviews (Review_id, ISBN, User_id, Review_date, Text, Score, Status) values (103, '678497433-6', 50, '2022-04-13', 'elementum in hac habitasse platea dictumst morbi vestibulum velit id pretium iaculis diam erat fermentum justo nec condimentum neque sapien placerat', 4, 'GRANTED');
insert into Reviews (Review_id, ISBN, User_id, Review_date, Text, Score, Status) values (104, '307642384-3', 32, '2021-06-13', 'nullam molestie nibh in lectus pellentesque at nulla suspendisse potenti cras in purus eu magna vulputate luctus cum sociis natoque penatibus et magnis dis parturient montes nascetur ridiculus mus vivamus vestibulum sagittis sapien cum sociis natoque penatibus et magnis dis parturient montes nascetur ridiculus mus etiam vel augue vestibulum rutrum rutrum neque aenean auctor gravida sem praesent id massa id nisl venenatis lacinia aenean sit amet justo morbi ut odio cras mi pede malesuada in imperdiet et commodo vulputate justo in blandit ultrices enim lorem ipsum dolor sit amet consectetuer adipiscing', 3, 'GRANTED');
insert into Reviews (Review_id, ISBN, User_id, Review_date, Text, Score, Status) values (105, '868249354-3', 52, '2022-07-24', 'ut massa volutpat convallis morbi', 5, 'GRANTED');
insert into Reviews (Review_id, ISBN, User_id, Review_date, Text, Score, Status) values (106, '071106571-3', 10, '2022-06-24', 'ac neque duis bibendum morbi non quam nec dui luctus rutrum nulla tellus in sagittis dui vel nisl duis ac', 4, 'GRANTED');
insert into Reviews (Review_id, ISBN, User_id, Review_date, Text, Score, Status) values (107, '286591392-9', 60, '2021-12-03', 'lobortis convallis tortor risus dapibus augue vel accumsan tellus nisi eu orci mauris lacinia sapien quis libero nullam sit amet turpis elementum ligula vehicula consequat morbi a ipsum integer a nibh in quis justo maecenas rhoncus aliquam lacus morbi quis tortor id nulla ultrices aliquet maecenas leo odio condimentum id luctus nec molestie sed justo pellentesque viverra pede ac diam cras pellentesque volutpat dui maecenas tristique est et tempus semper est quam pharetra magna ac consequat', 1, 'GRANTED');
insert into Reviews (Review_id, ISBN, User_id, Review_date, Text, Score, Status) values (108, '848735059-3', 8, '2023-04-09', null, 5, 'GRANTED');
insert into Reviews (Review_id, ISBN, User_id, Review_date, Text, Score, Status) values (109, '779472209-8', 46, '2022-07-23', 'maecenas tristique est et tempus semper est quam pharetra magna ac consequat metus sapien ut nunc vestibulum ante ipsum primis in faucibus orci luctus et ultrices posuere cubilia curae mauris viverra diam vitae quam suspendisse potenti nullam porttitor lacus at turpis donec posuere metus vitae ipsum aliquam non mauris morbi non lectus aliquam sit amet diam in magna bibendum imperdiet nullam orci pede venenatis non sodales sed tincidunt', 5, 'GRANTED');
insert into Reviews (Review_id, ISBN, User_id, Review_date, Text, Score, Status) values (110, '750367191-2', 55, '2021-04-07', 'porttitor pede justo eu massa donec dapibus duis at velit eu est congue elementum in hac habitasse platea dictumst morbi vestibulum velit id pretium iaculis diam erat fermentum justo nec condimentum neque sapien placerat ante nulla justo aliquam quis turpis eget elit sodales scelerisque mauris sit amet eros suspendisse accumsan tortor quis turpis', 1, 'GRANTED');
insert into Reviews (Review_id, ISBN, User_id, Review_date, Text, Score, Status) values (111, '856429358-7', 8, '2023-04-29', 'pretium quis lectus suspendisse potenti in eleifend quam a odio in hac habitasse platea dictumst maecenas ut massa quis augue luctus tincidunt nulla mollis molestie lorem quisque ut erat curabitur gravida nisi at nibh in hac habitasse platea dictumst aliquam augue quam sollicitudin vitae consectetuer eget rutrum at lorem integer tincidunt ante vel ipsum praesent blandit lacinia erat vestibulum sed magna at nunc commodo', 5, 'GRANTED');
insert into Reviews (Review_id, ISBN, User_id, Review_date, Text, Score, Status) values (112, '850155164-3', 33, '2021-04-17', 'integer ac neque duis bibendum morbi non quam nec dui luctus rutrum nulla tellus in sagittis dui vel nisl duis ac nibh fusce lacus purus aliquet at feugiat non pretium quis lectus suspendisse potenti in eleifend quam a odio in hac habitasse platea dictumst maecenas ut massa quis', 3, 'GRANTED');
insert into Reviews (Review_id, ISBN, User_id, Review_date, Text, Score, Status) values (113, '254582227-2', 3, '2023-05-26', 'varius ut blandit non interdum in ante vestibulum ante ipsum primis in faucibus orci luctus et ultrices posuere cubilia curae duis faucibus accumsan odio curabitur convallis duis', 1, 'GRANTED');
insert into Reviews (Review_id, ISBN, User_id, Review_date, Text, Score, Status) values (114, '074872591-1', 15, '2022-11-07', 'aliquam sit amet diam in magna bibendum imperdiet nullam orci pede venenatis non sodales sed tincidunt eu felis fusce posuere felis sed lacus morbi sem mauris laoreet ut rhoncus aliquet pulvinar sed nisl nunc rhoncus dui vel sem sed sagittis nam congue risus semper porta volutpat quam pede lobortis ligula sit amet eleifend pede libero quis orci nullam', 2, 'GRANTED');
insert into Reviews (Review_id, ISBN, User_id, Review_date, Text, Score, Status) values (115, '312185510-7', 43, '2023-04-01', 'donec vitae nisi nam ultrices libero non mattis pulvinar nulla pede ullamcorper augue a suscipit nulla elit ac nulla sed vel enim sit amet nunc', 1, 'GRANTED');
insert into Reviews (Review_id, ISBN, User_id, Review_date, Text, Score, Status) values (116, '071106571-3', 46, '2022-06-02', 'risus praesent lectus vestibulum quam sapien varius ut blandit non interdum in ante vestibulum ante ipsum primis in faucibus orci luctus et ultrices posuere cubilia curae duis faucibus accumsan odio curabitur convallis duis consequat dui nec nisi volutpat eleifend donec ut dolor morbi vel lectus in quam fringilla rhoncus mauris enim leo rhoncus sed vestibulum sit amet cursus id turpis integer aliquet massa id lobortis convallis tortor risus dapibus augue vel accumsan tellus nisi eu orci mauris lacinia sapien quis libero nullam sit amet turpis elementum ligula', 2, 'GRANTED');
insert into Reviews (Review_id, ISBN, User_id, Review_date, Text, Score, Status) values (117, '286591392-9', 59, '2022-02-05', 'sed magna at nunc commodo placerat praesent blandit nam nulla integer pede justo lacinia eget tincidunt eget tempus vel pede morbi porttitor lorem id ligula suspendisse ornare consequat lectus in est risus auctor sed tristique in tempus sit amet sem fusce consequat nulla nisl nunc nisl duis bibendum felis sed interdum venenatis turpis enim blandit mi in porttitor pede justo eu massa donec dapibus duis at velit eu est congue elementum in hac habitasse platea dictumst morbi vestibulum velit id pretium iaculis diam', 3, 'GRANTED');
insert into Reviews (Review_id, ISBN, User_id, Review_date, Text, Score, Status) values (118, '937896130-4', 22, '2022-12-17', 'enim leo rhoncus sed vestibulum sit amet cursus id turpis integer aliquet massa id lobortis convallis tortor risus dapibus augue vel accumsan tellus nisi eu orci mauris lacinia sapien quis libero nullam sit amet turpis elementum ligula vehicula consequat morbi a ipsum integer a nibh in quis justo maecenas rhoncus aliquam lacus morbi quis tortor id nulla ultrices', 2, 'GRANTED');
insert into Reviews (Review_id, ISBN, User_id, Review_date, Text, Score, Status) values (119, '291272819-3', 32, '2021-05-07', null, 5, 'GRANTED');
insert into Reviews (Review_id, ISBN, User_id, Review_date, Text, Score, Status) values (120, '642428292-0', 10, '2022-05-15', 'potenti nullam porttitor lacus at turpis donec posuere metus vitae ipsum aliquam non mauris morbi non lectus aliquam sit amet diam in magna bibendum imperdiet nullam orci pede venenatis non sodales sed tincidunt eu felis fusce', 5, 'GRANTED');
insert into Reviews (Review_id, ISBN, User_id, Review_date, Text, Score, Status) values (121, '533675037-9', 9, '2022-05-09', 'aliquet ultrices erat tortor sollicitudin mi sit amet lobortis', 2, 'GRANTED');
insert into Reviews (Review_id, ISBN, User_id, Review_date, Text, Score, Status) values (122, '556428089-X', 56, '2023-07-17', 'urna ut tellus nulla ut erat id mauris vulputate elementum nullam varius nulla facilisi cras non velit nec nisi vulputate nonummy maecenas tincidunt lacus at velit vivamus vel nulla eget eros elementum pellentesque quisque porta volutpat erat quisque erat eros viverra eget', 3, 'GRANTED');
insert into Reviews (Review_id, ISBN, User_id, Review_date, Text, Score, Status) values (123, '750367191-2', 39, '2022-08-15', 'in hac habitasse platea dictumst morbi vestibulum velit id pretium iaculis diam erat fermentum justo nec condimentum neque sapien placerat ante nulla justo aliquam quis turpis eget elit sodales scelerisque mauris sit amet eros suspendisse accumsan tortor quis', 2, 'GRANTED');
insert into Reviews (Review_id, ISBN, User_id, Review_date, Text, Score, Status) values (124, '286591392-9', 64, '2023-02-13', 'vitae nisi nam ultrices libero non mattis pulvinar nulla pede ullamcorper augue a suscipit nulla elit ac nulla sed vel enim sit amet nunc viverra dapibus nulla suscipit ligula in lacus curabitur at ipsum', 2, 'GRANTED');
insert into Reviews (Review_id, ISBN, User_id, Review_date, Text, Score, Status) values (125, '999346577-1', 40, '2022-12-30', 'habitasse platea dictumst maecenas ut massa quis augue luctus tincidunt nulla mollis molestie lorem quisque ut erat curabitur gravida nisi at nibh in hac habitasse platea dictumst aliquam augue quam sollicitudin vitae consectetuer eget rutrum at lorem integer tincidunt ante vel ipsum praesent blandit lacinia erat vestibulum sed magna at nunc commodo placerat', 4, 'GRANTED');
insert into Reviews (Review_id, ISBN, User_id, Review_date, Text, Score, Status) values (126, '648506248-3', 47, '2022-02-28', 'blandit non interdum in ante vestibulum ante ipsum primis in faucibus orci luctus et ultrices posuere cubilia curae duis faucibus accumsan odio curabitur convallis duis consequat dui nec nisi volutpat eleifend donec ut dolor morbi vel lectus in quam fringilla rhoncus mauris enim leo rhoncus sed vestibulum sit amet cursus id turpis integer aliquet massa id lobortis convallis tortor risus dapibus augue vel accumsan tellus', 1, 'GRANTED');
insert into Reviews (Review_id, ISBN, User_id, Review_date, Text, Score, Status) values (127, '446529459-X', 6, '2022-12-29', 'elementum nullam varius nulla facilisi cras non velit nec nisi vulputate nonummy maecenas tincidunt lacus at velit vivamus vel nulla eget eros elementum pellentesque quisque porta volutpat erat quisque erat eros viverra eget congue eget semper', 5, 'GRANTED');
insert into Reviews (Review_id, ISBN, User_id, Review_date, Text, Score, Status) values (128, '533235522-X', 72, '2022-07-30', 'amet justo morbi ut odio cras mi pede malesuada in imperdiet et commodo vulputate justo in blandit ultrices enim lorem ipsum dolor sit amet consectetuer adipiscing elit proin interdum mauris non ligula pellentesque ultrices phasellus id sapien in sapien', 4, 'GRANTED');
insert into Reviews (Review_id, ISBN, User_id, Review_date, Text, Score, Status) values (129, '802296206-6', 2, '2022-01-11', 'ut mauris eget massa tempor convallis nulla neque libero convallis eget eleifend luctus ultricies eu nibh quisque id justo sit amet sapien dignissim vestibulum vestibulum ante ipsum primis in faucibus orci luctus et ultrices posuere cubilia curae nulla dapibus dolor vel est donec odio justo sollicitudin ut suscipit a feugiat et eros vestibulum ac est lacinia nisi venenatis tristique fusce congue diam id ornare imperdiet sapien urna pretium nisl ut volutpat sapien arcu sed augue', 3, 'GRANTED');
insert into Reviews (Review_id, ISBN, User_id, Review_date, Text, Score, Status) values (130, '055577969-6', 36, '2021-11-24', 'in tempus sit amet sem fusce consequat nulla nisl nunc nisl', 5, 'GRANTED');
insert into Reviews (Review_id, ISBN, User_id, Review_date, Text, Score, Status) values (131, '802296206-6', 66, '2023-02-18', 'fusce consequat nulla nisl nunc nisl duis bibendum felis sed interdum venenatis turpis enim blandit mi in porttitor pede justo eu massa donec dapibus duis at velit eu est congue elementum in hac habitasse platea dictumst morbi vestibulum velit id pretium iaculis diam erat fermentum justo nec condimentum neque sapien placerat ante nulla justo aliquam quis turpis eget elit sodales scelerisque mauris sit amet eros suspendisse accumsan tortor quis turpis sed ante vivamus tortor duis', 3, 'GRANTED');
insert into Reviews (Review_id, ISBN, User_id, Review_date, Text, Score, Status) values (132, '312185510-7', 62, '2023-05-01', 'in eleifend quam a odio in hac habitasse platea dictumst maecenas ut massa quis augue luctus tincidunt nulla mollis molestie lorem quisque', 3, 'GRANTED');
insert into Reviews (Review_id, ISBN, User_id, Review_date, Text, Score, Status) values (133, '009934891-8', 11, '2023-05-19', 'pede ac diam cras pellentesque volutpat dui maecenas tristique est et tempus semper est quam pharetra magna ac consequat metus sapien ut nunc vestibulum ante ipsum primis in faucibus orci luctus et ultrices posuere cubilia curae mauris viverra diam vitae quam suspendisse potenti nullam porttitor lacus at turpis donec posuere metus vitae ipsum aliquam non mauris morbi non lectus aliquam sit amet diam in magna bibendum imperdiet nullam orci pede venenatis non sodales sed tincidunt eu felis fusce posuere felis sed lacus morbi sem mauris', 3, 'GRANTED');
insert into Reviews (Review_id, ISBN, User_id, Review_date, Text, Score, Status) values (134, '312846511-8', 35, '2021-12-25', 'ut ultrices vel augue vestibulum ante ipsum primis in faucibus orci luctus et ultrices posuere cubilia curae donec pharetra magna vestibulum aliquet ultrices erat tortor', 3, 'GRANTED');
insert into Reviews (Review_id, ISBN, User_id, Review_date, Text, Score, Status) values (135, '256744639-7', 51, '2023-06-18', 'posuere felis sed lacus morbi sem mauris laoreet ut rhoncus aliquet pulvinar sed nisl nunc rhoncus dui vel sem sed sagittis nam congue risus semper porta volutpat quam pede lobortis ligula sit amet eleifend pede libero quis orci nullam molestie nibh in lectus pellentesque at nulla suspendisse potenti cras in purus eu magna vulputate luctus cum sociis natoque penatibus et magnis dis parturient montes nascetur ridiculus mus vivamus vestibulum sagittis', 2, 'GRANTED');
insert into Reviews (Review_id, ISBN, User_id, Review_date, Text, Score, Status) values (136, '850155164-3', 16, '2022-04-05', 'vehicula condimentum curabitur in libero ut massa volutpat convallis morbi odio odio elementum eu interdum eu tincidunt in leo maecenas pulvinar lobortis est phasellus sit amet erat nulla tempus vivamus in felis eu sapien cursus vestibulum proin eu mi nulla ac enim in tempor turpis nec euismod scelerisque quam turpis adipiscing lorem vitae mattis nibh ligula nec sem duis aliquam convallis nunc proin at turpis a pede posuere nonummy integer non velit donec diam neque vestibulum eget vulputate ut ultrices vel augue vestibulum ante ipsum primis', 1, 'GRANTED');
insert into Reviews (Review_id, ISBN, User_id, Review_date, Text, Score, Status) values (137, '750367191-2', 36, '2021-10-19', null, 1, 'GRANTED');
insert into Reviews (Review_id, ISBN, User_id, Review_date, Text, Score, Status) values (138, '856429358-7', 26, '2022-05-07', 'non velit donec diam neque vestibulum eget vulputate ut ultrices vel augue vestibulum ante ipsum primis in faucibus orci luctus et ultrices posuere cubilia curae donec pharetra magna vestibulum aliquet ultrices erat tortor sollicitudin mi sit amet lobortis sapien sapien non mi integer ac neque duis bibendum morbi non quam nec dui luctus rutrum nulla tellus in sagittis dui vel nisl duis ac nibh fusce lacus purus aliquet at feugiat non pretium quis lectus suspendisse potenti in eleifend quam a odio in hac habitasse', 4, 'GRANTED');
insert into Reviews (Review_id, ISBN, User_id, Review_date, Text, Score, Status) values (139, '317544039-8', 31, '2021-08-14', 'molestie sed justo pellentesque viverra pede ac diam cras pellentesque volutpat dui maecenas tristique est et tempus semper est quam pharetra magna ac consequat metus sapien ut nunc vestibulum ante ipsum primis in faucibus orci luctus et ultrices posuere cubilia curae mauris viverra diam vitae quam suspendisse', 1, 'GRANTED');
insert into Reviews (Review_id, ISBN, User_id, Review_date, Text, Score, Status) values (140, '937896130-4', 60, '2021-09-22', null, 1, 'GRANTED');
insert into Reviews (Review_id, ISBN, User_id, Review_date, Text, Score, Status) values (141, '467960431-X', 15, '2023-03-23', 'curabitur gravida nisi at nibh in hac habitasse platea dictumst aliquam augue quam sollicitudin vitae consectetuer eget rutrum at lorem integer tincidunt ante vel ipsum praesent blandit lacinia erat vestibulum sed magna at nunc commodo placerat praesent blandit nam nulla integer pede justo lacinia eget tincidunt eget tempus vel pede morbi', 1, 'GRANTED');
insert into Reviews (Review_id, ISBN, User_id, Review_date, Text, Score, Status) values (142, '317544039-8', 2, '2022-05-07', 'nulla justo aliquam quis turpis eget elit sodales scelerisque mauris sit amet eros suspendisse accumsan tortor quis turpis sed ante vivamus tortor duis mattis egestas metus aenean fermentum donec ut mauris eget massa tempor convallis nulla neque libero convallis eget eleifend luctus ultricies eu nibh quisque id justo sit amet sapien dignissim vestibulum vestibulum ante ipsum primis in faucibus orci luctus et ultrices posuere cubilia curae nulla dapibus dolor vel est donec odio justo sollicitudin ut suscipit a', 1, 'GRANTED');
insert into Reviews (Review_id, ISBN, User_id, Review_date, Text, Score, Status) values (143, '752859166-1', 22, '2023-03-21', 'iaculis justo in hac habitasse platea dictumst etiam faucibus cursus urna ut tellus nulla ut erat id mauris', 3, 'GRANTED');
insert into Reviews (Review_id, ISBN, User_id, Review_date, Text, Score, Status) values (144, '256744639-7', 44, '2021-10-03', 'morbi non lectus aliquam sit amet diam in magna bibendum imperdiet nullam orci pede venenatis non sodales sed tincidunt eu felis fusce posuere', 5, 'GRANTED');
insert into Reviews (Review_id, ISBN, User_id, Review_date, Text, Score, Status) values (145, '428330752-1', 52, '2022-07-23', 'elit proin interdum mauris non ligula pellentesque ultrices phasellus id sapien in sapien iaculis congue vivamus metus arcu adipiscing molestie hendrerit at vulputate vitae nisl aenean lectus pellentesque eget nunc donec', 4, 'GRANTED');
insert into Reviews (Review_id, ISBN, User_id, Review_date, Text, Score, Status) values (146, '530652409-5', 52, '2022-04-20', null, 1, 'GRANTED');
insert into Reviews (Review_id, ISBN, User_id, Review_date, Text, Score, Status) values (147, '459427977-5', 28, '2023-02-24', 'ligula vehicula consequat morbi a ipsum integer a nibh in quis justo maecenas rhoncus aliquam lacus morbi quis tortor id nulla ultrices aliquet maecenas leo odio condimentum id luctus nec molestie sed justo pellentesque', 2, 'GRANTED');
insert into Reviews (Review_id, ISBN, User_id, Review_date, Text, Score, Status) values (148, '710729665-5', 45, '2022-05-03', 'sapien a libero nam dui proin leo odio porttitor id consequat in consequat ut nulla sed accumsan felis ut at dolor quis odio consequat varius integer ac leo pellentesque ultrices mattis odio donec vitae', 1, 'GRANTED');
insert into Reviews (Review_id, ISBN, User_id, Review_date, Text, Score, Status) values (149, '334755997-5', 66, '2023-04-01', 'est donec odio justo sollicitudin ut suscipit a feugiat et eros vestibulum ac est lacinia nisi venenatis tristique fusce congue diam id ornare imperdiet sapien urna pretium nisl ut volutpat sapien arcu sed augue aliquam erat volutpat in congue etiam justo etiam pretium iaculis justo in hac habitasse platea dictumst etiam faucibus cursus urna ut tellus nulla ut erat id mauris vulputate elementum nullam varius nulla facilisi cras non velit nec nisi vulputate nonummy maecenas tincidunt lacus at velit vivamus vel nulla eget eros elementum pellentesque quisque porta volutpat erat', 3, 'GRANTED');
insert into Reviews (Review_id, ISBN, User_id, Review_date, Text, Score, Status) values (150, '011065924-4', 2, '2022-02-26', 'vulputate ut ultrices vel augue vestibulum ante ipsum primis', 1, 'GRANTED');
insert into Reviews (Review_id, ISBN, User_id, Review_date, Text, Score, Status) values (151, '856429358-7', 71, '2021-10-27', null, 3, 'GRANTED');
insert into Reviews (Review_id, ISBN, User_id, Review_date, Text, Score, Status) values (152, '813320838-6', 7, '2022-12-10', 'accumsan tellus nisi eu orci mauris lacinia sapien quis libero nullam sit amet turpis elementum ligula vehicula consequat morbi a ipsum integer a nibh in quis justo maecenas rhoncus aliquam lacus morbi quis tortor id nulla ultrices aliquet maecenas leo odio condimentum id luctus nec molestie sed justo pellentesque viverra pede ac diam cras pellentesque volutpat dui maecenas tristique est et tempus semper est quam pharetra magna ac consequat metus sapien ut nunc vestibulum ante ipsum primis in faucibus orci luctus et ultrices posuere cubilia curae mauris viverra diam vitae quam suspendisse potenti', 1, 'GRANTED');
insert into Reviews (Review_id, ISBN, User_id, Review_date, Text, Score, Status) values (153, '642428292-0', 41, '2023-05-14', 'massa donec dapibus duis at velit eu est congue elementum in hac habitasse platea dictumst morbi vestibulum velit id pretium iaculis diam erat fermentum justo nec condimentum neque sapien placerat ante nulla justo aliquam quis turpis eget elit sodales scelerisque mauris sit amet eros suspendisse accumsan tortor quis turpis sed ante vivamus tortor duis mattis egestas metus aenean fermentum donec ut mauris eget massa tempor convallis nulla neque libero convallis eget eleifend luctus ultricies eu nibh quisque id justo sit amet sapien dignissim vestibulum', 5, 'GRANTED');
insert into Reviews (Review_id, ISBN, User_id, Review_date, Text, Score, Status) values (154, '705928918-6', 5, '2022-04-30', 'ac tellus semper interdum mauris ullamcorper purus sit amet nulla quisque arcu libero rutrum ac lobortis vel dapibus at', 5, 'GRANTED');
insert into Reviews (Review_id, ISBN, User_id, Review_date, Text, Score, Status) values (155, '291272819-3', 51, '2023-08-17', 'urna pretium nisl ut volutpat sapien arcu sed augue aliquam erat volutpat in congue etiam justo etiam pretium iaculis justo in hac habitasse platea dictumst etiam faucibus cursus urna ut tellus nulla ut erat id mauris vulputate elementum nullam varius nulla facilisi cras non velit nec nisi vulputate nonummy maecenas tincidunt lacus at velit vivamus vel nulla eget eros elementum pellentesque quisque porta volutpat erat quisque erat eros viverra eget congue', 3, 'GRANTED');
insert into Reviews (Review_id, ISBN, User_id, Review_date, Text, Score, Status) values (156, '752859166-1', 26, '2021-12-16', 'pulvinar lobortis est phasellus sit amet erat nulla', 1, 'GRANTED');
insert into Reviews (Review_id, ISBN, User_id, Review_date, Text, Score, Status) values (157, '034396504-6', 27, '2022-10-18', null, 5, 'GRANTED');
insert into Reviews (Review_id, ISBN, User_id, Review_date, Text, Score, Status) values (158, '367610946-5', 71, '2021-11-13', 'aenean lectus pellentesque eget nunc donec quis orci eget orci vehicula', 4, 'GRANTED');
insert into Reviews (Review_id, ISBN, User_id, Review_date, Text, Score, Status) values (159, '535454084-4', 1, '2023-04-30', 'faucibus cursus urna ut tellus nulla ut erat id mauris vulputate elementum nullam varius nulla facilisi cras non velit nec nisi vulputate nonummy maecenas tincidunt lacus at velit vivamus vel nulla eget eros elementum pellentesque quisque porta volutpat erat quisque erat eros viverra eget congue eget semper rutrum nulla nunc purus', 1, 'GRANTED');
insert into Reviews (Review_id, ISBN, User_id, Review_date, Text, Score, Status) values (160, '710729665-5', 56, '2023-09-11', null, 5, 'GRANTED');
insert into Reviews (Review_id, ISBN, User_id, Review_date, Text, Score, Status) values (161, '868249354-3', 21, '2022-01-06', 'faucibus orci luctus et ultrices posuere cubilia curae duis faucibus accumsan odio curabitur convallis duis consequat dui nec nisi volutpat eleifend donec ut dolor morbi vel lectus in quam fringilla rhoncus mauris enim leo rhoncus sed vestibulum sit amet cursus id turpis integer aliquet', 3, 'GRANTED');
insert into Reviews (Review_id, ISBN, User_id, Review_date, Text, Score, Status) values (162, '813320838-6', 23, '2021-09-28', 'rutrum nulla tellus in sagittis dui vel nisl duis ac nibh fusce lacus purus aliquet at feugiat non pretium quis lectus suspendisse potenti in eleifend quam a odio in hac habitasse platea dictumst maecenas ut massa quis augue luctus tincidunt nulla mollis molestie lorem quisque ut erat curabitur gravida nisi at nibh in hac habitasse platea dictumst aliquam augue quam sollicitudin vitae consectetuer eget rutrum at lorem integer tincidunt ante vel ipsum praesent blandit lacinia erat vestibulum sed magna', 1, 'GRANTED');
insert into Reviews (Review_id, ISBN, User_id, Review_date, Text, Score, Status) values (163, '291272819-3', 36, '2021-08-31', 'gravida nisi at nibh in hac habitasse platea dictumst aliquam augue quam sollicitudin vitae consectetuer eget rutrum', 3, 'GRANTED');
insert into Reviews (Review_id, ISBN, User_id, Review_date, Text, Score, Status) values (164, '949590791-8', 39, '2022-06-23', 'nonummy maecenas tincidunt lacus at velit vivamus vel nulla eget eros elementum pellentesque quisque porta volutpat erat quisque erat eros viverra eget congue eget semper rutrum nulla nunc purus phasellus in felis donec semper sapien a libero nam dui proin leo odio porttitor id consequat in consequat ut nulla sed accumsan felis ut', 2, 'GRANTED');
insert into Reviews (Review_id, ISBN, User_id, Review_date, Text, Score, Status) values (165, '710729665-5', 52, '2022-04-26', 'libero convallis eget eleifend luctus ultricies eu nibh quisque id justo sit amet sapien dignissim vestibulum vestibulum ante ipsum primis in faucibus orci luctus et ultrices posuere cubilia curae nulla dapibus dolor vel est donec odio justo sollicitudin ut suscipit a feugiat et eros vestibulum ac est lacinia nisi venenatis tristique fusce', 5, 'GRANTED');
insert into Reviews (Review_id, ISBN, User_id, Review_date, Text, Score, Status) values (166, '665791057-6', 43, '2023-02-25', 'placerat ante nulla justo aliquam quis turpis eget elit sodales scelerisque mauris sit amet eros suspendisse accumsan tortor quis turpis sed ante vivamus tortor duis mattis egestas metus aenean fermentum donec ut mauris eget massa tempor convallis nulla neque libero convallis', 5, 'GRANTED');
insert into Reviews (Review_id, ISBN, User_id, Review_date, Text, Score, Status) values (167, '764884073-1', 4, '2021-12-19', 'lorem quisque ut erat curabitur gravida nisi at nibh in hac habitasse platea dictumst aliquam augue quam sollicitudin vitae consectetuer eget rutrum at lorem integer tincidunt ante vel ipsum praesent blandit lacinia erat vestibulum sed magna at nunc commodo placerat praesent blandit nam nulla integer pede justo lacinia eget tincidunt eget tempus vel pede morbi porttitor lorem id ligula suspendisse ornare consequat lectus in est risus auctor sed tristique in tempus sit amet sem fusce consequat nulla nisl nunc nisl duis', 4, 'GRANTED');
insert into Reviews (Review_id, ISBN, User_id, Review_date, Text, Score, Status) values (168, '464034332-9', 22, '2023-02-13', 'dictumst maecenas ut massa quis augue luctus tincidunt nulla mollis molestie lorem quisque ut erat curabitur gravida nisi at nibh in hac habitasse platea dictumst aliquam augue quam sollicitudin vitae consectetuer eget rutrum at lorem integer tincidunt ante vel', 5, 'GRANTED');
insert into Reviews (Review_id, ISBN, User_id, Review_date, Text, Score, Status) values (169, '621208097-6', 14, '2022-04-28', 'accumsan odio curabitur convallis duis consequat dui nec nisi volutpat eleifend donec ut dolor morbi vel lectus in quam fringilla rhoncus mauris enim leo rhoncus sed vestibulum sit amet cursus id turpis integer aliquet massa id lobortis convallis tortor risus dapibus augue vel accumsan tellus nisi eu orci mauris lacinia sapien quis libero nullam sit amet turpis elementum ligula vehicula consequat morbi a ipsum integer a nibh in quis justo maecenas rhoncus aliquam lacus morbi quis tortor id nulla ultrices aliquet maecenas leo odio condimentum id luctus nec molestie sed', 4, 'GRANTED');
insert into Reviews (Review_id, ISBN, User_id, Review_date, Text, Score, Status) values (170, '307658291-7', 37, '2023-08-30', null, 2, 'GRANTED');
insert into Reviews (Review_id, ISBN, User_id, Review_date, Text, Score, Status) values (171, '802296206-6', 68, '2023-10-12', 'nullam orci pede venenatis non sodales sed tincidunt eu felis fusce posuere felis sed lacus morbi sem mauris laoreet ut rhoncus aliquet pulvinar sed nisl nunc rhoncus dui vel sem sed sagittis nam congue risus semper porta volutpat quam pede lobortis ligula sit amet eleifend pede libero quis orci', 4, 'GRANTED');
insert into Reviews (Review_id, ISBN, User_id, Review_date, Text, Score, Status) values (172, '642428292-0', 9, '2022-05-09', null, 1, 'GRANTED');
insert into Reviews (Review_id, ISBN, User_id, Review_date, Text, Score, Status) values (173, '682217327-7', 75, '2023-09-26', 'amet sem fusce consequat nulla nisl nunc nisl duis bibendum felis sed interdum venenatis turpis enim blandit mi in porttitor pede justo eu massa donec dapibus duis at velit eu est congue elementum in hac habitasse platea', 4, 'GRANTED');
insert into Reviews (Review_id, ISBN, User_id, Review_date, Text, Score, Status) values (174, '306720798-X', 71, '2022-01-01', 'lacinia aenean sit amet justo morbi ut odio cras mi pede malesuada in imperdiet et commodo vulputate justo in blandit ultrices enim lorem ipsum dolor sit amet consectetuer adipiscing elit proin interdum mauris non ligula pellentesque ultrices phasellus id sapien in sapien iaculis congue vivamus metus arcu adipiscing molestie hendrerit at vulputate vitae nisl aenean lectus pellentesque eget nunc donec quis orci eget', 4, 'GRANTED');
insert into Reviews (Review_id, ISBN, User_id, Review_date, Text, Score, Status) values (175, '530652409-5', 57, '2022-06-19', 'elementum nullam varius nulla facilisi cras non velit nec nisi vulputate nonummy maecenas tincidunt lacus at velit vivamus vel nulla eget eros elementum pellentesque quisque porta volutpat erat quisque erat eros viverra eget congue eget semper rutrum nulla nunc purus phasellus in felis donec semper sapien a libero nam dui proin leo', 2, 'GRANTED');
insert into Reviews (Review_id, ISBN, User_id, Review_date, Text, Score, Status) values (176, '445687793-6', 47, '2022-05-04', 'venenatis turpis enim blandit mi in porttitor pede justo eu massa donec dapibus duis at velit eu est congue elementum in hac habitasse platea dictumst morbi vestibulum velit id pretium', 2, 'GRANTED');
insert into Reviews (Review_id, ISBN, User_id, Review_date, Text, Score, Status) values (177, '856429358-7', 69, '2022-12-20', null, 3, 'GRANTED');
insert into Reviews (Review_id, ISBN, User_id, Review_date, Text, Score, Status) values (178, '909260968-4', 40, '2022-10-18', 'nulla justo aliquam quis turpis', 4, 'GRANTED');
insert into Reviews (Review_id, ISBN, User_id, Review_date, Text, Score, Status) values (179, '866618754-9', 75, '2023-08-07', 'mauris sit amet eros suspendisse accumsan tortor quis turpis sed ante vivamus tortor duis mattis egestas metus aenean fermentum donec ut mauris eget massa tempor convallis', 5, 'GRANTED');
insert into Reviews (Review_id, ISBN, User_id, Review_date, Text, Score, Status) values (180, '870090951-3', 61, '2021-10-18', 'gravida sem praesent id massa id nisl venenatis lacinia aenean sit', 3, 'GRANTED');
insert into Reviews (Review_id, ISBN, User_id, Review_date, Text, Score, Status) values (181, '533235522-X', 74, '2023-09-02', null, 3, 'GRANTED');
insert into Reviews (Review_id, ISBN, User_id, Review_date, Text, Score, Status) values (182, '198897076-8', 7, '2023-01-29', 'convallis morbi odio odio elementum eu interdum eu tincidunt in leo maecenas pulvinar lobortis est phasellus sit amet erat nulla tempus vivamus in felis eu sapien cursus vestibulum proin eu mi nulla ac enim in tempor turpis nec euismod scelerisque quam turpis adipiscing lorem vitae mattis nibh ligula nec sem duis aliquam convallis nunc proin at turpis a pede posuere nonummy integer non velit donec diam neque vestibulum eget vulputate', 3, 'GRANTED');
insert into Reviews (Review_id, ISBN, User_id, Review_date, Text, Score, Status) values (183, '367610946-5', 32, '2021-02-23', 'sit amet lobortis sapien', 3, 'GRANTED');
insert into Reviews (Review_id, ISBN, User_id, Review_date, Text, Score, Status) values (184, '246142128-5', 6, '2023-02-04', 'risus dapibus augue', 1, 'GRANTED');
insert into Reviews (Review_id, ISBN, User_id, Review_date, Text, Score, Status) values (185, '978371882-7', 14, '2022-04-16', 'sapien cum sociis natoque penatibus et magnis dis parturient montes nascetur ridiculus mus etiam vel augue vestibulum rutrum rutrum neque aenean auctor gravida sem praesent id massa id nisl venenatis lacinia aenean sit amet justo morbi ut odio cras mi pede malesuada in imperdiet et commodo vulputate justo in blandit ultrices enim lorem ipsum dolor sit amet consectetuer adipiscing elit proin interdum mauris non ligula pellentesque ultrices phasellus id sapien in sapien iaculis congue vivamus metus arcu adipiscing molestie hendrerit at vulputate vitae', 1, 'GRANTED');
insert into Reviews (Review_id, ISBN, User_id, Review_date, Text, Score, Status) values (186, '080366475-3', 41, '2023-05-11', 'proin eu mi nulla ac enim in tempor turpis nec euismod scelerisque quam turpis adipiscing lorem vitae mattis nibh ligula nec sem duis aliquam convallis nunc proin at turpis a pede posuere nonummy integer non velit donec diam neque vestibulum eget vulputate ut ultrices vel augue vestibulum ante ipsum primis in faucibus orci luctus et ultrices posuere cubilia curae donec pharetra magna vestibulum aliquet ultrices erat tortor sollicitudin mi sit amet lobortis sapien sapien non mi integer ac neque duis bibendum morbi non quam nec dui luctus rutrum nulla', 4, 'GRANTED');
insert into Reviews (Review_id, ISBN, User_id, Review_date, Text, Score, Status) values (187, '459427977-5', 29, '2022-05-06', 'interdum mauris non ligula pellentesque ultrices phasellus id sapien in sapien iaculis congue vivamus metus arcu adipiscing molestie hendrerit at vulputate vitae nisl aenean lectus pellentesque eget nunc donec quis orci eget orci vehicula condimentum curabitur in libero ut massa volutpat convallis morbi odio odio elementum eu interdum eu tincidunt in leo maecenas pulvinar lobortis est phasellus sit amet erat nulla tempus vivamus in felis eu sapien cursus vestibulum proin eu mi nulla ac enim in tempor turpis nec euismod scelerisque quam turpis adipiscing lorem vitae mattis nibh ligula nec sem duis aliquam convallis nunc proin at turpis a', 1, 'GRANTED');
insert into Reviews (Review_id, ISBN, User_id, Review_date, Text, Score, Status) values (188, '850155164-3', 56, '2023-05-20', 'morbi sem mauris laoreet ut rhoncus aliquet pulvinar sed nisl nunc rhoncus dui vel sem sed sagittis nam congue risus semper porta volutpat', 1, 'GRANTED');
insert into Reviews (Review_id, ISBN, User_id, Review_date, Text, Score, Status) values (189, '621208097-6', 41, '2023-09-21', 'nisl nunc nisl duis bibendum felis sed interdum venenatis turpis enim blandit mi in porttitor pede justo eu massa donec dapibus duis at velit eu est congue elementum in hac habitasse platea dictumst morbi vestibulum velit id pretium iaculis diam erat fermentum justo nec condimentum neque sapien placerat ante nulla justo aliquam quis turpis eget elit sodales scelerisque mauris sit amet eros', 4, 'GRANTED');
insert into Reviews (Review_id, ISBN, User_id, Review_date, Text, Score, Status) values (190, '751010292-8', 21, '2021-11-23', 'curae duis faucibus accumsan odio curabitur convallis duis consequat dui nec nisi volutpat eleifend donec ut dolor morbi vel lectus in quam fringilla rhoncus mauris enim leo rhoncus sed vestibulum sit amet cursus id turpis integer aliquet massa id lobortis convallis tortor risus', 5, 'GRANTED');
insert into Reviews (Review_id, ISBN, User_id, Review_date, Text, Score, Status) values (191, '312185510-7', 31, '2021-06-30', 'turpis eget elit sodales scelerisque mauris sit amet eros suspendisse accumsan tortor quis turpis sed ante vivamus tortor duis mattis egestas metus aenean fermentum donec ut mauris eget massa tempor convallis nulla neque libero convallis eget eleifend luctus ultricies eu nibh quisque id justo sit amet sapien dignissim vestibulum vestibulum ante ipsum primis in faucibus orci luctus et ultrices posuere cubilia curae nulla dapibus dolor vel', 2, 'GRANTED');
insert into Reviews (Review_id, ISBN, User_id, Review_date, Text, Score, Status) values (192, '802296206-6', 71, '2021-11-26', 'id mauris vulputate elementum nullam varius nulla facilisi cras non velit nec nisi vulputate nonummy maecenas tincidunt lacus at velit vivamus vel nulla eget eros elementum pellentesque quisque porta volutpat erat quisque erat eros viverra eget congue eget semper rutrum nulla nunc purus phasellus in felis donec semper sapien a libero nam dui proin leo odio porttitor id consequat in consequat ut nulla sed accumsan felis ut at dolor quis odio consequat varius integer ac leo pellentesque ultrices mattis odio donec vitae nisi', 2, 'GRANTED');
insert into Reviews (Review_id, ISBN, User_id, Review_date, Text, Score, Status) values (193, '412585693-1', 55, '2021-02-06', 'sapien iaculis congue vivamus metus arcu adipiscing molestie hendrerit at vulputate vitae nisl aenean lectus pellentesque eget nunc donec quis orci eget orci vehicula condimentum curabitur in libero ut massa volutpat convallis morbi odio odio elementum eu interdum eu tincidunt in leo maecenas pulvinar lobortis est phasellus sit amet erat nulla tempus vivamus in felis eu sapien cursus vestibulum proin eu mi nulla ac enim in tempor turpis nec euismod scelerisque quam turpis adipiscing lorem vitae mattis nibh ligula nec sem duis aliquam convallis nunc proin at turpis', 2, 'GRANTED');
insert into Reviews (Review_id, ISBN, User_id, Review_date, Text, Score, Status) values (194, '665791057-6', 35, '2021-11-30', 'molestie hendrerit at vulputate vitae nisl aenean lectus pellentesque eget nunc donec quis orci eget orci vehicula condimentum curabitur in libero ut massa volutpat convallis morbi odio odio elementum eu interdum eu tincidunt in leo maecenas pulvinar lobortis est phasellus sit amet erat nulla tempus vivamus in felis eu sapien cursus vestibulum proin eu mi nulla ac enim in tempor turpis nec euismod scelerisque quam turpis adipiscing lorem vitae mattis', 5, 'GRANTED');
insert into Reviews (Review_id, ISBN, User_id, Review_date, Text, Score, Status) values (195, '045094214-7', 40, '2022-10-01', 'proin risus praesent lectus vestibulum quam sapien varius ut blandit non interdum in ante vestibulum ante ipsum primis in faucibus orci luctus et ultrices posuere cubilia curae duis faucibus accumsan odio curabitur convallis duis consequat dui nec nisi volutpat eleifend donec ut dolor morbi vel lectus in quam fringilla rhoncus mauris enim leo rhoncus sed vestibulum sit amet cursus id turpis integer aliquet massa id lobortis convallis tortor risus dapibus augue vel accumsan tellus nisi eu orci mauris lacinia sapien quis libero nullam sit amet turpis elementum ligula vehicula consequat morbi a ipsum integer a', 1, 'GRANTED');
insert into Reviews (Review_id, ISBN, User_id, Review_date, Text, Score, Status) values (196, '535454084-4', 54, '2022-10-10', 'turpis a pede posuere nonummy integer non velit donec diam neque vestibulum eget vulputate ut ultrices vel augue vestibulum ante ipsum primis in faucibus orci luctus et ultrices posuere cubilia curae donec pharetra magna vestibulum aliquet ultrices erat tortor sollicitudin mi sit amet lobortis sapien sapien non mi integer ac neque duis bibendum morbi non quam nec dui luctus rutrum', 4, 'GRANTED');
insert into Reviews (Review_id, ISBN, User_id, Review_date, Text, Score, Status) values (197, '455591386-8', 11, '2023-08-31', 'sapien urna pretium nisl ut volutpat sapien arcu sed augue aliquam erat volutpat in congue etiam justo etiam pretium iaculis justo in hac habitasse platea dictumst etiam faucibus cursus urna ut tellus nulla ut erat id mauris vulputate elementum nullam varius nulla facilisi cras non velit nec nisi vulputate nonummy maecenas tincidunt lacus at velit vivamus', 1, 'GRANTED');
insert into Reviews (Review_id, ISBN, User_id, Review_date, Text, Score, Status) values (198, '009934891-8', 13, '2021-07-06', null, 3, 'GRANTED');
insert into Reviews (Review_id, ISBN, User_id, Review_date, Text, Score, Status) values (199, '291272819-3', 51, '2023-10-14', 'erat fermentum justo nec condimentum neque sapien placerat ante nulla justo aliquam quis turpis eget elit sodales scelerisque mauris sit amet eros suspendisse accumsan tortor quis turpis sed ante vivamus tortor duis mattis egestas metus aenean fermentum donec ut mauris eget massa tempor convallis nulla neque libero convallis eget eleifend luctus ultricies eu nibh quisque id justo sit', 5, 'GRANTED');
insert into Reviews (Review_id, ISBN, User_id, Review_date, Text, Score, Status) values (200, '543837623-9', 38, '2021-08-27', 'quis turpis eget elit sodales scelerisque mauris sit amet eros suspendisse accumsan tortor quis turpis sed ante vivamus tortor duis mattis egestas metus aenean fermentum donec ut mauris eget massa tempor convallis nulla neque libero convallis eget eleifend luctus ultricies eu nibh quisque id justo sit amet sapien dignissim vestibulum vestibulum ante ipsum primis in faucibus orci luctus et ultrices posuere cubilia curae nulla dapibus dolor vel est donec odio justo sollicitudin ut suscipit a feugiat et eros vestibulum ac est lacinia nisi venenatis tristique fusce congue diam', 5, 'GRANTED');
insert into Reviews (Review_id, ISBN, User_id, Review_date, Text, Score, Status) values (201, '067961860-0', 20, '2023-03-18', 'odio justo sollicitudin ut suscipit a feugiat et eros vestibulum ac est lacinia nisi venenatis tristique fusce congue diam id ornare imperdiet sapien urna pretium nisl ut volutpat sapien arcu sed augue aliquam erat volutpat in congue etiam justo etiam pretium iaculis justo in hac habitasse platea dictumst etiam faucibus cursus urna ut tellus nulla ut erat id mauris vulputate elementum nullam varius nulla facilisi cras non', 3, 'GRANTED');
insert into Reviews (Review_id, ISBN, User_id, Review_date, Text, Score, Status) values (202, '517545515-X', 60, '2021-10-04', 'ridiculus mus etiam vel augue vestibulum rutrum rutrum neque aenean auctor gravida sem praesent id massa id nisl venenatis lacinia aenean sit amet justo morbi ut odio cras mi pede malesuada in imperdiet et commodo vulputate justo in blandit ultrices enim lorem', 5, 'GRANTED');
insert into Reviews (Review_id, ISBN, User_id, Review_date, Text, Score, Status) values (203, '750367191-2', 9, '2022-08-18', 'aliquet at feugiat non pretium quis lectus suspendisse potenti in eleifend quam a odio in hac habitasse platea dictumst maecenas ut massa quis augue luctus tincidunt nulla mollis molestie lorem quisque ut erat curabitur gravida nisi at nibh in hac habitasse platea dictumst aliquam augue quam sollicitudin vitae consectetuer eget rutrum at lorem integer tincidunt ante vel ipsum praesent blandit lacinia erat vestibulum sed magna at nunc commodo', 5, 'GRANTED');
insert into Reviews (Review_id, ISBN, User_id, Review_date, Text, Score, Status) values (204, '307642384-3', 48, '2022-03-25', 'pretium nisl ut volutpat sapien arcu sed augue aliquam erat volutpat in congue etiam justo etiam pretium iaculis justo in hac', 3, 'GRANTED');
insert into Reviews (Review_id, ISBN, User_id, Review_date, Text, Score, Status) values (205, '045094214-7', 41, '2023-05-25', null, 4, 'GRANTED');
insert into Reviews (Review_id, ISBN, User_id, Review_date, Text, Score, Status) values (206, '828439612-2', 40, '2022-09-16', 'pellentesque eget nunc donec quis orci eget orci vehicula condimentum curabitur in libero ut massa volutpat convallis morbi odio odio elementum eu interdum eu tincidunt in leo maecenas pulvinar lobortis est phasellus sit amet erat nulla tempus vivamus in felis eu sapien cursus vestibulum proin eu', 3, 'GRANTED');
insert into Reviews (Review_id, ISBN, User_id, Review_date, Text, Score, Status) values (207, '868249354-3', 21, '2021-11-19', null, 1, 'GRANTED');
insert into Reviews (Review_id, ISBN, User_id, Review_date, Text, Score, Status) values (208, '456548464-1', 6, '2022-10-30', 'a feugiat et eros vestibulum ac est lacinia nisi venenatis', 2, 'GRANTED');
insert into Reviews (Review_id, ISBN, User_id, Review_date, Text, Score, Status) values (209, '619018678-5', 40, '2023-01-06', 'aliquam lacus morbi quis tortor id nulla ultrices aliquet maecenas leo odio condimentum id luctus nec molestie sed justo pellentesque viverra pede ac diam cras pellentesque volutpat dui maecenas tristique est et tempus semper est quam pharetra magna ac consequat metus sapien ut nunc', 3, 'GRANTED');
insert into Reviews (Review_id, ISBN, User_id, Review_date, Text, Score, Status) values (210, '937896130-4', 1, '2023-05-02', 'cubilia curae mauris viverra diam vitae quam suspendisse potenti nullam porttitor lacus at turpis donec posuere metus vitae ipsum aliquam non mauris morbi non lectus aliquam sit amet diam in magna bibendum imperdiet nullam orci pede venenatis non sodales sed tincidunt eu felis fusce posuere felis sed lacus morbi sem mauris laoreet ut rhoncus aliquet pulvinar sed nisl nunc rhoncus dui', 5, 'GRANTED');
insert into Reviews (Review_id, ISBN, User_id, Review_date, Text, Score, Status) values (211, '334755997-5', 5, '2022-05-18', 'ac neque duis bibendum morbi non quam nec dui luctus rutrum nulla tellus in sagittis dui vel nisl duis ac nibh fusce lacus purus aliquet at feugiat non pretium quis lectus suspendisse potenti in eleifend quam a odio in hac habitasse platea dictumst maecenas ut massa quis augue luctus tincidunt nulla mollis molestie lorem quisque ut erat curabitur gravida nisi at nibh in hac habitasse platea dictumst aliquam augue quam sollicitudin', 5, 'GRANTED');
insert into Reviews (Review_id, ISBN, User_id, Review_date, Text, Score, Status) values (212, '764884073-1', 6, '2022-10-26', 'purus aliquet at feugiat non pretium quis lectus suspendisse potenti in eleifend quam a odio in hac habitasse platea dictumst maecenas ut massa quis augue luctus tincidunt nulla mollis molestie lorem quisque ut erat curabitur gravida nisi at nibh in hac habitasse platea dictumst aliquam augue quam sollicitudin vitae consectetuer eget rutrum at lorem integer tincidunt', 5, 'GRANTED');
insert into Reviews (Review_id, ISBN, User_id, Review_date, Text, Score, Status) values (213, '802296206-6', 33, '2021-06-09', null, 2, 'GRANTED');
insert into Reviews (Review_id, ISBN, User_id, Review_date, Text, Score, Status) values (214, '246142128-5', 27, '2023-01-13', 'et ultrices posuere cubilia', 5, 'GRANTED');
insert into Reviews (Review_id, ISBN, User_id, Review_date, Text, Score, Status) values (215, '517545515-X', 75, '2023-05-18', 'rutrum at lorem integer tincidunt ante vel ipsum praesent blandit lacinia erat vestibulum sed magna at nunc commodo placerat praesent blandit nam nulla integer pede justo lacinia eget tincidunt eget tempus vel pede morbi porttitor lorem id ligula suspendisse ornare consequat lectus in est risus auctor sed tristique', 2, 'GRANTED');
insert into Reviews (Review_id, ISBN, User_id, Review_date, Text, Score, Status) values (216, '980456902-7', 57, '2022-08-19', 'felis eu sapien cursus vestibulum proin eu mi nulla ac enim in tempor turpis nec euismod scelerisque quam turpis adipiscing lorem vitae mattis nibh ligula nec sem duis aliquam convallis nunc proin at turpis a pede posuere nonummy integer non velit donec diam neque vestibulum eget vulputate ut ultrices vel augue vestibulum ante ipsum primis in faucibus orci luctus et ultrices posuere', 2, 'GRANTED');
insert into Reviews (Review_id, ISBN, User_id, Review_date, Text, Score, Status) values (217, '568632440-9', 30, '2022-01-26', 'mi pede malesuada in imperdiet et commodo vulputate justo in blandit ultrices enim lorem ipsum dolor sit amet consectetuer adipiscing elit proin interdum mauris non ligula pellentesque ultrices phasellus id sapien in sapien iaculis congue vivamus metus arcu adipiscing molestie hendrerit at vulputate vitae nisl aenean lectus pellentesque eget nunc donec quis orci eget orci vehicula condimentum curabitur in libero ut massa volutpat convallis morbi odio odio elementum eu interdum eu tincidunt in leo maecenas pulvinar lobortis est phasellus sit amet erat nulla tempus vivamus in felis eu sapien cursus vestibulum', 4, 'GRANTED');
insert into Reviews (Review_id, ISBN, User_id, Review_date, Text, Score, Status) values (218, '868249354-3', 50, '2022-04-16', 'justo in hac habitasse platea dictumst etiam faucibus cursus urna ut tellus nulla ut erat id mauris vulputate elementum nullam varius nulla facilisi cras non velit nec nisi vulputate nonummy maecenas tincidunt lacus at velit vivamus vel nulla eget eros elementum pellentesque quisque porta volutpat erat quisque erat eros viverra eget congue eget semper rutrum nulla nunc purus phasellus in felis donec semper sapien a libero nam dui proin leo odio porttitor id consequat in consequat ut nulla sed accumsan felis ut at dolor quis odio consequat', 4, 'GRANTED');
insert into Reviews (Review_id, ISBN, User_id, Review_date, Text, Score, Status) values (219, '445687793-6', 69, '2022-10-15', 'lacus at velit vivamus vel nulla eget eros elementum pellentesque quisque porta volutpat erat quisque erat eros viverra eget congue eget semper rutrum nulla nunc purus phasellus in felis donec semper sapien a libero nam dui proin leo odio porttitor id consequat in consequat ut nulla sed accumsan felis ut at dolor quis odio consequat varius integer ac leo pellentesque ultrices mattis odio donec vitae nisi nam ultrices libero non mattis pulvinar nulla pede ullamcorper', 1, 'GRANTED');
insert into Reviews (Review_id, ISBN, User_id, Review_date, Text, Score, Status) values (220, '828439612-2', 36, '2021-12-09', 'mattis egestas metus aenean fermentum donec ut mauris eget massa tempor convallis nulla neque libero convallis eget eleifend luctus ultricies eu nibh quisque id justo sit amet sapien dignissim vestibulum vestibulum ante ipsum primis in faucibus orci luctus et ultrices posuere cubilia curae nulla dapibus dolor vel est donec odio justo sollicitudin ut suscipit a feugiat et eros vestibulum ac est lacinia nisi venenatis tristique fusce congue diam id ornare imperdiet sapien urna pretium nisl ut volutpat sapien arcu sed augue aliquam erat volutpat in congue etiam justo etiam pretium iaculis justo in hac habitasse platea dictumst etiam faucibus', 2, 'GRANTED');
insert into Reviews (Review_id, ISBN, User_id, Review_date, Text, Score, Status) values (221, '935806148-0', 41, '2023-06-18', 'volutpat sapien arcu sed augue aliquam erat volutpat in congue etiam justo etiam pretium iaculis justo in hac', 3, 'GRANTED');
insert into Reviews (Review_id, ISBN, User_id, Review_date, Text, Score, Status) values (222, '705928918-6', 44, '2021-07-08', 'nec sem duis aliquam convallis nunc proin at turpis a pede posuere nonummy integer non velit donec diam neque vestibulum eget vulputate ut ultrices vel augue vestibulum', 1, 'GRANTED');
insert into Reviews (Review_id, ISBN, User_id, Review_date, Text, Score, Status) values (223, '334755997-5', 5, '2022-05-20', null, 4, 'GRANTED');
insert into Reviews (Review_id, ISBN, User_id, Review_date, Text, Score, Status) values (224, '445687793-6', 48, '2022-04-09', 'aenean auctor gravida sem praesent id massa id nisl venenatis lacinia aenean sit amet justo morbi ut odio cras mi pede malesuada in imperdiet et commodo vulputate justo in blandit ultrices enim lorem ipsum dolor sit amet consectetuer adipiscing elit proin interdum mauris non ligula pellentesque ultrices phasellus', 4, 'GRANTED');
insert into Reviews (Review_id, ISBN, User_id, Review_date, Text, Score, Status) values (225, '254582227-2', 57, '2022-06-09', 'dui luctus rutrum nulla tellus in sagittis dui vel nisl duis ac nibh fusce lacus purus aliquet at feugiat non pretium quis lectus suspendisse potenti in eleifend quam a odio in hac habitasse platea dictumst maecenas ut massa quis augue luctus tincidunt nulla mollis molestie', 1, 'GRANTED');
insert into Reviews (Review_id, ISBN, User_id, Review_date, Text, Score, Status) values (226, '035653718-8', 53, '2022-03-24', 'sollicitudin mi sit amet lobortis sapien sapien non mi integer ac neque duis bibendum morbi non quam nec dui luctus rutrum nulla tellus in sagittis dui vel nisl duis ac nibh fusce lacus purus aliquet at feugiat non pretium quis lectus suspendisse potenti in eleifend quam a odio in hac', 3, 'GRANTED');
insert into Reviews (Review_id, ISBN, User_id, Review_date, Text, Score, Status) values (227, '928039011-2', 31, '2021-08-18', 'sapien in sapien iaculis congue vivamus metus arcu adipiscing molestie hendrerit at vulputate vitae nisl aenean lectus pellentesque eget nunc donec quis orci eget orci vehicula condimentum curabitur in libero ut massa volutpat convallis morbi odio odio elementum eu interdum eu tincidunt in leo maecenas pulvinar lobortis est phasellus sit amet erat nulla tempus vivamus in felis eu sapien cursus vestibulum proin eu mi nulla ac enim in tempor turpis nec euismod scelerisque quam', 4, 'GRANTED');
insert into Reviews (Review_id, ISBN, User_id, Review_date, Text, Score, Status) values (228, '180527993-9', 28, '2022-12-03', null, 3, 'GRANTED');
insert into Reviews (Review_id, ISBN, User_id, Review_date, Text, Score, Status) values (229, '035653718-8', 11, '2023-05-17', 'vehicula consequat morbi a ipsum integer a nibh in quis justo maecenas rhoncus aliquam lacus morbi quis tortor id nulla ultrices aliquet maecenas leo odio condimentum id luctus nec molestie sed justo pellentesque viverra pede ac diam cras pellentesque volutpat dui maecenas tristique est et tempus semper est quam pharetra magna ac consequat metus sapien ut nunc vestibulum ante ipsum primis in faucibus orci luctus et ultrices posuere cubilia curae mauris viverra diam vitae quam suspendisse potenti nullam porttitor lacus at turpis donec posuere metus vitae ipsum', 1, 'GRANTED');
insert into Reviews (Review_id, ISBN, User_id, Review_date, Text, Score, Status) values (230, '710729665-5', 47, '2022-04-02', 'erat nulla tempus vivamus in felis eu sapien cursus vestibulum proin eu mi nulla ac enim in tempor turpis nec euismod scelerisque quam turpis adipiscing lorem vitae', 5, 'GRANTED');
insert into Reviews (Review_id, ISBN, User_id, Review_date, Text, Score, Status) values (231, '752859166-1', 71, '2021-11-08', 'cursus urna ut tellus nulla ut erat id mauris vulputate elementum nullam varius nulla facilisi cras non velit nec nisi vulputate nonummy maecenas tincidunt lacus at velit vivamus vel nulla', 2, 'GRANTED');
insert into Reviews (Review_id, ISBN, User_id, Review_date, Text, Score, Status) values (232, '180527993-9', 75, '2023-07-03', 'rutrum nulla nunc purus phasellus in felis donec semper sapien a libero nam dui proin leo odio porttitor id consequat in consequat ut nulla sed accumsan felis ut at dolor quis odio consequat varius integer ac leo pellentesque ultrices mattis odio donec vitae nisi nam ultrices libero non mattis pulvinar nulla pede', 1, 'GRANTED');
insert into Reviews (Review_id, ISBN, User_id, Review_date, Text, Score, Status) values (233, '180527993-9', 3, '2023-05-08', 'lectus pellentesque at', 4, 'GRANTED');
insert into Reviews (Review_id, ISBN, User_id, Review_date, Text, Score, Status) values (234, '556428089-X', 44, '2021-10-05', 'vivamus vel nulla eget eros elementum pellentesque quisque porta volutpat erat quisque erat eros viverra eget congue eget semper rutrum nulla nunc purus phasellus in felis donec semper sapien a libero nam dui proin leo odio porttitor id consequat in consequat ut nulla sed accumsan felis ut at dolor quis odio consequat varius integer ac leo pellentesque ultrices mattis odio donec vitae nisi nam ultrices libero non mattis', 3, 'GRANTED');
insert into Reviews (Review_id, ISBN, User_id, Review_date, Text, Score, Status) values (235, '317544039-8', 12, '2022-02-21', null, 2, 'GRANTED');
insert into Reviews (Review_id, ISBN, User_id, Review_date, Text, Score, Status) values (236, '307642384-3', 61, '2021-11-11', 'tempor turpis nec euismod scelerisque quam turpis adipiscing lorem vitae mattis nibh ligula nec sem duis aliquam convallis nunc proin at turpis a pede posuere nonummy integer non velit donec diam neque vestibulum eget vulputate ut ultrices vel augue vestibulum ante ipsum primis in faucibus orci luctus et ultrices posuere cubilia curae donec pharetra magna vestibulum aliquet ultrices erat tortor sollicitudin mi sit amet lobortis sapien sapien non mi integer ac neque duis bibendum morbi non quam nec dui', 2, 'GRANTED');
insert into Reviews (Review_id, ISBN, User_id, Review_date, Text, Score, Status) values (237, '828439612-2', 47, '2022-05-16', null, 3, 'GRANTED');
insert into Reviews (Review_id, ISBN, User_id, Review_date, Text, Score, Status) values (238, '828439612-2', 4, '2021-11-21', 'sollicitudin mi sit amet lobortis sapien sapien non mi integer ac neque duis bibendum morbi non quam nec dui luctus rutrum nulla tellus in sagittis dui vel nisl duis ac nibh fusce lacus purus aliquet at feugiat non pretium quis lectus suspendisse potenti in eleifend quam a odio in hac habitasse platea dictumst maecenas ut massa quis augue luctus tincidunt nulla', 4, 'GRANTED');
insert into Reviews (Review_id, ISBN, User_id, Review_date, Text, Score, Status) values (239, '813320838-6', 65, '2022-07-10', 'integer aliquet massa id lobortis convallis tortor risus dapibus augue vel accumsan tellus nisi eu orci', 3, 'GRANTED');
insert into Reviews (Review_id, ISBN, User_id, Review_date, Text, Score, Status) values (240, '034396504-6', 56, '2023-05-18', null, 5, 'GRANTED');
insert into Reviews (Review_id, ISBN, User_id, Review_date, Text, Score, Status) values (241, '813320838-6', 34, '2023-04-11', 'ut suscipit a feugiat et eros vestibulum ac est lacinia nisi venenatis tristique fusce congue diam id ornare imperdiet sapien urna pretium nisl ut volutpat sapien arcu sed augue aliquam erat volutpat in congue etiam justo etiam pretium iaculis justo in hac habitasse platea dictumst etiam faucibus cursus urna ut tellus nulla ut erat id mauris vulputate elementum nullam varius nulla facilisi cras non velit nec nisi vulputate nonummy maecenas tincidunt lacus at velit vivamus vel nulla', 3, 'GRANTED');
insert into Reviews (Review_id, ISBN, User_id, Review_date, Text, Score, Status) values (242, '940271712-9', 11, '2023-07-18', 'luctus ultricies eu nibh quisque id justo sit amet sapien dignissim vestibulum vestibulum ante ipsum primis in faucibus orci luctus et ultrices', 3, 'GRANTED');
insert into Reviews (Review_id, ISBN, User_id, Review_date, Text, Score, Status) values (243, '271300504-3', 75, '2023-05-26', 'suspendisse potenti cras in purus eu magna vulputate luctus cum sociis natoque penatibus et magnis dis parturient montes nascetur ridiculus mus vivamus vestibulum sagittis sapien cum sociis natoque penatibus', 4, 'GRANTED');
insert into Reviews (Review_id, ISBN, User_id, Review_date, Text, Score, Status) values (244, '848735059-3', 4, '2021-07-29', 'a pede posuere nonummy integer non velit donec diam neque vestibulum eget vulputate ut ultrices vel augue vestibulum ante ipsum primis in faucibus orci luctus et ultrices posuere cubilia curae donec pharetra magna vestibulum aliquet ultrices erat tortor sollicitudin mi sit amet lobortis sapien sapien non mi integer ac neque duis bibendum morbi non quam nec dui luctus rutrum nulla tellus in sagittis dui vel nisl duis ac nibh fusce lacus purus aliquet at feugiat non pretium quis lectus suspendisse potenti in eleifend quam a odio in hac habitasse platea dictumst maecenas ut', 2, 'GRANTED');
insert into Reviews (Review_id, ISBN, User_id, Review_date, Text, Score, Status) values (245, '034396504-6', 52, '2022-05-12', 'suscipit a feugiat et eros vestibulum ac est lacinia nisi venenatis tristique fusce congue diam id ornare imperdiet sapien urna pretium nisl ut volutpat sapien arcu sed augue aliquam erat volutpat in congue', 4, 'GRANTED');
insert into Reviews (Review_id, ISBN, User_id, Review_date, Text, Score, Status) values (246, '467960431-X', 65, '2022-05-24', 'tellus in sagittis dui vel nisl duis ac nibh fusce lacus purus aliquet at feugiat non pretium quis lectus suspendisse potenti in eleifend quam a odio in hac habitasse platea dictumst maecenas ut massa quis augue luctus tincidunt nulla mollis molestie lorem quisque ut erat curabitur gravida nisi at nibh in hac habitasse platea dictumst aliquam augue quam sollicitudin vitae consectetuer eget rutrum at lorem integer tincidunt ante vel ipsum praesent blandit lacinia erat vestibulum sed magna at nunc commodo placerat praesent blandit nam nulla integer pede justo lacinia eget tincidunt', 1, 'GRANTED');
insert into Reviews (Review_id, ISBN, User_id, Review_date, Text, Score, Status) values (247, '705928918-6', 46, '2022-03-08', 'aliquet massa id lobortis convallis tortor risus dapibus augue vel accumsan tellus nisi eu orci mauris lacinia sapien quis libero nullam sit amet turpis elementum ligula vehicula consequat morbi a ipsum integer a nibh in quis justo maecenas rhoncus aliquam lacus morbi quis tortor id nulla ultrices aliquet maecenas leo odio condimentum id luctus nec molestie sed justo pellentesque viverra pede ac diam cras pellentesque volutpat dui maecenas tristique est et tempus semper est quam pharetra magna ac consequat metus sapien', 2, 'GRANTED');
insert into Reviews (Review_id, ISBN, User_id, Review_date, Text, Score, Status) values (248, '080366475-3', 12, '2021-12-22', 'hendrerit at vulputate vitae nisl aenean lectus pellentesque eget nunc donec quis orci eget orci vehicula condimentum curabitur in libero ut massa volutpat convallis morbi', 4, 'GRANTED');
insert into Reviews (Review_id, ISBN, User_id, Review_date, Text, Score, Status) values (249, '312846511-8', 53, '2022-05-07', 'ligula nec sem duis aliquam convallis nunc proin at turpis a pede posuere nonummy integer non velit donec diam neque vestibulum eget vulputate ut ultrices vel augue vestibulum ante ipsum primis in faucibus orci luctus et ultrices posuere cubilia curae donec pharetra magna vestibulum aliquet ultrices erat tortor sollicitudin mi sit amet lobortis sapien sapien non mi integer ac neque duis bibendum morbi non quam nec dui luctus rutrum nulla tellus in sagittis dui vel nisl duis ac nibh fusce lacus purus aliquet at feugiat non pretium quis lectus suspendisse potenti in', 3, 'GRANTED');
insert into Reviews (Review_id, ISBN, User_id, Review_date, Text, Score, Status) values (250, '035653718-8', 63, '2022-01-24', 'cum sociis natoque penatibus et magnis dis parturient montes nascetur ridiculus mus vivamus vestibulum sagittis sapien cum sociis natoque penatibus et magnis dis parturient montes nascetur ridiculus mus etiam vel augue vestibulum rutrum rutrum neque aenean auctor gravida sem praesent id massa id nisl venenatis lacinia aenean sit amet justo morbi ut odio cras mi pede malesuada in imperdiet et commodo vulputate justo in blandit ultrices enim lorem ipsum dolor sit amet consectetuer adipiscing elit proin interdum mauris non ligula pellentesque ultrices phasellus id', 2, 'GRANTED');

/* INSERT NEW BORROWS */

insert into Borrows (User_id, Borrow_date, Return_date, Book_id) values (20, '2023-05-28', null, 272);
insert into Borrows (User_id, Borrow_date, Return_date, Book_id) values (37, '2023-06-01', null, 238);
insert into Borrows (User_id, Borrow_date, Return_date, Book_id) values (61, '2023-05-26', null, 268);
insert into Borrows (User_id, Borrow_date, Return_date, Book_id) values (43, '2023-05-25', null, 109);
insert into Borrows (User_id, Borrow_date, Return_date, Book_id) values (38, '2023-05-25', null, 202);
insert into Borrows (User_id, Borrow_date, Return_date, Book_id) values (25, '2023-05-26', null, 95);
insert into Borrows (User_id, Borrow_date, Return_date, Book_id) values (10, '2023-05-26', null, 173);
insert into Borrows (User_id, Borrow_date, Return_date, Book_id) values (2, '2023-05-26', null, 280);
insert into Borrows (User_id, Borrow_date, Return_date, Book_id) values (61, '2023-05-25', null, 61);
insert into Borrows (User_id, Borrow_date, Return_date, Book_id) values (69, '2023-05-30', null, 233);